transaction_id,customer_id,kyc_verified,account_age_days,transaction_amount,hour,day,weekday,channel_atm,channel_mobile,channel_pos,channel_web,timestamp,is_fraud
TXN_200000,CUST_799,1,0.3479424556707929,0.8928821539290853,2,12,1,0,1,0,0,2025-08-12 02:10:24,0
TXN_200001,CUST_484,1,0.09534961525593844,0.01932890611505808,1,25,0,0,1,0,0,2025-08-25 01:14:31,0
TXN_200002,CUST_791,1,0.6935429909668785,0.01202330002235746,12,17,6,0,1,0,0,2025-08-17 12:12:40,0
TXN_200003,CUST_664,1,0.9297423887587821,0.9594824231628769,6,7,3,0,0,1,0,2025-08-07 06:23:54,0
TXN_200004,CUST_157,1,0.22883907661425226,0.339380199933001,21,20,2,0,0,1,0,2025-08-20 21:55:54,0
TXN_200005,CUST_654,1,0.5399799263967882,0.04787637501630996,12,17,6,0,1,0,0,2025-08-17 12:32:58,0
TXN_200006,CUST_288,1,0.8350618936099029,0.01693333877494323,1,23,5,1,0,0,0,2025-08-23 01:48:53,0
TXN_200007,CUST_135,0,0.6661090665774506,0.014765088043744386,7,2,5,0,0,0,1,2025-08-02 07:31:35,0
TXN_200008,CUST_738,1,0.758113081298093,0.052373746694248206,3,10,6,0,0,0,1,2025-08-10 03:59:35,0
TXN_200009,CUST_639,1,0.6590833054533288,0.014828037258521127,0,24,6,0,0,0,1,2025-08-24 00:20:12,0
TXN_200010,CUST_526,1,0.46436935429909665,0.2393888694387472,3,23,5,0,1,0,0,2025-08-23 03:36:52,0
TXN_200011,CUST_234,1,0.9969889595182335,0.06775433817136518,7,14,3,0,0,0,1,2025-08-14 07:00:26,0
TXN_200012,CUST_625,1,0.6513884242221478,0.4360981712588643,23,22,4,0,0,0,1,2025-08-22 23:22:59,0
TXN_200013,CUST_137,0,0.2268317162930746,0.018874272897226065,6,12,1,0,0,0,1,2025-08-12 06:32:45,1
TXN_200014,CUST_584,0,0.4596855135496822,0.03751073764974,11,12,1,0,1,0,0,2025-08-12 11:08:57,0
TXN_200015,CUST_408,0,0.1753094680495149,0.7467525461820793,21,6,2,0,0,0,1,2025-08-06 21:54:51,1
TXN_200016,CUST_777,1,0.8380729340916694,0.15238606026009424,4,5,1,0,0,0,1,2025-08-05 04:51:42,0
TXN_200017,CUST_381,1,0.8805620608899297,0.021374755595302154,6,20,2,0,1,0,0,2025-08-20 06:50:29,0
TXN_200018,CUST_127,1,0.6945466711274674,0.020143748728557002,8,9,5,0,1,0,0,2025-08-09 08:05:24,0
TXN_200019,CUST_451,1,0.15122114419538307,0.04533392617504938,19,20,2,0,0,0,1,2025-08-20 19:00:24,0
TXN_200020,CUST_612,1,0.08330545332887253,0.03296090829282114,0,4,0,0,1,0,0,2025-08-04 00:43:17,0
TXN_200021,CUST_435,1,0.3318835731013717,0.4920949949813738,12,4,0,0,1,0,0,2025-08-04 12:37:16,1
TXN_200022,CUST_630,1,0.727333556373369,0.6152831111208565,15,18,0,0,0,0,1,2025-08-18 15:40:14,1
TXN_200023,CUST_194,1,0.335898293743727,0.009491342716893003,5,19,1,1,0,0,0,2025-08-19 05:43:22,0
TXN_200024,CUST_682,1,0.6935429909668785,0.01346413760502508,23,3,6,1,0,0,0,2025-08-03 23:34:35,0
TXN_200025,CUST_641,1,0.12679826028772165,0.04063721531698479,12,16,5,0,0,0,1,2025-08-16 12:58:49,0
TXN_200026,CUST_507,0,0.3054533288725326,0.4652016915573107,0,18,0,0,0,1,0,2025-08-18 00:07:21,1
TXN_200027,CUST_212,1,0.8892606222816996,0.021867857777719955,17,2,5,0,0,0,1,2025-08-02 17:09:39,0
TXN_200028,CUST_424,0,0.3763800602208096,0.017073225918891544,15,17,6,1,0,0,0,2025-08-17 15:07:56,0
TXN_200029,CUST_106,1,0.38942790230846436,0.03053036916671921,18,17,6,0,1,0,0,2025-08-17 18:54:19,0
TXN_200030,CUST_309,1,0.7423887587822013,0.014016691823620916,10,11,0,1,0,0,0,2025-08-11 10:07:23,0
TXN_200031,CUST_242,1,0.9735697557711609,0.012670278063118406,12,22,4,0,1,0,0,2025-08-22 12:04:51,0
TXN_200032,CUST_787,1,0.5550351288056206,0.01435941532629428,10,11,0,0,0,1,0,2025-08-11 10:20:41,0
TXN_200033,CUST_514,1,0.29106724657075944,0.012131712558917401,21,6,2,0,1,0,0,2025-08-06 21:43:40,0
TXN_200034,CUST_217,0,0.4125125460020074,0.014904975187692699,22,2,5,1,0,0,0,2025-08-02 22:11:31,0
TXN_200035,CUST_689,1,0.1612579458012713,0.018828809575442865,11,16,5,1,0,0,0,2025-08-16 11:34:01,0
TXN_200036,CUST_122,1,0.5550351288056206,0.039815378346288455,2,3,6,1,0,0,0,2025-08-03 02:09:23,0
TXN_200037,CUST_397,0,0.16393442622950818,0.14353120404816605,20,3,6,0,1,0,0,2025-08-03 20:20:13,0
TXN_200038,CUST_610,1,0.21344931415189025,0.01501338772425264,19,4,0,0,1,0,0,2025-08-04 19:57:44,0
TXN_200039,CUST_171,0,0.9601873536299765,0.6616766824113144,6,1,4,1,0,0,0,2025-08-01 06:53:21,0
TXN_200040,CUST_521,1,0.6142522582803613,0.01752785913672356,16,18,0,1,0,0,0,2025-08-18 16:29:31,0
TXN_200041,CUST_303,1,0.8956172632987621,0.6269462017475471,19,22,4,0,1,0,0,2025-08-22 19:35:32,0
TXN_200042,CUST_324,1,0.2345265975242556,0.013506103748209573,18,14,3,0,1,0,0,2025-08-14 18:02:50,0
TXN_200043,CUST_115,1,0.38842422214787553,0.02182938881313417,17,13,2,0,1,0,0,2025-08-13 17:49:47,0
TXN_200044,CUST_662,1,0.3626630980260957,1.0,19,4,0,0,1,0,0,2025-08-04 19:29:58,0
TXN_200045,CUST_111,0,0.8665105386416861,0.020119268478366047,6,3,6,1,0,0,0,2025-08-03 06:03:48,0
TXN_200046,CUST_365,1,0.15021746403479425,0.5644026596882565,6,9,5,0,1,0,0,2025-08-09 06:00:46,1
TXN_200047,CUST_313,1,0.24723987955838073,0.007942092597665443,15,3,6,0,0,0,1,2025-08-03 15:37:50,1
TXN_200048,CUST_166,1,0.9501505520240883,0.015541461692657521,13,4,0,0,1,0,0,2025-08-04 13:51:34,0
TXN_200049,CUST_693,1,0.15925058548009366,0.020990065949444293,17,25,0,0,0,0,1,2025-08-25 17:38:44,0
TXN_200050,CUST_377,0,0.20541987286717964,0.03975242913151171,19,13,2,0,0,0,1,2025-08-13 19:29:20,0
TXN_200051,CUST_114,1,0.9243894279023085,0.47308782929739684,1,19,1,0,0,0,1,2025-08-19 01:58:11,0
TXN_200052,CUST_174,1,0.7771830043492807,0.03184530831983334,17,10,6,0,1,0,0,2025-08-10 17:52:50,0
TXN_200053,CUST_175,0,0.8738708598193375,0.012708747027704193,20,6,2,1,0,0,0,2025-08-06 20:03:37,0
TXN_200054,CUST_693,1,0.2191368350618936,0.04858979945044636,17,21,3,1,0,0,0,2025-08-21 17:24:03,0
TXN_200055,CUST_354,1,0.19672131147540983,0.021720976276574225,7,1,4,0,1,0,0,2025-08-01 07:18:19,0
TXN_200056,CUST_232,1,0.7346938775510203,0.016027569517877906,14,9,5,0,1,0,0,2025-08-09 14:30:05,0
TXN_200057,CUST_755,1,0.04717296754767481,0.048414940520510964,15,3,6,0,1,0,0,2025-08-03 15:31:07,0
TXN_200058,CUST_184,1,0.54700568752091,0.01661159834386211,5,10,6,0,1,0,0,2025-08-10 05:37:29,0
TXN_200059,CUST_782,0,0.5306122448979592,0.028257203077559127,22,17,6,0,1,0,0,2025-08-17 22:30:51,0
TXN_200060,CUST_389,0,0.12746738039478087,0.006333390442259849,18,15,4,0,1,0,0,2025-08-15 18:21:30,0
TXN_200061,CUST_100,1,0.02776848444295751,0.6944312571668118,5,17,6,0,0,0,1,2025-08-17 05:17:53,0
TXN_200062,CUST_211,0,0.3904315824690532,0.02736192535628993,20,20,2,0,0,0,1,2025-08-20 20:43:07,0
TXN_200063,CUST_609,1,0.39979926396788223,0.5114693644182151,19,11,0,0,0,0,1,2025-08-11 19:55:08,1
TXN_200064,CUST_720,1,0.26497156239545,0.040819068604117596,7,12,1,0,0,0,1,2025-08-12 07:14:15,0
TXN_200065,CUST_430,1,0.1565741050518568,0.39332417981806905,2,14,3,0,1,0,0,2025-08-14 02:28:54,0
TXN_200066,CUST_795,1,0.39277350284376045,0.05276892787590219,10,20,2,1,0,0,0,2025-08-20 10:34:52,0
TXN_200067,CUST_496,1,0.4449648711943794,0.02521465769668333,8,13,2,1,0,0,0,2025-08-13 08:35:08,0
TXN_200068,CUST_267,1,0.8872532619605219,0.010075371542877208,0,14,3,0,0,0,1,2025-08-14 00:38:36,0
TXN_200069,CUST_140,1,0.9996654399464704,0.03535297845433728,12,21,3,0,0,0,1,2025-08-21 12:30:49,0
TXN_200070,CUST_334,1,0.7922382067581131,0.028418073293099685,1,19,1,0,0,1,0,2025-08-19 01:59:25,0
TXN_200071,CUST_742,1,0.21813315490130478,0.03794438779597977,15,13,2,0,1,0,0,2025-08-13 15:34:41,0
TXN_200072,CUST_267,1,0.4891267982602877,0.053017227556410446,21,7,3,0,0,1,0,2025-08-07 21:36:20,0
TXN_200073,CUST_747,1,0.17062562730010036,0.2451557169480164,1,23,5,0,1,0,0,2025-08-23 01:17:43,0
TXN_200074,CUST_709,1,0.688859150217464,0.03516063363140835,1,5,1,0,0,1,0,2025-08-05 01:24:00,0
TXN_200075,CUST_393,1,0.5192372030779525,0.038262631048462184,17,7,3,0,0,1,0,2025-08-07 17:11:45,0
TXN_200076,CUST_565,1,0.5449983271997323,0.07943841186964798,16,25,0,0,1,0,0,2025-08-25 16:23:23,0
TXN_200077,CUST_162,1,0.16560722649715623,0.02179441702714709,23,9,5,0,1,0,0,2025-08-09 23:27:39,0
TXN_200078,CUST_216,1,0.6169287387085982,0.021850371884726414,7,20,2,1,0,0,0,2025-08-20 07:06:27,0
TXN_200079,CUST_541,1,0.9123452659752426,0.017038254132904464,19,22,4,0,1,0,0,2025-08-22 19:07:55,0
TXN_200080,CUST_660,1,0.2609568417530947,0.012222639202483804,21,19,1,0,1,0,0,2025-08-19 21:18:31,0
TXN_200081,CUST_575,1,0.2699899631983941,0.028792271403161422,15,24,6,0,1,0,0,2025-08-24 15:06:59,0
TXN_200082,CUST_413,1,0.3251923720307795,0.03515363927421094,16,9,5,0,1,0,0,2025-08-09 16:43:23,0
TXN_200083,CUST_458,1,0.343593174974908,0.6362172222127215,20,12,1,0,0,0,1,2025-08-12 20:54:55,1
TXN_200084,CUST_495,1,0.07259953161592506,0.01207226052273937,17,15,4,0,0,1,0,2025-08-15 17:53:40,0
TXN_200085,CUST_584,1,0.7243225158916026,0.017713209602455073,12,6,2,0,0,0,1,2025-08-06 12:39:40,0
TXN_200086,CUST_105,1,0.7865506858481097,0.004815614930420659,5,14,3,0,0,1,0,2025-08-14 05:04:59,0
TXN_200087,CUST_607,1,0.38608230177316827,0.021206891022564178,16,5,1,0,1,0,0,2025-08-05 16:25:09,0
TXN_200088,CUST_779,1,0.48645031783205084,0.01661509552246082,6,25,0,0,1,0,0,2025-08-25 06:05:00,0
TXN_200089,CUST_743,1,0.5496821679491468,0.057549571020335775,0,15,4,0,1,0,0,2025-08-15 00:02:59,0
TXN_200090,CUST_217,0,0.0006691201070592174,0.02384376368598987,18,13,2,0,1,0,0,2025-08-13 18:17:11,0
TXN_200091,CUST_540,1,0.4128471060555369,0.0591302957469517,14,1,4,0,1,0,0,2025-08-01 14:46:42,0
TXN_200092,CUST_257,1,0.4570090331214453,0.006606170372959058,16,6,2,0,1,0,0,2025-08-06 16:44:20,0
TXN_200093,CUST_658,1,0.8270324523251924,0.007767233667730053,8,9,5,0,0,0,1,2025-08-09 08:45:11,0
TXN_200094,CUST_512,1,0.9819337571094011,0.052041514727370966,13,17,6,0,1,0,0,2025-08-17 13:58:23,0
TXN_200095,CUST_251,1,0.12780194044831047,0.008980754641481663,22,2,5,0,0,0,1,2025-08-02 22:36:43,0
TXN_200096,CUST_771,1,0.5138842422214788,0.028320152292335872,14,12,1,0,0,0,1,2025-08-12 14:52:09,0
TXN_200097,CUST_479,1,0.016728002676480426,1.0,16,14,3,0,1,0,0,2025-08-14 16:22:58,0
TXN_200098,CUST_626,1,0.30277684844429575,0.03042895098735668,3,14,3,0,1,0,0,2025-08-14 03:55:39,0
TXN_200099,CUST_350,1,0.7661425225828036,0.027533287107626613,15,2,5,0,0,0,1,2025-08-02 15:15:46,0
TXN_200100,CUST_341,1,0.7397122783539645,0.00671808008811771,2,4,0,0,1,0,0,2025-08-04 02:38:16,0
TXN_200101,CUST_469,1,0.4964871194379391,0.031089917742512456,0,16,5,0,1,0,0,2025-08-16 00:25:26,0
TXN_200102,CUST_376,1,0.5550351288056206,0.03567821606401711,11,7,3,0,0,1,0,2025-08-07 11:31:14,0
TXN_200103,CUST_307,1,0.20441619270659084,0.246991735712338,12,4,0,0,0,1,0,2025-08-04 12:24:09,0
TXN_200104,CUST_179,1,0.46738039478086313,0.03019464002124326,8,21,3,0,0,0,1,2025-08-21 08:32:42,0
TXN_200105,CUST_391,0,0.06992305118768818,0.1066184839388051,20,18,0,0,1,0,0,2025-08-18 20:22:29,1
TXN_200106,CUST_137,1,0.22080963532954165,0.03441923176848229,13,8,4,0,0,1,0,2025-08-08 13:44:41,0
TXN_200107,CUST_321,1,0.907661425225828,0.98523914354236,22,15,4,0,0,0,1,2025-08-15 22:17:26,0
TXN_200108,CUST_773,1,0.24155235864837737,0.07283224149668892,14,24,6,1,0,0,0,2025-08-24 14:59:18,0
TXN_200109,CUST_354,1,0.18735362997658078,0.023354158682170775,9,14,3,0,1,0,0,2025-08-14 09:18:55,0
TXN_200110,CUST_691,0,0.9732351957176313,0.017353000206788167,5,11,0,0,1,0,0,2025-08-11 05:36:07,0
TXN_200111,CUST_494,1,0.5891602542656407,0.05834692774084115,5,10,6,0,0,1,0,2025-08-10 05:26:18,0
TXN_200112,CUST_782,1,0.40013382402141184,0.09438885037912388,14,6,2,1,0,0,0,2025-08-06 14:07:09,0
TXN_200113,CUST_491,1,0.9441284710605553,0.037140036718276974,1,10,6,0,1,0,0,2025-08-10 01:32:00,0
TXN_200114,CUST_713,1,0.20608899297423885,0.030208628735638086,0,16,5,1,0,0,0,2025-08-16 00:39:32,0
TXN_200115,CUST_467,1,0.1756440281030445,0.6304818493108407,17,24,6,0,0,0,1,2025-08-24 17:54:13,0
TXN_200116,CUST_445,1,0.9829374372699899,0.06459988307533072,16,18,0,0,0,0,1,2025-08-18 16:01:18,0
TXN_200117,CUST_319,1,0.7450652392104382,0.02790748521768835,6,19,1,0,0,1,0,2025-08-19 06:52:02,0
TXN_200118,CUST_290,1,0.02040816326530612,0.014565748863618042,17,6,2,0,0,0,1,2025-08-06 17:10:53,0
TXN_200119,CUST_106,1,0.5831381733021077,0.021846874706127707,22,6,2,0,1,0,0,2025-08-06 22:18:23,0
TXN_200120,CUST_471,1,0.6998996319839411,0.02620785641871635,5,3,6,0,1,0,0,2025-08-03 05:33:40,0
TXN_200121,CUST_446,0,0.5791234526597524,0.055759015577797374,12,15,4,0,1,0,0,2025-08-15 12:51:39,1
TXN_200122,CUST_488,1,0.00669120107059217,0.029376300229145627,17,19,1,0,0,1,0,2025-08-19 17:01:06,0
TXN_200123,CUST_416,1,0.34593509534961525,0.015331630976735053,5,10,6,0,0,1,0,2025-08-10 05:56:51,0
TXN_200124,CUST_676,1,0.4416192706590833,0.0147266190791586,23,16,5,0,1,0,0,2025-08-16 23:05:05,0
TXN_200125,CUST_422,1,0.3713616594178655,0.047673538657584905,2,5,1,1,0,0,0,2025-08-05 02:30:55,0
TXN_200126,CUST_522,1,0.8126463700234192,0.7355790605592079,5,22,4,0,0,0,1,2025-08-22 05:37:42,0
TXN_200127,CUST_637,1,0.7189695550351288,0.08563541234655822,6,8,4,0,0,1,0,2025-08-08 06:17:33,0
TXN_200128,CUST_654,1,0.8969555035128806,0.05606327011588495,15,2,5,0,1,0,0,2025-08-02 15:38:42,0
TXN_200129,CUST_455,1,0.5045165607226497,0.0211264559147939,7,9,5,0,0,1,0,2025-08-09 07:12:09,0
TXN_200130,CUST_351,1,0.6778186684509869,0.03822066490527769,18,23,5,1,0,0,0,2025-08-23 18:12:32,0
TXN_200131,CUST_642,1,0.3054533288725326,0.23234555174094967,7,4,0,0,0,0,1,2025-08-04 07:44:20,0
TXN_200132,CUST_437,1,0.4463031114084978,0.014758093686546972,19,6,2,0,1,0,0,2025-08-06 19:22:57,0
TXN_200133,CUST_695,1,0.3636667781866845,0.0801588306609818,23,13,2,0,1,0,0,2025-08-13 23:29:09,0
TXN_200134,CUST_499,0,0.4416192706590833,0.02211615745822821,23,15,4,0,0,1,0,2025-08-15 23:04:27,1
TXN_200135,CUST_234,1,0.5550351288056206,0.013292775853688397,10,11,0,0,0,0,1,2025-08-11 10:53:59,0
TXN_200136,CUST_301,1,0.10371361659417865,0.009029715141863574,4,21,3,0,0,0,1,2025-08-21 04:41:42,0
TXN_200137,CUST_306,1,0.5965205754432921,0.049565512279485836,8,1,4,0,0,0,1,2025-08-01 08:35:11,0
TXN_200138,CUST_227,1,0.07159585145533623,0.04814565776841046,3,15,4,0,1,0,0,2025-08-15 03:31:53,0
TXN_200139,CUST_689,1,0.5553696888591502,0.0451660616023114,3,12,1,0,0,1,0,2025-08-12 03:10:45,0
TXN_200140,CUST_603,1,0.6925393108062897,0.029635091445450006,21,11,0,0,0,1,0,2025-08-11 21:46:10,0
TXN_200141,CUST_712,1,0.3626630980260957,0.18758166567748968,19,16,5,0,0,0,1,2025-08-16 19:57:21,0
TXN_200142,CUST_734,1,0.9220475075276012,0.8732175186685512,17,3,6,0,0,0,1,2025-08-03 17:38:35,1
TXN_200143,CUST_402,1,0.42121110739377715,0.018129373855701302,8,15,4,0,0,0,1,2025-08-15 08:18:48,0
TXN_200144,CUST_378,1,0.742723318835731,0.01412160718158215,2,18,0,0,0,0,1,2025-08-18 02:00:09,0
TXN_200145,CUST_464,0,0.9859484777517564,0.016608101165263404,7,20,2,0,0,1,0,2025-08-20 07:01:59,0
TXN_200146,CUST_309,1,0.02776848444295751,0.0426550873684392,8,14,3,0,1,0,0,2025-08-14 08:33:15,0
TXN_200147,CUST_146,0,0.6784877885580461,0.04494224217199411,5,1,4,0,1,0,0,2025-08-01 05:31:29,0
TXN_200148,CUST_615,1,0.257276681164269,0.7683825958150872,6,5,1,0,1,0,0,2025-08-05 06:57:18,0
TXN_200149,CUST_440,1,0.45433255269320844,0.055779998649389616,18,19,1,0,1,0,0,2025-08-19 18:02:14,0
TXN_200150,CUST_781,1,0.9882903981264637,0.013586538855979852,9,10,6,0,1,0,0,2025-08-10 09:44:23,0
TXN_200151,CUST_225,1,0.3556373369019739,0.745871257175205,3,18,0,0,0,0,1,2025-08-18 03:59:21,0
TXN_200152,CUST_382,1,0.9023084643693543,0.04938365899235303,19,6,2,0,1,0,0,2025-08-06 19:55:40,0
TXN_200153,CUST_507,1,0.4620274339243894,0.0377765232232418,21,16,5,0,0,1,0,2025-08-16 21:17:00,0
TXN_200154,CUST_139,1,0.622281699565072,0.031026968527735718,7,5,1,0,1,0,0,2025-08-05 07:40:06,0
TXN_200155,CUST_327,1,0.28471060555369687,0.019692612689323694,12,2,5,1,0,0,0,2025-08-02 12:04:53,0
TXN_200156,CUST_650,1,0.4021411843425895,0.04799877626726473,5,8,4,0,0,0,1,2025-08-08 05:45:30,0
TXN_200157,CUST_398,1,0.767480762796922,0.03253774968237749,6,21,3,0,1,0,0,2025-08-21 06:59:58,0
TXN_200158,CUST_692,1,0.744396119103379,0.055160998037418335,0,3,6,0,1,0,0,2025-08-03 00:13:20,0
TXN_200159,CUST_393,1,0.2348611575777852,0.019437318651618025,15,11,0,0,0,0,1,2025-08-11 15:05:01,0
TXN_200160,CUST_316,1,0.2612914018066243,0.026620523493363874,9,15,4,0,1,0,0,2025-08-15 09:32:05,0
TXN_200161,CUST_165,1,0.6182669789227166,0.03340504997485703,21,5,1,0,0,0,1,2025-08-05 21:14:49,0
TXN_200162,CUST_260,1,0.08531281365005018,0.024508227619744354,20,10,6,0,1,0,0,2025-08-10 20:12:20,0
TXN_200163,CUST_299,1,0.2813650050184008,0.012635306277131327,3,20,2,0,0,1,0,2025-08-20 03:01:47,0
TXN_200164,CUST_374,1,0.867514218802275,0.30657666467712175,8,10,6,0,1,0,0,2025-08-10 08:31:37,0
TXN_200165,CUST_323,1,0.7092673134827702,0.053066188056792356,2,14,3,0,0,0,1,2025-08-14 02:32:53,0
TXN_200166,CUST_521,1,0.046169287387085985,0.010925185942363209,11,3,6,0,1,0,0,2025-08-03 11:46:04,0
TXN_200167,CUST_407,1,0.08798929407828705,0.04026651438552176,6,18,0,0,0,0,1,2025-08-18 06:45:45,0
TXN_200168,CUST_481,1,0.650384744061559,0.05240522130163658,18,23,5,1,0,0,0,2025-08-23 18:49:53,0
TXN_200169,CUST_688,1,0.15991970558715288,0.007767233667730053,16,17,6,0,0,0,1,2025-08-17 16:10:54,0
TXN_200170,CUST_649,1,0.8113081298093008,0.19592243663540782,14,1,4,0,1,0,0,2025-08-01 14:18:56,0
TXN_200171,CUST_514,1,0.26965540314486447,0.8289152601801207,13,15,4,0,1,0,0,2025-08-15 13:04:58,0
TXN_200172,CUST_557,1,0.7985948477751756,0.022028727993260513,19,5,1,0,0,0,1,2025-08-05 19:22:34,0
TXN_200173,CUST_602,1,0.49514887922382067,0.02062985655377739,23,14,3,0,1,0,0,2025-08-14 23:16:38,0
TXN_200174,CUST_128,1,0.06390097022415524,0.07377647971834003,12,8,4,0,0,0,1,2025-08-08 12:45:05,0
TXN_200175,CUST_382,0,0.16995650719304115,0.05209746958495029,7,9,5,0,1,0,0,2025-08-09 07:58:44,0
TXN_200176,CUST_225,1,0.09568417530946804,0.018174837177484506,7,12,1,0,1,0,0,2025-08-12 07:17:54,0
TXN_200177,CUST_125,1,0.9468049514887922,0.015167263582595784,9,2,5,1,0,0,0,2025-08-02 09:39:37,0
TXN_200178,CUST_193,1,0.21311475409836064,0.1508892678198473,10,3,6,0,1,0,0,2025-08-03 10:29:29,0
TXN_200179,CUST_745,1,0.5443292070926731,0.020528438374414863,21,16,5,0,0,1,0,2025-08-16 21:51:53,0
TXN_200180,CUST_716,1,0.9377718300434927,0.006071102047356764,15,21,3,0,1,0,0,2025-08-21 15:42:55,0
TXN_200181,CUST_354,1,0.9126798260287722,0.04542834999721449,15,11,0,0,1,0,0,2025-08-11 15:23:14,0
TXN_200182,CUST_200,1,0.1950485112077618,0.8375497941403303,7,11,0,0,1,0,0,2025-08-11 07:09:02,0
TXN_200183,CUST_109,1,0.18200066912010704,0.008980754641481663,0,12,1,0,1,0,0,2025-08-12 00:06:42,0
TXN_200184,CUST_767,0,0.9732351957176313,0.012789182135474472,20,17,6,0,0,1,0,2025-08-17 20:50:08,0
TXN_200185,CUST_283,1,0.608564737370358,0.5877358352988351,12,12,1,0,0,0,1,2025-08-12 12:43:15,0
TXN_200186,CUST_576,1,0.7283372365339579,0.025291595625854903,14,19,1,1,0,0,0,2025-08-19 14:11:40,0
TXN_200187,CUST_739,1,0.7467380394780863,0.03837454076362083,6,18,0,0,0,1,0,2025-08-18 06:52:17,0
TXN_200188,CUST_544,1,0.3285379725660756,0.053702674561757174,5,23,5,0,0,0,1,2025-08-23 05:32:32,0
TXN_200189,CUST_707,1,0.998327199732352,0.0191120810419382,2,12,1,0,0,0,1,2025-08-12 02:31:31,0
TXN_200190,CUST_175,1,0.915356306457009,0.7262765654866451,20,25,0,0,1,0,0,2025-08-25 20:59:48,0
TXN_200191,CUST_243,1,0.0976915356306457,0.01528616765495185,11,17,6,0,1,0,0,2025-08-17 11:43:19,0
TXN_200192,CUST_480,1,0.5423218467714954,0.02686182881667471,13,19,1,0,0,1,0,2025-08-19 13:23:45,0
TXN_200193,CUST_189,1,0.6684509869521579,0.010767812905421358,18,2,5,0,1,0,0,2025-08-02 18:25:46,0
TXN_200194,CUST_654,1,0.8902643024422884,0.008512132709254817,7,11,0,0,0,0,1,2025-08-11 07:05:08,0
TXN_200195,CUST_423,1,0.24088323854131816,0.06761794820601558,16,23,5,1,0,0,0,2025-08-23 16:40:09,0
TXN_200196,CUST_102,1,0.16627634660421545,0.05037685771438605,9,18,0,1,0,0,0,2025-08-18 09:01:15,0
TXN_200197,CUST_774,1,0.8517898962863834,0.03816121286909965,15,23,5,0,1,0,0,2025-08-23 15:30:37,0
TXN_200198,CUST_609,1,0.7477417196386751,0.9149878198515174,13,5,1,0,1,0,0,2025-08-05 13:36:16,0
TXN_200199,CUST_599,1,0.29842756774841084,0.0390320103401779,18,3,6,1,0,0,0,2025-08-03 18:17:31,0
TXN_200200,CUST_439,1,0.1488792238206758,0.9863372576223542,11,16,5,0,0,1,0,2025-08-16 11:18:39,0
TXN_200201,CUST_345,0,0.2462361993977919,0.06631000341009885,20,5,1,0,1,0,0,2025-08-05 20:57:12,0
TXN_200202,CUST_706,1,0.7253261960521914,0.06598476580041902,10,20,2,0,1,0,0,2025-08-20 10:01:36,0
TXN_200203,CUST_397,1,0.7648042823686851,0.0244837473695534,10,25,0,0,1,0,0,2025-08-25 10:30:03,0
TXN_200204,CUST_459,1,0.7002341920374707,0.2521360854310372,8,2,5,0,0,0,1,2025-08-02 08:58:54,0
TXN_200205,CUST_524,1,0.29207092673134827,0.013939753894449344,4,18,0,0,0,0,1,2025-08-18 04:32:00,0
TXN_200206,CUST_179,1,0.7517564402810304,0.8681640955934185,2,22,4,0,0,0,1,2025-08-22 02:13:53,1
TXN_200207,CUST_325,1,0.6574105051856808,0.012170181523503187,15,25,0,0,1,0,0,2025-08-25 15:56:52,0
TXN_200208,CUST_161,1,0.05955168952827033,0.04239629615213482,8,21,3,0,0,0,1,2025-08-21 08:15:16,0
TXN_200209,CUST_741,0,0.019404483104717297,0.0735421687522266,4,7,3,0,1,0,0,2025-08-07 04:29:44,0
TXN_200210,CUST_762,0,0.4148544663767146,0.02707515671119589,23,3,6,0,0,0,1,2025-08-03 23:22:07,0
TXN_200211,CUST_216,1,0.7303445968551355,0.004231586104436454,23,17,6,0,0,0,1,2025-08-17 23:25:05,0
TXN_200212,CUST_541,1,0.7320173971227835,0.015667360122211003,12,8,4,0,0,0,1,2025-08-08 12:07:32,0
TXN_200213,CUST_184,1,0.7022415523586484,0.03839902101381179,9,23,5,0,1,0,0,2025-08-23 09:21:15,0
TXN_200214,CUST_481,1,0.5413181666109066,0.022287519209564892,17,20,2,1,0,0,0,2025-08-20 17:39:20,0
TXN_200215,CUST_530,1,0.5001672800267648,0.43159030804512993,21,8,4,0,1,0,0,2025-08-08 21:24:08,1
TXN_200216,CUST_483,1,0.29441284710605553,0.04480235502804579,15,10,6,0,1,0,0,2025-08-10 15:01:55,0
TXN_200217,CUST_364,0,0.3084643693542991,0.011072067443508936,23,10,6,0,1,0,0,2025-08-10 23:22:58,0
TXN_200218,CUST_342,1,0.11575777852124455,0.66504446540187,17,16,5,0,1,0,0,2025-08-16 17:36:21,0
TXN_200219,CUST_794,1,0.04750752760120442,0.15566641378568216,18,21,3,0,1,0,0,2025-08-21 18:18:04,0
TXN_200220,CUST_693,1,0.5744396119103379,0.04490377320740832,8,18,0,0,0,0,1,2025-08-18 08:11:12,0
TXN_200221,CUST_300,1,0.4774171963867514,0.016618592701059528,13,10,6,0,1,0,0,2025-08-10 13:46:19,0
TXN_200222,CUST_786,1,0.006356641017062563,1.0,7,1,4,0,0,1,0,2025-08-01 07:22:37,0
TXN_200223,CUST_257,1,0.18333890933422547,0.0191575443637214,3,12,1,0,0,0,1,2025-08-12 03:36:57,0
TXN_200224,CUST_596,1,0.012044161927065908,0.011016112585929612,14,14,3,1,0,0,0,2025-08-14 14:01:21,0
TXN_200225,CUST_164,1,0.9976580796252927,0.012733227277895148,16,6,2,0,1,0,0,2025-08-06 16:12:54,0
TXN_200226,CUST_172,1,0.3830712612914018,0.019640155010343077,18,22,4,0,0,1,0,2025-08-22 18:36:42,0
TXN_200227,CUST_365,1,0.0013382402141184344,0.048296036448154896,8,22,4,0,0,0,1,2025-08-22 08:49:05,0
TXN_200228,CUST_223,1,0.7055871528939445,0.012012808486561336,22,20,2,0,1,0,0,2025-08-20 22:41:07,0
TXN_200229,CUST_358,1,0.7447306791569086,0.00855409885243931,17,6,2,0,0,0,1,2025-08-06 17:51:59,0
TXN_200230,CUST_601,1,0.11107393777183004,0.00724265687792388,9,11,0,0,1,0,0,2025-08-11 09:00:48,0
TXN_200231,CUST_108,1,0.02040816326530612,0.01215269563050965,8,14,3,0,0,1,0,2025-08-14 08:11:58,0
TXN_200232,CUST_357,1,0.6533957845433255,0.05114973418470047,17,21,3,0,0,1,0,2025-08-21 17:14:30,0
TXN_200233,CUST_149,1,0.6865172298427568,0.023560492219494536,20,13,2,0,0,0,1,2025-08-13 20:17:12,0
TXN_200234,CUST_105,1,0.322181331549013,0.014586731935210286,11,11,0,0,0,0,1,2025-08-11 11:29:55,0
TXN_200235,CUST_604,1,0.3372365339578454,0.024808984979233225,21,6,2,0,0,0,1,2025-08-06 21:35:34,0
TXN_200236,CUST_216,1,0.24824355971896955,0.9907437026567261,10,18,0,0,0,0,1,2025-08-18 10:45:34,0
TXN_200237,CUST_227,1,0.3479424556707929,0.26939466181566024,0,12,1,0,0,0,1,2025-08-12 00:51:06,0
TXN_200238,CUST_454,1,0.2539310806289729,0.05271996737552028,11,9,5,1,0,0,0,2025-08-09 11:54:03,1
TXN_200239,CUST_371,1,0.9290732686517229,0.007106266912574276,16,11,0,0,0,1,0,2025-08-11 16:51:01,0
TXN_200240,CUST_657,1,0.5259284041485447,0.005200304576278518,3,17,6,0,1,0,0,2025-08-17 03:06:04,0
TXN_200241,CUST_680,1,0.11676145868183338,0.01160713576911123,11,16,5,1,0,0,0,2025-08-16 11:42:54,0
TXN_200242,CUST_547,0,0.45031783205085313,0.039794395274696207,13,8,4,0,0,0,1,2025-08-08 13:07:19,0
TXN_200243,CUST_183,0,0.2776848444295751,0.046897165008671776,12,21,3,0,1,0,0,2025-08-21 12:16:47,1
TXN_200244,CUST_709,1,0.7500836400133823,0.029753995517806074,1,4,0,0,0,0,1,2025-08-04 01:23:36,0
TXN_200245,CUST_431,1,0.10438273670123786,0.011002123871534781,8,16,5,0,0,1,0,2025-08-16 08:21:15,0
TXN_200246,CUST_266,1,0.7557711609233857,0.014828037258521127,2,9,5,0,0,0,1,2025-08-09 02:37:49,0
TXN_200247,CUST_341,1,0.2937437269989963,0.033474993546831186,23,23,5,0,1,0,0,2025-08-23 23:16:43,0
TXN_200248,CUST_737,0,0.4653730344596855,0.027547275822021444,9,20,2,0,0,1,0,2025-08-20 09:26:28,1
TXN_200249,CUST_408,1,0.43693542990966877,0.1399151213771022,22,23,5,0,0,0,1,2025-08-23 22:20:28,1
TXN_200250,CUST_632,1,0.43994647039143525,0.010400609152557035,17,8,4,0,0,1,0,2025-08-08 17:11:17,0
TXN_200251,CUST_642,1,0.9642020742723318,0.7081192142021542,16,3,6,0,0,0,1,2025-08-03 16:00:45,0
TXN_200252,CUST_691,1,0.08531281365005018,0.021063506700017158,21,11,0,0,0,0,1,2025-08-11 21:38:43,0
TXN_200253,CUST_700,1,0.35898293743727,0.1188830892844734,1,15,4,0,0,1,0,2025-08-15 01:12:04,0
TXN_200254,CUST_570,1,0.7363666778186684,0.10007526278062279,18,16,5,0,0,0,1,2025-08-16 18:16:04,0
TXN_200255,CUST_657,1,0.2388758782201405,0.06487616018462865,12,19,1,1,0,0,0,2025-08-19 12:22:06,0
TXN_200256,CUST_143,1,0.4018066242890599,0.9884985139963556,1,22,4,0,0,1,0,2025-08-22 01:41:04,1
TXN_200257,CUST_784,1,0.5175644028103045,0.4619248352103215,3,20,2,0,0,0,1,2025-08-20 03:49:00,0
TXN_200258,CUST_481,1,0.09936433589829374,0.016370293020551274,9,20,2,0,0,1,0,2025-08-20 09:02:48,0
TXN_200259,CUST_320,1,0.33087989294078285,0.02469008090687716,5,14,3,0,0,0,1,2025-08-14 05:07:25,0
TXN_200260,CUST_422,1,0.4744061559049849,0.019818511118877176,21,14,3,0,0,1,0,2025-08-14 21:29:43,1
TXN_200261,CUST_476,1,0.993977919036467,0.3420660330968086,22,9,5,0,1,0,0,2025-08-09 22:08:39,0
TXN_200262,CUST_337,1,0.6206088992974239,0.6994007479555755,15,10,6,0,1,0,0,2025-08-10 15:22:38,1
TXN_200263,CUST_498,1,0.798260287721646,0.01146375144656421,0,16,5,0,1,0,0,2025-08-16 00:39:21,0
TXN_200264,CUST_674,1,0.4734024757443961,0.02125585152294609,7,18,0,0,1,0,0,2025-08-18 07:28:08,0
TXN_200265,CUST_207,1,0.796587487453998,0.017136175133668285,16,12,1,0,0,0,1,2025-08-12 16:09:59,0
TXN_200266,CUST_673,0,0.24088323854131816,0.02888319804672783,11,25,0,0,1,0,0,2025-08-25 11:58:43,0
TXN_200267,CUST_540,1,0.10772833723653395,0.000598017540379036,8,15,4,0,0,1,0,2025-08-15 08:47:38,0
TXN_200268,CUST_743,1,0.7728337236533958,0.9931357728182422,8,24,6,0,1,0,0,2025-08-24 08:41:14,0
TXN_200269,CUST_335,0,0.4954834392773503,0.024245939224841268,5,15,4,0,1,0,0,2025-08-15 05:45:30,0
TXN_200270,CUST_601,1,0.0020073603211776514,0.5940307567765092,18,14,3,0,0,0,1,2025-08-14 18:45:37,0
TXN_200271,CUST_636,1,0.0033456005352960855,0.004549829356918865,23,24,6,0,0,0,1,2025-08-24 23:00:53,0
TXN_200272,CUST_477,1,0.2392104382736701,0.020252161265116943,13,15,4,0,0,0,1,2025-08-15 13:17:39,0
TXN_200273,CUST_555,0,0.3445968551354968,0.03403104494402573,15,18,0,0,0,0,1,2025-08-18 15:51:04,0
TXN_200274,CUST_223,1,0.06457009033121444,0.04999216806852819,8,17,6,1,0,0,0,2025-08-17 08:56:55,0
TXN_200275,CUST_683,1,0.8839076614252258,0.9036114978699209,17,16,5,1,0,0,0,2025-08-16 17:37:22,0
TXN_200276,CUST_262,1,0.9297423887587821,0.8117546047962615,5,10,6,0,1,0,0,2025-08-10 05:12:44,0
TXN_200277,CUST_464,1,0.832385413181666,0.14965826095310214,0,15,4,0,0,0,1,2025-08-15 00:33:35,0
TXN_200278,CUST_511,0,0.17296754767480763,0.028631401187620864,22,21,3,0,0,0,1,2025-08-21 22:37:04,1
TXN_200279,CUST_497,1,0.9079959852793577,0.013194854852924577,1,11,0,0,1,0,0,2025-08-11 01:24:01,0
TXN_200280,CUST_518,1,0.5209100033456006,0.016856400845771658,20,11,0,1,0,0,0,2025-08-11 20:31:54,0
TXN_200281,CUST_491,1,0.7243225158916026,1.0,6,18,0,0,0,1,0,2025-08-18 06:59:17,0
TXN_200282,CUST_424,1,0.5540314486450317,0.02960361683806164,8,3,6,0,0,0,1,2025-08-03 08:59:33,0
TXN_200283,CUST_522,0,0.6038808966209435,0.026599540421771626,20,5,1,0,0,0,1,2025-08-05 20:41:44,0
TXN_200284,CUST_736,1,0.9521579123452659,0.976296857865464,16,9,5,0,0,1,0,2025-08-09 16:17:38,0
TXN_200285,CUST_558,1,0.028772164603546337,0.0819528832821189,7,21,3,0,1,0,0,2025-08-21 07:31:21,0
TXN_200286,CUST_649,1,0.6671127467380394,0.022889033928542635,4,8,4,0,0,0,1,2025-08-08 04:29:20,0
TXN_200287,CUST_478,1,0.6838407494145199,0.18713402681685506,10,8,4,0,0,0,1,2025-08-08 10:21:58,0
TXN_200288,CUST_319,0,0.8253596520575444,0.6182382270367646,10,2,5,0,1,0,0,2025-08-02 10:01:35,1
TXN_200289,CUST_787,0,0.8454332552693208,0.08952427494832131,8,19,1,0,1,0,0,2025-08-19 08:23:11,0
TXN_200290,CUST_255,1,0.1522248243559719,0.040833057318512424,23,17,6,0,0,1,0,2025-08-17 23:49:55,0
TXN_200291,CUST_547,1,0.8056206088992974,0.016733999594816886,18,14,3,0,1,0,0,2025-08-14 18:28:00,0
TXN_200292,CUST_477,1,0.7403813984610237,0.016499688628703463,15,3,6,0,1,0,0,2025-08-03 15:01:57,0
TXN_200293,CUST_257,0,0.9695550351288056,0.02061237066078385,19,1,4,0,1,0,0,2025-08-01 19:56:40,1
TXN_200294,CUST_370,1,0.3121445299431248,0.783238610502398,16,7,3,0,0,0,1,2025-08-07 16:13:32,1
TXN_200295,CUST_642,1,0.9411174305787888,0.023448582504335885,2,19,1,0,0,1,0,2025-08-19 02:24:09,0
TXN_200296,CUST_353,1,0.6396788223486115,0.02030811612269627,23,15,4,0,1,0,0,2025-08-15 23:52:59,0
TXN_200297,CUST_367,1,0.02074272331883573,0.019017657219773085,1,24,6,0,1,0,0,2025-08-24 01:53:22,0
TXN_200298,CUST_157,1,0.5125460020073603,0.040955458569467196,20,4,0,0,1,0,0,2025-08-04 20:29:47,0
TXN_200299,CUST_622,0,0.9795918367346939,0.02771514039475942,16,1,4,0,1,0,0,2025-08-01 16:48:54,0
TXN_200300,CUST_547,1,0.18501170960187352,0.2966761520641799,16,19,1,0,0,0,1,2025-08-19 16:02:45,0
TXN_200301,CUST_705,1,0.031448645031783205,0.009393421716129186,22,3,6,0,1,0,0,2025-08-03 22:19:29,0
TXN_200302,CUST_686,0,0.049849447975911676,0.022329485352749385,14,5,1,0,0,0,1,2025-08-05 14:57:32,1
TXN_200303,CUST_442,1,0.9561726329876212,0.031852302677030764,17,13,2,0,1,0,0,2025-08-13 17:50:54,0
TXN_200304,CUST_462,1,0.44028103044496486,0.006746057516907372,10,14,3,0,0,1,0,2025-08-14 10:14:27,0
TXN_200305,CUST_131,1,0.7611241217798594,0.022325988174150678,4,13,2,0,1,0,0,2025-08-13 04:03:56,0
TXN_200306,CUST_784,1,0.0622281699565072,0.038671800944510996,13,1,4,0,1,0,0,2025-08-01 13:37:10,0
TXN_200307,CUST_106,1,0.9123452659752426,0.006690102659328046,13,6,2,0,0,0,1,2025-08-06 13:59:30,0
TXN_200308,CUST_425,1,0.8962863834058213,0.06845377389110674,9,16,5,0,1,0,0,2025-08-16 09:05:12,0
TXN_200309,CUST_743,1,0.5356306457009032,0.050726575574256826,13,13,2,0,0,0,1,2025-08-13 13:18:05,1
TXN_200310,CUST_482,1,0.42823686851789894,0.1328962839294956,15,16,5,0,1,0,0,2025-08-16 15:16:43,0
TXN_200311,CUST_505,1,0.40448310471729676,0.02943225508672495,0,7,3,0,0,0,1,2025-08-07 00:13:50,0
TXN_200312,CUST_496,1,0.7249916359986618,0.014635692435592196,13,22,4,0,1,0,0,2025-08-22 13:35:51,0
TXN_200313,CUST_497,1,0.22549347607895617,0.018377673536209557,15,23,5,0,1,0,0,2025-08-23 15:35:46,0
TXN_200314,CUST_356,0,0.6373369019739042,0.1349176531595487,4,16,5,0,0,0,1,2025-08-16 04:24:29,0
TXN_200315,CUST_219,1,0.2080963532954165,0.02539301380521743,12,25,0,0,1,0,0,2025-08-25 12:10:08,0
TXN_200316,CUST_685,0,0.869187019069923,0.020297624586900147,14,11,0,0,0,0,1,2025-08-11 14:18:25,1
TXN_200317,CUST_497,0,0.15858146537303444,0.05037336053578734,7,18,0,0,0,0,1,2025-08-18 07:55:52,1
TXN_200318,CUST_171,1,0.6687855470056875,0.06547417772500769,21,17,6,0,0,0,1,2025-08-17 21:12:01,0
TXN_200319,CUST_446,0,0.9648711943793911,0.043074748800284134,5,13,2,0,1,0,0,2025-08-13 05:23:43,1
TXN_200320,CUST_791,1,0.4921378387420542,0.022137140529820458,15,3,6,0,0,1,0,2025-08-03 15:50:05,0
TXN_200321,CUST_189,1,0.9320843091334894,0.012463944525794645,13,25,0,1,0,0,0,2025-08-25 13:19:38,0
TXN_200322,CUST_706,1,0.22984275677484106,0.007980561562251229,4,8,4,0,1,0,0,2025-08-08 04:35:20,0
TXN_200323,CUST_276,1,0.17263298762127802,0.022941491607523252,23,24,6,0,0,0,1,2025-08-24 23:09:15,0
TXN_200324,CUST_716,1,0.8029441284710606,1.0,12,19,1,0,1,0,0,2025-08-19 12:13:59,0
TXN_200325,CUST_123,1,0.711943793911007,0.008788409818552733,1,3,6,0,1,0,0,2025-08-03 01:30:24,0
TXN_200326,CUST_588,1,0.8062897290063566,0.01675498266640913,8,23,5,0,0,1,0,2025-08-23 08:21:16,0
TXN_200327,CUST_402,1,0.9739043158246905,0.028844729082142043,6,17,6,1,0,0,0,2025-08-17 06:31:31,0
TXN_200328,CUST_135,1,0.8695215791234526,0.6650304766874752,22,8,4,0,0,0,1,2025-08-08 22:36:01,0
TXN_200329,CUST_469,1,0.04918032786885246,0.013327747639675473,6,8,4,0,0,0,1,2025-08-08 06:05:54,0
TXN_200330,CUST_440,0,0.919705587152894,0.02389272418637178,9,22,4,0,0,0,1,2025-08-22 09:52:40,1
TXN_200331,CUST_596,1,0.7480762796922047,0.04170385478959067,12,20,2,0,0,0,1,2025-08-20 12:10:58,0
TXN_200332,CUST_713,1,0.2750083640013382,0.00020633353732376096,2,7,3,0,1,0,0,2025-08-07 02:25:17,0
TXN_200333,CUST_576,1,0.4235530277684844,0.01709420899048379,15,9,5,0,0,1,0,2025-08-09 15:47:43,0
TXN_200334,CUST_609,1,0.6875209100033456,0.035569803527457165,9,15,4,0,1,0,0,2025-08-15 09:58:59,0
TXN_200335,CUST_195,1,0.9140180662428906,0.746444794465393,17,24,6,0,0,0,1,2025-08-24 17:22:31,1
TXN_200336,CUST_470,1,0.8414185346269655,0.05955695153599406,17,20,2,0,1,0,0,2025-08-20 17:33:01,0
TXN_200337,CUST_608,1,0.44663767146202743,0.19514606298649467,0,24,6,1,0,0,0,2025-08-24 00:07:46,1
TXN_200338,CUST_232,1,0.14386082301773168,0.70845494334763,4,13,2,0,0,1,0,2025-08-13 04:40:15,1
TXN_200339,CUST_650,0,0.5081967213114754,0.01483503161571854,11,15,4,0,1,0,0,2025-08-15 11:28:04,0
TXN_200340,CUST_180,1,0.13047842087654735,0.03605940853127626,18,22,4,0,1,0,0,2025-08-22 18:58:45,0
TXN_200341,CUST_710,1,0.5881565741050518,0.030568838131304996,9,13,2,0,0,0,1,2025-08-13 09:59:50,0
TXN_200342,CUST_521,1,0.09635329541652726,0.0025564375556554114,12,24,6,0,0,0,1,2025-08-24 12:39:15,0
TXN_200343,CUST_197,0,0.2348611575777852,0.03298189136441339,12,14,3,0,0,0,1,2025-08-14 12:09:06,0
TXN_200344,CUST_398,1,0.18501170960187352,0.10203018561730046,11,24,6,0,0,0,1,2025-08-24 11:02:40,0
TXN_200345,CUST_552,1,0.5583807293409166,0.006620159087353889,15,10,6,0,1,0,0,2025-08-10 15:35:46,0
TXN_200346,CUST_371,1,0.6380060220809635,0.013614516284769517,2,15,4,0,1,0,0,2025-08-15 02:44:13,0
TXN_200347,CUST_502,1,0.7912345265975242,0.02002134747760223,1,22,4,0,0,0,1,2025-08-22 01:38:20,0
TXN_200348,CUST_129,1,0.43225158916025425,0.037377844862989104,17,2,5,1,0,0,0,2025-08-02 17:40:51,0
TXN_200349,CUST_576,1,0.27266644362663095,0.5801854267042249,5,25,0,0,0,1,0,2025-08-25 05:56:37,1
TXN_200350,CUST_559,1,0.15490130478420877,0.0333910612604622,2,2,5,0,1,0,0,2025-08-02 02:35:20,0
TXN_200351,CUST_168,1,0.3148210103713616,0.02310585900166252,21,20,2,0,1,0,0,2025-08-20 21:50:02,0
TXN_200352,CUST_479,1,0.7979257276681164,0.015600913728835552,18,16,5,0,0,0,1,2025-08-16 18:59:40,0
TXN_200353,CUST_596,1,0.7072599531615925,0.45193339595381327,15,5,1,0,0,1,0,2025-08-05 15:51:52,0
TXN_200354,CUST_263,0,0.4225493476078956,0.041836747576341565,11,14,3,0,1,0,0,2025-08-14 11:44:45,0
TXN_200355,CUST_306,0,0.8320508531281364,0.022399428924723543,14,25,0,1,0,0,0,2025-08-25 14:57:53,1
TXN_200356,CUST_588,1,0.8424222147875543,0.01168757087688151,18,13,2,1,0,0,0,2025-08-13 18:46:43,0
TXN_200357,CUST_448,1,0.05620608899297424,0.4259563533226116,10,14,3,0,1,0,0,2025-08-14 10:58:07,1
TXN_200358,CUST_622,1,0.8581465373034459,0.8288173391793568,22,5,1,0,1,0,0,2025-08-05 22:23:17,1
TXN_200359,CUST_152,1,0.6527266644362663,0.013341736354070308,7,3,6,0,0,0,1,2025-08-03 07:30:13,0
TXN_200360,CUST_438,0,0.6169287387085982,0.04850586716407737,12,8,4,0,1,0,0,2025-08-08 12:59:31,0
TXN_200361,CUST_242,1,0.04851120776179325,0.012425475561208859,2,22,4,0,0,0,1,2025-08-22 02:47:10,0
TXN_200362,CUST_430,1,0.10705921712947473,0.0278865021460961,4,4,0,0,0,0,1,2025-08-04 04:03:17,0
TXN_200363,CUST_225,1,0.3827367012378722,0.01071185804784203,20,8,4,0,0,0,1,2025-08-08 20:14:47,0
TXN_200364,CUST_775,1,0.8357310137169621,0.01784610238920597,10,7,3,0,0,0,1,2025-08-07 10:00:33,0
TXN_200365,CUST_157,1,0.9471395115423218,0.028134801826604355,7,20,2,0,1,0,0,2025-08-20 07:26:58,0
TXN_200366,CUST_663,1,0.9969889595182335,0.038213670548080274,20,5,1,0,1,0,0,2025-08-05 20:14:15,0
TXN_200367,CUST_134,1,0.13783874205419872,0.02750530967883695,21,14,3,0,1,0,0,2025-08-14 21:37:00,0
TXN_200368,CUST_591,0,0.904315824690532,0.007795211096519715,11,4,0,0,0,0,1,2025-08-04 11:02:27,0
TXN_200369,CUST_743,0,0.1174305787888926,0.027365422534888637,13,21,3,0,0,1,0,2025-08-21 13:40:02,1
TXN_200370,CUST_309,1,0.8206758113081298,0.09132881910525455,7,15,4,0,1,0,0,2025-08-15 07:14:33,0
TXN_200371,CUST_611,1,0.42422214787554363,0.016688536273033683,23,20,2,0,1,0,0,2025-08-20 23:27:05,0
TXN_200372,CUST_652,1,0.5550351288056206,0.03224748385868474,15,11,0,0,0,0,1,2025-08-11 15:29:44,0
TXN_200373,CUST_127,1,0.1368350618936099,0.017870582639396924,0,1,4,0,1,0,0,2025-08-01 00:58:45,0
TXN_200374,CUST_411,1,0.9277350284376045,0.016205925626412005,14,8,4,0,0,0,1,2025-08-08 14:38:22,0
TXN_200375,CUST_677,1,0.7838742054198728,0.1377713508960943,23,19,1,0,0,0,1,2025-08-19 23:04:47,0
TXN_200376,CUST_562,0,0.6012044161927066,0.029575639409271978,19,10,6,0,1,0,0,2025-08-10 19:16:07,1
TXN_200377,CUST_305,1,0.21579123452659751,0.02174895370536389,18,4,0,0,1,0,0,2025-08-04 18:04:14,0
TXN_200378,CUST_163,0,0.4667112746738039,0.04153249303825399,23,3,6,0,1,0,0,2025-08-03 23:08:33,0
TXN_200379,CUST_475,1,0.8193375710940114,0.049394150528149154,21,16,5,0,0,0,1,2025-08-16 21:04:11,0
TXN_200380,CUST_544,0,0.16962194713951154,0.027966937253866384,22,18,0,0,0,1,0,2025-08-18 22:56:31,0
TXN_200381,CUST_797,1,0.08196721311475409,0.026889806245464373,21,22,4,0,0,0,1,2025-08-22 21:29:43,0
TXN_200382,CUST_566,0,0.07962529274004683,0.023693385006245432,9,17,6,0,1,0,0,2025-08-17 09:48:08,0
TXN_200383,CUST_206,1,0.2746738039478086,0.015216224082977695,9,22,4,0,1,0,0,2025-08-22 09:29:51,0
TXN_200384,CUST_260,0,0.09735697557711609,0.004577806785708527,22,3,6,0,1,0,0,2025-08-03 22:54:42,0
TXN_200385,CUST_600,1,0.8671796587487454,0.033635863762371744,15,20,2,0,0,0,1,2025-08-20 15:17:43,0
TXN_200386,CUST_586,1,0.7530946804951488,0.006959385411428549,23,18,0,1,0,0,0,2025-08-18 23:38:16,0
TXN_200387,CUST_398,1,0.4192037470725995,0.08193539738912536,18,13,2,0,0,1,0,2025-08-13 18:17:57,0
TXN_200388,CUST_689,1,0.5115423218467715,0.027480829428645995,1,2,5,0,1,0,0,2025-08-02 01:58:49,0
TXN_200389,CUST_495,1,0.41318166610906654,0.02222806717338686,6,16,5,0,0,0,1,2025-08-16 06:49:07,0
TXN_200390,CUST_642,1,0.41217798594847777,0.039790898096097496,8,12,1,0,1,0,0,2025-08-12 08:32:02,0
TXN_200391,CUST_116,1,0.2669789227166276,0.010991632335738657,9,4,0,0,0,0,1,2025-08-04 09:45:32,0
TXN_200392,CUST_667,1,0.15623954499832718,0.01151271194694612,9,23,5,0,1,0,0,2025-08-23 09:38:04,0
TXN_200393,CUST_628,1,0.06624289059886249,0.06286178531177294,2,11,0,0,0,0,1,2025-08-11 02:43:28,0
TXN_200394,CUST_216,1,0.021411843425894948,0.0725524672087923,12,18,0,0,1,0,0,2025-08-18 12:07:18,0
TXN_200395,CUST_207,1,0.82903981264637,0.48662191047439607,3,4,0,0,0,0,1,2025-08-04 03:28:49,0
TXN_200396,CUST_742,0,0.8270324523251924,0.20472483516835538,9,24,6,0,1,0,0,2025-08-24 09:39:05,0
TXN_200397,CUST_370,0,0.27300100368016056,0.12339444967680648,23,3,6,0,1,0,0,2025-08-03 23:09:20,0
TXN_200398,CUST_568,1,0.6359986617597858,0.8057184745348918,23,18,0,0,0,0,1,2025-08-18 23:52:56,0
TXN_200399,CUST_135,1,0.9481431917029106,0.11477740160959043,17,21,3,0,1,0,0,2025-08-21 17:22:44,0
TXN_200400,CUST_196,1,0.038474406155904986,0.8046763153124769,10,3,6,0,1,0,0,2025-08-03 10:57:58,0
TXN_200401,CUST_620,1,0.35898293743727,0.042413782045128356,9,10,6,0,0,0,1,2025-08-10 09:23:19,0
TXN_200402,CUST_348,1,0.5346269655403145,0.026763907815910894,16,23,5,0,0,0,1,2025-08-23 16:19:46,0
TXN_200403,CUST_553,1,0.796587487453998,0.44185452723233737,13,7,3,0,0,0,1,2025-08-07 13:46:55,0
TXN_200404,CUST_251,0,0.40715958514553363,0.5494941873219651,5,17,6,1,0,0,0,2025-08-17 05:38:26,0
TXN_200405,CUST_778,1,0.3171629307460689,0.7636649018854303,6,25,0,0,0,0,1,2025-08-25 06:16:47,0
TXN_200406,CUST_364,1,0.5269320843091335,0.014002703109226081,9,21,3,1,0,0,0,2025-08-21 09:48:43,0
TXN_200407,CUST_696,1,0.43258614921378385,0.01168757087688151,0,16,5,0,0,1,0,2025-08-16 00:49:39,1
TXN_200408,CUST_513,1,0.10739377718300434,0.0255573811993567,11,17,6,0,1,0,0,2025-08-17 11:22:30,0
TXN_200409,CUST_416,0,0.2816995650719304,0.16577675711454645,21,23,5,0,0,0,1,2025-08-23 21:15:54,0
TXN_200410,CUST_278,0,0.7209769153563065,0.015247698690366063,14,5,1,0,1,0,0,2025-08-05 14:34:32,0
TXN_200411,CUST_416,1,0.2117765138842422,0.020727777554541207,7,21,3,0,0,0,1,2025-08-21 07:46:47,0
TXN_200412,CUST_625,1,0.5898293743726999,0.05095738936177154,9,14,3,0,1,0,0,2025-08-14 09:04:43,0
TXN_200413,CUST_753,1,0.6527266644362663,0.1293536420090046,22,12,1,0,1,0,0,2025-08-12 22:25:24,0
TXN_200414,CUST_302,1,0.47574439611910335,0.01192887620019235,18,17,6,0,0,1,0,2025-08-17 18:59:56,0
TXN_200415,CUST_199,1,0.7193041150886584,0.014530777077630962,18,16,5,0,0,0,1,2025-08-16 18:46:53,0
TXN_200416,CUST_491,1,0.7132820341251255,0.31541403499605636,19,25,0,0,1,0,0,2025-08-25 19:04:47,0
TXN_200417,CUST_710,1,0.6995650719304115,0.18298987017738633,8,12,1,0,0,0,1,2025-08-12 08:08:29,0
TXN_200418,CUST_196,1,0.3469387755102041,0.014051663609607992,17,5,1,0,1,0,0,2025-08-05 17:11:03,0
TXN_200419,CUST_135,1,0.8939444630311141,0.02857194915144283,4,15,4,0,0,0,1,2025-08-15 04:32:18,0
TXN_200420,CUST_660,1,0.6259618601538977,0.016314338162971946,3,10,6,0,0,1,0,2025-08-10 03:38:28,0
TXN_200421,CUST_101,1,0.45098695215791235,0.029131497727236083,2,17,6,0,1,0,0,2025-08-17 02:33:15,0
TXN_200422,CUST_341,1,0.9625292740046838,0.034303824874724935,3,7,3,0,1,0,0,2025-08-07 03:21:25,0
TXN_200423,CUST_412,1,0.9909668785547006,0.04337900333837171,8,23,5,0,0,0,1,2025-08-23 08:31:21,0
TXN_200424,CUST_187,1,0.10103713616594177,0.02979246448239186,4,23,5,0,1,0,0,2025-08-23 04:55:13,0
TXN_200425,CUST_628,1,0.124790899966544,0.1076431572682265,13,3,6,0,1,0,0,2025-08-03 13:58:59,0
TXN_200426,CUST_680,1,0.1682837069253931,0.007924606704671905,5,7,3,0,0,0,1,2025-08-07 05:25:55,0
TXN_200427,CUST_733,1,0.5038474406155905,0.01730054252780755,17,7,3,0,1,0,0,2025-08-07 17:32:43,0
TXN_200428,CUST_250,1,0.0903312144529943,0.07366457000318138,0,24,6,0,0,0,1,2025-08-24 00:09:14,0
TXN_200429,CUST_247,1,0.7193041150886584,0.008200883813969821,11,17,6,0,0,1,0,2025-08-17 11:54:21,0
TXN_200430,CUST_136,1,0.6005352960856474,0.7136202761379216,16,20,2,0,0,0,1,2025-08-20 16:52:15,1
TXN_200431,CUST_476,1,0.8698561391769822,0.9155298825343171,3,10,6,0,0,0,1,2025-08-10 03:06:28,0
TXN_200432,CUST_780,1,0.19839411174305788,0.018811323682449328,13,24,6,0,0,0,1,2025-08-24 13:07:51,0
TXN_200433,CUST_156,1,0.004349280695884911,0.02998480930532079,12,19,1,0,0,0,1,2025-08-19 12:45:58,0
TXN_200434,CUST_728,1,0.02275008364001338,0.006850972874868606,18,12,1,0,1,0,0,2025-08-12 18:52:17,0
TXN_200435,CUST_152,1,0.22114419538307126,1.0,20,9,5,0,1,0,0,2025-08-09 20:02:12,0
TXN_200436,CUST_216,1,0.8608230177316828,0.012901091850633123,0,8,4,0,0,0,1,2025-08-08 00:19:19,0
TXN_200437,CUST_294,1,0.23686851789896285,0.16249290641035982,11,17,6,0,1,0,0,2025-08-17 11:06:53,0
TXN_200438,CUST_730,1,0.29575108732017397,0.01571632062259291,4,5,1,0,1,0,0,2025-08-05 04:51:42,0
TXN_200439,CUST_538,1,0.2422214787554366,0.01955622272397409,21,20,2,0,0,0,1,2025-08-20 21:34:07,0
TXN_200440,CUST_171,1,0.2713282034125125,0.01121195458745725,13,13,2,0,0,0,1,2025-08-13 13:54:55,0
TXN_200441,CUST_589,1,0.8926062228169956,0.021727970633771642,12,24,6,0,0,0,1,2025-08-24 12:32:16,0
TXN_200442,CUST_212,1,0.25259284041485447,0.18497976480005107,1,4,0,0,0,0,1,2025-08-04 01:35:40,0
TXN_200443,CUST_128,1,0.2706590833054533,0.03726943232642917,11,22,4,1,0,0,0,2025-08-22 11:26:24,0
TXN_200444,CUST_262,1,0.3445968551354968,0.15722265826210716,9,7,3,0,0,0,1,2025-08-07 09:40:02,0
TXN_200445,CUST_291,1,0.09534961525593844,0.015562444764249766,18,21,3,0,0,0,1,2025-08-21 18:26:19,0
TXN_200446,CUST_410,1,0.008698561391769822,0.037328884362607194,3,23,5,0,0,0,1,2025-08-23 03:23:36,1
TXN_200447,CUST_139,0,0.4456339913014386,0.2040638684131996,1,14,3,0,0,0,1,2025-08-14 01:16:44,0
TXN_200448,CUST_686,0,0.8879223820675811,0.03344002176084411,18,9,5,0,0,0,1,2025-08-09 18:19:14,1
TXN_200449,CUST_584,1,0.855470056875209,0.020584393231994187,15,4,0,0,0,0,1,2025-08-04 15:31:06,0
TXN_200450,CUST_162,1,0.0976915356306457,0.04183325039774286,21,1,4,0,1,0,0,2025-08-01 21:26:59,0
TXN_200451,CUST_746,1,0.06891937102709936,1.0,9,20,2,0,0,0,1,2025-08-20 09:01:07,0
TXN_200452,CUST_294,0,0.3255269320843091,0.009834066219566371,4,18,0,1,0,0,0,2025-08-18 04:43:13,0
TXN_200453,CUST_202,1,0.40113750418200067,0.014782573936737924,19,16,5,0,1,0,0,2025-08-16 19:13:10,0
TXN_200454,CUST_660,1,0.22080963532954165,0.05876658917268609,21,9,5,0,1,0,0,2025-08-09 21:18:39,0
TXN_200455,CUST_160,1,0.37805286048845765,0.024602651441909464,11,21,3,0,0,0,1,2025-08-21 11:07:32,0
TXN_200456,CUST_672,1,0.9571763131482101,0.34066716165732547,22,25,0,0,1,0,0,2025-08-25 22:36:00,0
TXN_200457,CUST_633,1,0.6155904984944798,0.004805123394624535,8,22,4,0,1,0,0,2025-08-22 08:55:34,0
TXN_200458,CUST_177,1,0.6373369019739042,0.0366154599284708,17,11,0,0,1,0,0,2025-08-11 17:11:07,1
TXN_200459,CUST_630,1,0.34928069588491134,0.8750010797538923,12,3,6,0,0,1,0,2025-08-03 12:37:00,0
TXN_200460,CUST_794,1,0.8250250920040147,0.022182603851603658,10,11,0,0,1,0,0,2025-08-11 10:40:44,0
TXN_200461,CUST_656,1,0.2750083640013382,0.03562575838503649,6,9,5,0,0,0,1,2025-08-09 06:22:45,0
TXN_200462,CUST_361,1,0.688859150217464,0.021178913593774516,9,24,6,0,0,0,1,2025-08-24 09:49:06,0
TXN_200463,CUST_587,1,0.8340582134493141,0.7635529921702716,19,24,6,0,1,0,0,2025-08-24 19:18:47,1
TXN_200464,CUST_691,1,0.8631649381063901,0.6435053424124285,18,13,2,0,0,0,1,2025-08-13 18:21:12,0
TXN_200465,CUST_205,1,0.09300769488123117,0.013443154533432831,9,20,2,1,0,0,0,2025-08-20 09:24:14,0
TXN_200466,CUST_652,1,0.7738374038139846,0.008613550888617344,8,11,0,0,0,1,0,2025-08-11 08:01:15,0
TXN_200467,CUST_116,1,0.3486115757778521,0.7544113673132494,22,7,3,0,1,0,0,2025-08-07 22:34:59,0
TXN_200468,CUST_349,1,0.28471060555369687,0.013359222247063846,20,6,2,0,1,0,0,2025-08-06 20:03:21,0
TXN_200469,CUST_649,1,0.25259284041485447,0.033160247472947484,4,18,0,0,0,0,1,2025-08-18 04:53:27,0
TXN_200470,CUST_673,0,0.10304449648711943,0.036982663681335126,19,14,3,0,0,1,0,2025-08-14 19:13:20,1
TXN_200471,CUST_192,1,0.09568417530946804,0.04798129037427119,8,25,0,0,1,0,0,2025-08-25 08:08:11,0
TXN_200472,CUST_718,1,0.47206423553027765,0.026865325995273418,10,12,1,0,0,0,1,2025-08-12 10:58:22,0
TXN_200473,CUST_130,1,0.970893275342924,0.01375090625011912,20,15,4,0,0,0,1,2025-08-15 20:28:26,0
TXN_200474,CUST_505,1,0.840080294412847,0.06022491264834725,3,14,3,0,0,0,1,2025-08-14 03:57:49,0
TXN_200475,CUST_709,1,0.06958849113415858,0.023067390037076734,3,9,5,0,1,0,0,2025-08-09 03:41:05,0
TXN_200476,CUST_747,1,0.8581465373034459,0.012159689987707067,6,22,4,1,0,0,0,2025-08-22 06:14:46,0
TXN_200477,CUST_240,1,0.8016058882569421,0.19626516013808118,17,10,6,0,0,0,1,2025-08-10 17:30:04,0
TXN_200478,CUST_726,1,0.8748745399799264,0.035671221706819696,21,22,4,0,0,0,1,2025-08-22 21:56:54,0
TXN_200479,CUST_158,0,0.7507527601204416,0.0073195948070954526,1,25,0,0,1,0,0,2025-08-25 01:23:32,0
TXN_200480,CUST_521,0,0.8661759785881565,0.03714703107547439,20,10,6,0,1,0,0,2025-08-10 20:07:27,1
TXN_200481,CUST_517,1,0.16962194713951154,0.010229247401220352,4,21,3,0,0,0,1,2025-08-21 04:56:46,0
TXN_200482,CUST_568,1,0.508531281365005,0.05868615406491581,21,20,2,0,0,0,1,2025-08-20 21:49:35,0
TXN_200483,CUST_403,1,0.13248578119772497,0.006966379768625964,14,2,5,0,1,0,0,2025-08-02 14:57:36,0
TXN_200484,CUST_789,1,0.4309133489461358,0.011313372766819776,21,3,6,0,1,0,0,2025-08-03 21:10:56,0
TXN_200485,CUST_777,0,0.8738708598193375,0.7037232607035784,20,2,5,0,1,0,0,2025-08-02 20:06:59,0
TXN_200486,CUST_390,1,0.08263633322181331,0.016055546946667568,13,16,5,0,0,0,1,2025-08-16 13:06:36,0
TXN_200487,CUST_346,0,0.7651388424222147,0.02388922700777307,20,20,2,0,0,0,1,2025-08-20 20:04:26,0
TXN_200488,CUST_205,1,0.14620274339243894,0.14188753010677338,7,22,4,0,1,0,0,2025-08-22 07:59:36,0
TXN_200489,CUST_495,1,0.19638675142188022,0.07706732477972408,14,19,1,0,0,0,1,2025-08-19 14:58:07,0
TXN_200490,CUST_792,0,0.3091334894613583,0.12802121696289692,13,9,5,1,0,0,0,2025-08-09 13:11:36,0
TXN_200491,CUST_656,1,0.6630980260956841,0.05679418044301488,15,5,1,0,1,0,0,2025-08-05 15:02:33,0
TXN_200492,CUST_690,1,0.3947808631649381,0.025854641380246863,10,8,4,0,0,0,1,2025-08-08 10:32:40,0
TXN_200493,CUST_406,1,0.27634660421545665,1.0,22,1,4,0,0,1,0,2025-08-01 22:03:41,0
TXN_200494,CUST_316,1,0.5747741719638675,0.7215938433429754,4,16,5,0,0,0,1,2025-08-16 04:47:42,0
TXN_200495,CUST_445,1,0.8504516560722649,0.8028927542271359,17,12,1,0,1,0,0,2025-08-12 17:54:21,0
TXN_200496,CUST_753,1,0.6122448979591837,0.028519491472462216,13,16,5,1,0,0,0,2025-08-16 13:34:38,0
TXN_200497,CUST_517,1,0.9163599866175979,0.06962882590027257,0,18,0,0,1,0,0,2025-08-18 00:27:29,0
TXN_200498,CUST_368,1,0.4918032786885246,0.10790894284172829,10,19,1,0,0,1,0,2025-08-19 10:37:08,0
TXN_200499,CUST_393,1,0.11140849782535965,0.22766632677587864,2,4,0,0,1,0,0,2025-08-04 02:38:30,1
TXN_200500,CUST_131,1,0.4821010371361659,0.022637237069435674,18,6,2,0,1,0,0,2025-08-06 18:07:45,0
TXN_200501,CUST_221,0,0.8651722984275677,0.015072839760430674,1,18,0,0,1,0,0,2025-08-18 01:26:48,0
TXN_200502,CUST_393,1,0.8216794914687187,0.023644424505863525,5,2,5,0,0,1,0,2025-08-02 05:03:40,0
TXN_200503,CUST_211,1,0.06858481097356975,0.010127829221857825,23,7,3,0,1,0,0,2025-08-07 23:43:23,0
TXN_200504,CUST_386,0,0.6192706590833055,0.7962795894969794,17,8,4,0,1,0,0,2025-08-08 17:33:54,0
TXN_200505,CUST_120,0,0.5038474406155905,0.5088115086831971,2,3,6,0,0,0,1,2025-08-03 02:52:54,0
TXN_200506,CUST_457,1,0.9421211107393777,0.01207226052273937,4,12,1,0,1,0,0,2025-08-12 04:25:44,0
TXN_200507,CUST_674,1,0.3586483773837404,0.019311420222064543,5,22,4,0,0,0,1,2025-08-22 05:18:33,0
TXN_200508,CUST_540,1,0.9698895951823352,0.036618957107069514,17,4,0,0,0,0,1,2025-08-04 17:38:04,0
TXN_200509,CUST_667,1,0.9431247908999665,1.0,12,1,4,0,0,1,0,2025-08-01 12:33:44,0
TXN_200510,CUST_368,1,0.8424222147875543,0.4936617309935949,1,5,1,0,1,0,0,2025-08-05 01:58:31,0
TXN_200511,CUST_734,0,0.16326530612244897,0.043504901767925194,4,3,6,0,0,0,1,2025-08-03 04:38:32,0
TXN_200512,CUST_700,1,0.14352626296420207,0.5474063716985366,5,25,0,0,1,0,0,2025-08-25 05:56:31,1
TXN_200513,CUST_694,1,0.6801605888256942,0.01699628798971997,14,3,6,0,1,0,0,2025-08-03 14:23:44,0
TXN_200514,CUST_352,0,0.9019739043158247,0.05448254538926902,22,10,6,1,0,0,0,2025-08-10 22:26:22,0
TXN_200515,CUST_263,1,0.1913683506189361,0.02198676185007602,20,23,5,1,0,0,0,2025-08-23 20:52:17,0
TXN_200516,CUST_563,0,0.31013716962194715,0.027627710929791723,1,18,0,0,1,0,0,2025-08-18 01:38:55,0
TXN_200517,CUST_578,1,0.7758447641351622,0.027987920325458625,3,22,4,0,1,0,0,2025-08-22 03:07:03,0
TXN_200518,CUST_395,1,0.7544329207092673,0.013299770210885811,21,12,1,0,1,0,0,2025-08-12 21:59:48,0
TXN_200519,CUST_781,1,0.6567413850786216,0.0072391596993251735,19,14,3,0,0,0,1,2025-08-14 19:04:59,0
TXN_200520,CUST_145,1,0.47607895617263296,0.01557293630004589,16,19,1,0,0,1,0,2025-08-19 16:07:00,0
TXN_200521,CUST_276,1,0.1284710605553697,0.01826576382105091,6,21,3,1,0,0,0,2025-08-21 06:25:48,0
TXN_200522,CUST_395,1,0.5771160923385747,0.0050744061467250376,16,25,0,0,1,0,0,2025-08-25 16:45:15,0
TXN_200523,CUST_660,1,0.07360321177651388,0.02838659868571132,15,23,5,0,1,0,0,2025-08-23 15:26:43,0
TXN_200524,CUST_521,0,0.3255269320843091,0.07125151677007299,7,24,6,0,0,0,1,2025-08-24 07:41:29,0
TXN_200525,CUST_379,1,0.8230177316828371,0.03577613706478093,14,3,6,0,0,0,1,2025-08-03 14:32:14,0
TXN_200526,CUST_211,0,0.009033121445299431,0.043434958195951036,1,4,0,1,0,0,0,2025-08-04 01:57:48,0
TXN_200527,CUST_521,1,0.8842422214787554,0.029232915906598607,4,8,4,0,1,0,0,2025-08-08 04:33:53,0
TXN_200528,CUST_432,1,0.3181666109066577,0.035971979066308564,17,21,3,0,1,0,0,2025-08-21 17:29:47,0
TXN_200529,CUST_317,1,0.5443292070926731,0.017024265418509633,14,21,3,0,0,1,0,2025-08-21 14:32:17,0
TXN_200530,CUST_389,1,0.17129474740715958,0.009648715753834858,13,5,1,1,0,0,0,2025-08-05 13:32:28,0
TXN_200531,CUST_674,1,0.790565406490465,0.023273723574400496,9,14,3,0,1,0,0,2025-08-14 09:46:10,0
TXN_200532,CUST_452,1,0.32753429240548676,0.03388416344288,6,16,5,0,1,0,0,2025-08-16 06:36:07,0
TXN_200533,CUST_748,1,0.8173302107728337,0.027876010610299977,12,2,5,1,0,0,0,2025-08-02 12:53:36,0
TXN_200534,CUST_781,1,0.7293409166945467,0.030537363523916623,0,19,1,0,1,0,0,2025-08-19 00:01:10,0
TXN_200535,CUST_547,1,0.08464369354299096,0.07175161330968821,11,3,6,0,0,1,0,2025-08-03 11:35:37,0
TXN_200536,CUST_538,1,0.5366343258614921,0.5885331920193404,23,2,5,0,1,0,0,2025-08-02 23:12:58,0
TXN_200537,CUST_570,1,0.6095684175309468,0.014831534437119834,23,6,2,0,1,0,0,2025-08-06 23:59:56,0
TXN_200538,CUST_213,1,0.006022080963532954,0.010085863078673332,13,3,6,0,1,0,0,2025-08-03 13:17:41,0
TXN_200539,CUST_772,1,0.673469387755102,0.03662595146426693,2,14,3,0,0,0,1,2025-08-14 02:01:38,0
TXN_200540,CUST_732,1,0.6002007360321178,0.013642493713559179,21,18,0,0,1,0,0,2025-08-18 21:37:37,0
TXN_200541,CUST_142,1,0.06724657075945131,0.014737110614954724,22,15,4,0,1,0,0,2025-08-15 22:07:16,0
TXN_200542,CUST_157,1,0.8584810973569755,0.07408073425642761,6,2,5,1,0,0,0,2025-08-02 06:17:11,0
TXN_200543,CUST_380,1,0.8437604550016727,0.016254886126793915,10,1,4,0,0,1,0,2025-08-01 10:37:05,0
TXN_200544,CUST_180,1,0.43225158916025425,0.025595850163942484,23,24,6,0,0,1,0,2025-08-24 23:47:52,0
TXN_200545,CUST_505,1,0.7356975577116092,0.5790383521238487,23,18,0,0,0,0,1,2025-08-18 23:11:31,0
TXN_200546,CUST_698,1,0.9337571094011374,0.06149438847967819,9,25,0,0,1,0,0,2025-08-25 09:48:54,0
TXN_200547,CUST_659,1,0.15055202408832385,0.04089600653328917,15,5,1,0,1,0,0,2025-08-05 15:20:12,0
TXN_200548,CUST_666,1,0.08364001338240214,0.033667338369760116,14,22,4,0,0,0,1,2025-08-22 14:26:18,0
TXN_200549,CUST_792,1,0.47607895617263296,0.035765645528984806,11,13,2,0,0,1,0,2025-08-13 11:04:43,0
TXN_200550,CUST_374,1,0.5025092004014721,0.04894651166751455,13,23,5,0,0,0,1,2025-08-23 13:54:05,0
TXN_200551,CUST_105,1,0.6463700234192037,0.022088180029438548,4,19,1,0,0,0,1,2025-08-19 04:54:25,0
TXN_200552,CUST_598,1,0.109401137504182,0.022039219529056638,17,6,2,0,0,0,1,2025-08-06 17:50:28,0
TXN_200553,CUST_212,0,0.18333890933422547,0.019339397650854205,11,23,5,0,0,0,1,2025-08-23 11:08:13,1
TXN_200554,CUST_429,1,0.005687520910003345,0.07905721940238883,5,22,4,0,1,0,0,2025-08-22 05:53:39,1
TXN_200555,CUST_623,1,0.8805620608899297,0.03326866000950743,14,14,3,0,0,0,1,2025-08-14 14:34:00,0
TXN_200556,CUST_236,1,0.09267313482770156,0.015366602762722129,21,4,0,0,1,0,0,2025-08-04 21:20:02,0
TXN_200557,CUST_261,1,0.9193710270993644,0.02347306275452684,12,18,0,0,0,0,1,2025-08-18 12:20:14,0
TXN_200558,CUST_147,1,0.40013382402141184,0.03389465497867612,7,14,3,0,1,0,0,2025-08-14 07:26:45,0
TXN_200559,CUST_564,1,0.48645031783205084,0.017615288601691252,3,16,5,0,1,0,0,2025-08-16 03:08:42,0
TXN_200560,CUST_430,1,0.0548678487788558,0.010124332043259118,21,25,0,0,1,0,0,2025-08-25 21:13:27,0
TXN_200561,CUST_328,1,0.005018400802944129,0.029089531584051587,5,5,1,0,0,0,1,2025-08-05 05:05:39,0
TXN_200562,CUST_309,1,0.2679826028772164,0.814632782782998,22,7,3,0,0,0,1,2025-08-07 22:38:43,1
TXN_200563,CUST_610,1,0.36032117765138844,0.01862597321671781,7,5,1,0,0,0,1,2025-08-05 07:52:42,0
TXN_200564,CUST_407,1,0.6206088992974239,0.028271191791953962,0,20,2,0,0,0,1,2025-08-20 00:50:29,0
TXN_200565,CUST_127,1,0.8149882903981265,0.011572163983124155,9,5,1,0,0,0,1,2025-08-05 09:05:38,0
TXN_200566,CUST_141,1,0.3037805286048846,0.026721941672726398,8,10,6,0,1,0,0,2025-08-10 08:50:47,0
TXN_200567,CUST_511,1,0.19270659083305453,0.02800540621845217,17,1,4,1,0,0,0,2025-08-01 17:07:24,0
TXN_200568,CUST_163,0,0.7002341920374707,0.019199510506905892,20,3,6,0,0,0,1,2025-08-03 20:23:46,1
TXN_200569,CUST_726,1,0.3041150886584142,0.010606942689880796,2,19,1,0,1,0,0,2025-08-19 02:40:49,0
TXN_200570,CUST_245,1,0.42890598862495816,0.019237979471491678,22,23,5,1,0,0,0,2025-08-23 22:19:33,0
TXN_200571,CUST_448,1,0.5406490465038474,0.03978390373890008,9,20,2,0,1,0,0,2025-08-20 09:56:30,0
TXN_200572,CUST_127,1,0.4616928738708598,0.025497929163178664,22,1,4,1,0,0,0,2025-08-01 22:50:30,0
TXN_200573,CUST_429,1,0.506858481097357,0.05424124006595818,11,2,5,0,0,0,1,2025-08-02 11:33:46,0
TXN_200574,CUST_247,0,0.46771495483439274,1.0,19,15,4,0,0,0,1,2025-08-15 19:45:30,0
TXN_200575,CUST_193,1,0.4616928738708598,0.012925572100824078,15,1,4,0,1,0,0,2025-08-01 15:33:03,0
TXN_200576,CUST_109,1,0.3011040481766477,0.1922434047495672,23,17,6,0,0,1,0,2025-08-17 23:07:38,0
TXN_200577,CUST_540,1,0.9989963198394112,0.028820248831951084,22,13,2,0,1,0,0,2025-08-13 22:28:42,0
TXN_200578,CUST_555,1,0.027099364335898293,0.1971324604305607,8,17,6,0,0,1,0,2025-08-17 08:27:16,0
TXN_200579,CUST_315,1,0.1522248243559719,0.03724495207623821,16,23,5,0,1,0,0,2025-08-23 16:17:44,0
TXN_200580,CUST_283,1,0.8293743726998996,0.009267523286575704,22,18,0,0,0,0,1,2025-08-18 22:17:01,0
TXN_200581,CUST_188,1,0.6992305118768819,0.054968653214489405,10,24,6,1,0,0,0,2025-08-24 10:08:39,0
TXN_200582,CUST_305,0,0.7269989963198394,0.012960543886811154,17,9,5,0,0,0,1,2025-08-09 17:35:25,0
TXN_200583,CUST_132,0,0.1846771495483439,0.03250277789639042,17,20,2,0,0,0,1,2025-08-20 17:57:18,0
TXN_200584,CUST_632,1,0.2535965205754433,0.026949258281642408,18,9,5,0,0,0,1,2025-08-09 18:57:57,0
TXN_200585,CUST_289,1,0.9973235195717631,0.040381921279279115,0,21,3,0,1,0,0,2025-08-21 00:27:48,0
TXN_200586,CUST_648,1,0.3690197390431582,0.06487266300602994,17,19,1,0,0,0,1,2025-08-19 17:52:18,0
TXN_200587,CUST_193,1,0.2425560388089662,0.02867336733080536,23,6,2,1,0,0,0,2025-08-06 23:55:10,0
TXN_200588,CUST_772,1,0.3399130143860823,0.5116302346337557,13,4,0,1,0,0,0,2025-08-04 13:07:26,0
TXN_200589,CUST_463,1,0.5587152893944463,0.04506114624435017,6,6,2,0,0,0,1,2025-08-06 06:26:15,0
TXN_200590,CUST_157,1,0.542656406825025,0.024357848939999916,14,16,5,0,1,0,0,2025-08-16 14:39:14,0
TXN_200591,CUST_752,1,0.4105051856808297,0.08324334218504208,5,8,4,0,1,0,0,2025-08-08 05:29:08,0
TXN_200592,CUST_599,1,0.8859150217464035,0.041766804004367414,8,4,0,0,1,0,0,2025-08-04 08:12:28,0
TXN_200593,CUST_138,1,0.32653061224489793,0.3340504997485703,19,6,2,0,0,1,0,2025-08-06 19:31:15,0
TXN_200594,CUST_659,1,0.08564737370357979,0.023193288466630217,15,2,5,0,0,0,1,2025-08-02 15:08:00,0
TXN_200595,CUST_396,1,0.7407159585145533,0.6449286941021026,20,7,3,0,1,0,0,2025-08-07 20:16:20,0
TXN_200596,CUST_339,1,0.7922382067581131,0.010729343940835571,5,23,5,0,0,1,0,2025-08-23 05:14:34,0
TXN_200597,CUST_421,1,0.16962194713951154,0.021755948062561304,20,21,3,0,1,0,0,2025-08-21 20:07:58,0
TXN_200598,CUST_209,1,0.8347273335563733,0.04023154259953468,9,3,6,0,0,0,1,2025-08-03 09:56:17,0
TXN_200599,CUST_290,0,0.9836065573770492,0.022633739890836967,14,3,6,0,0,0,1,2025-08-03 14:38:27,1
TXN_200600,CUST_480,1,0.20675811308129807,0.02114044462918873,14,8,4,0,0,0,1,2025-08-08 14:10:04,0
TXN_200601,CUST_157,1,0.18568082970893274,0.03973144605991946,8,16,5,0,1,0,0,2025-08-16 08:22:39,0
TXN_200602,CUST_128,1,0.9391100702576112,0.38716215112714586,13,16,5,0,0,1,0,2025-08-16 13:38:45,0
TXN_200603,CUST_599,1,0.2893944463031114,0.03575165681458997,8,8,4,1,0,0,0,2025-08-08 08:32:46,0
TXN_200604,CUST_515,1,0.5215791234526598,0.03442972330427842,7,11,0,0,0,1,0,2025-08-11 07:00:41,0
TXN_200605,CUST_413,1,0.523921043827367,0.016160462304628805,14,2,5,0,1,0,0,2025-08-02 14:01:22,0
TXN_200606,CUST_140,1,0.6473737035797925,0.006011650011178731,3,13,2,0,0,1,0,2025-08-13 03:44:47,0
TXN_200607,CUST_796,0,0.7714954834392773,0.17844004082046744,1,19,1,0,0,0,1,2025-08-19 01:20:52,0
TXN_200608,CUST_534,1,0.04918032786885246,0.030922053169774484,18,11,0,0,0,0,1,2025-08-11 18:02:45,0
TXN_200609,CUST_335,1,0.5476748076279692,0.0236793962918506,6,21,3,0,0,1,0,2025-08-21 06:04:05,0
TXN_200610,CUST_768,1,0.09902977584476413,0.06648486234003424,9,20,2,0,1,0,0,2025-08-20 09:55:04,0
TXN_200611,CUST_188,1,0.571763131482101,0.00366154599284708,21,20,2,0,0,0,1,2025-08-20 21:29:32,0
TXN_200612,CUST_313,0,0.6196052191368351,0.01979403086868622,18,12,1,0,1,0,0,2025-08-12 18:55:32,0
TXN_200613,CUST_702,1,0.9464703914352626,0.018604990145125566,9,13,2,0,0,1,0,2025-08-13 09:40:59,0
TXN_200614,CUST_120,1,0.07293409166945466,0.01784610238920597,1,17,6,0,0,1,0,2025-08-17 01:23:19,0
TXN_200615,CUST_400,1,0.052860488457678156,0.033537942761607924,16,4,0,0,0,1,0,2025-08-04 16:22:03,0
TXN_200616,CUST_554,1,0.6139176982268317,0.04881012170216495,13,16,5,0,1,0,0,2025-08-16 13:03:44,0
TXN_200617,CUST_395,1,0.9023084643693543,0.6689962772184098,22,15,4,0,1,0,0,2025-08-15 22:12:29,0
TXN_200618,CUST_778,1,0.07761793241886918,0.05522744443079378,6,12,1,0,0,0,1,2025-08-12 06:58:21,0
TXN_200619,CUST_682,1,0.6159250585480094,0.8005391530302055,16,21,3,0,0,0,1,2025-08-21 16:07:07,0
TXN_200620,CUST_607,1,0.7410505185680829,0.017898560068186586,1,14,3,0,0,1,0,2025-08-14 01:29:46,0
TXN_200621,CUST_635,1,0.8645031783205085,0.9521103706768008,12,16,5,0,1,0,0,2025-08-16 12:09:37,0
TXN_200622,CUST_434,1,0.781197724991636,0.009281512000970535,1,23,5,0,1,0,0,2025-08-23 01:20:07,0
TXN_200623,CUST_676,1,0.2315155570424891,0.21921714328140054,9,25,0,0,1,0,0,2025-08-25 09:39:12,0
TXN_200624,CUST_515,1,0.915356306457009,0.026645003743554826,8,1,4,0,0,0,1,2025-08-01 08:46:29,0
TXN_200625,CUST_704,1,0.007694881231180997,0.012740221635092561,21,7,3,0,0,1,0,2025-08-07 21:04:03,1
TXN_200626,CUST_575,1,0.9745734359317497,0.9362471685530622,8,23,5,0,0,0,1,2025-08-23 08:34:07,0
TXN_200627,CUST_780,1,0.1368350618936099,0.4076766007871659,8,1,4,0,1,0,0,2025-08-01 08:46:57,1
TXN_200628,CUST_186,1,0.08062897290063566,0.022182603851603658,16,25,0,0,0,1,0,2025-08-25 16:57:08,0
TXN_200629,CUST_551,1,0.8932753429240549,0.010257224830010014,4,19,1,1,0,0,0,2025-08-19 04:15:08,0
TXN_200630,CUST_418,0,0.6249581799933088,0.03539144741892307,21,10,6,0,1,0,0,2025-08-10 21:19:03,1
TXN_200631,CUST_360,0,0.38842422214787553,0.02616589027553186,15,14,3,0,0,0,1,2025-08-14 15:10:47,0
TXN_200632,CUST_247,1,0.19237203077952492,0.029960329055129832,9,24,6,0,1,0,0,2025-08-24 09:46:54,0
TXN_200633,CUST_590,1,0.6420207427233188,0.026088952346360286,15,6,2,0,0,1,0,2025-08-06 15:39:29,0
TXN_200634,CUST_740,1,0.21612579458012712,0.03548587124108818,1,6,2,0,0,0,1,2025-08-06 01:05:35,0
TXN_200635,CUST_109,1,0.6697892271662763,0.007522431165820505,19,2,5,0,0,0,1,2025-08-02 19:42:21,0
TXN_200636,CUST_643,1,0.30612244897959184,0.03617131824643491,19,18,0,0,1,0,0,2025-08-18 19:21:07,0
TXN_200637,CUST_341,1,0.6942121110739378,0.014915466723488823,13,14,3,0,0,0,1,2025-08-14 13:20:18,0
TXN_200638,CUST_567,0,0.4814319170291067,0.030114204913472976,16,4,0,0,0,0,1,2025-08-04 16:56:45,0
TXN_200639,CUST_663,1,0.5801271328203412,0.04007766674119154,12,22,4,0,1,0,0,2025-08-22 12:21:22,0
TXN_200640,CUST_196,1,0.508531281365005,0.05610523625906944,6,14,3,0,0,1,0,2025-08-14 06:59:46,0
TXN_200641,CUST_280,1,0.3332218133154901,0.028215236934374638,5,12,1,0,1,0,0,2025-08-12 05:22:08,0
TXN_200642,CUST_344,1,0.02776848444295751,0.04998167653273206,23,6,2,0,1,0,0,2025-08-06 23:16:05,0
TXN_200643,CUST_284,1,0.9718969555035128,0.013862815965277771,5,22,4,0,1,0,0,2025-08-22 05:08:02,0
TXN_200644,CUST_732,1,0.4028103044496487,0.0244837473695534,10,25,0,0,0,0,1,2025-08-25 10:28:50,0
TXN_200645,CUST_167,1,0.5265975242556039,0.021000557485240417,10,3,6,0,0,1,0,2025-08-03 10:34:00,0
TXN_200646,CUST_558,1,0.15757778521244561,0.0019269454078880048,2,4,0,1,0,0,0,2025-08-04 02:50:31,0
TXN_200647,CUST_522,1,0.0665774506523921,0.08985650691519856,9,2,5,0,0,0,1,2025-08-02 09:49:47,0
TXN_200648,CUST_154,1,0.9237203077952493,0.02035357944447947,2,4,0,1,0,0,0,2025-08-04 02:47:30,0
TXN_200649,CUST_300,1,0.8079625292740047,0.025595850163942484,16,21,3,0,0,0,1,2025-08-21 16:03:20,0
TXN_200650,CUST_244,0,0.8571428571428571,0.08694335714247495,22,21,3,0,1,0,0,2025-08-21 22:31:46,0
TXN_200651,CUST_309,1,0.019404483104717297,0.012432469918406276,18,15,4,0,1,0,0,2025-08-15 18:48:06,0
TXN_200652,CUST_505,1,0.6055536968885915,0.014107618467187319,3,13,2,0,0,0,1,2025-08-13 03:56:23,0
TXN_200653,CUST_299,1,0.8869187019069923,0.007092278198179445,11,15,4,0,0,1,0,2025-08-15 11:06:51,0
TXN_200654,CUST_734,1,0.8932753429240549,0.0174124522429662,10,25,0,0,1,0,0,2025-08-25 10:08:47,0
TXN_200655,CUST_379,1,0.20107059217129475,0.014593726292407704,16,4,0,0,0,1,0,2025-08-04 16:54:45,0
TXN_200656,CUST_109,1,0.2191368350618936,0.022885536749943928,10,22,4,0,1,0,0,2025-08-22 10:47:56,0
TXN_200657,CUST_613,1,0.8109735697557712,0.038839665517248975,22,14,3,0,1,0,0,2025-08-14 22:43:42,1
TXN_200658,CUST_384,1,0.5610572097691535,0.7798498444402501,8,23,5,1,0,0,0,2025-08-23 08:48:25,0
TXN_200659,CUST_741,1,0.9544998327199732,0.02518318308929496,8,5,1,0,0,0,1,2025-08-05 08:04:50,0
TXN_200660,CUST_215,1,0.46871863499498156,0.1558202896440253,6,18,0,0,0,0,1,2025-08-18 06:50:27,0
TXN_200661,CUST_273,1,0.6851789896286383,0.9831583222761288,13,20,2,0,0,0,1,2025-08-20 13:03:54,1
TXN_200662,CUST_718,1,0.8591502174640347,0.019580702974165046,13,2,5,0,1,0,0,2025-08-02 13:59:07,0
TXN_200663,CUST_751,1,0.1375041820006691,1.0,11,21,3,0,0,0,1,2025-08-21 11:59:09,0
TXN_200664,CUST_462,1,0.1997323519571763,0.024284408189427054,22,17,6,0,0,0,1,2025-08-17 22:24:09,0
TXN_200665,CUST_697,0,0.7407159585145533,0.04548080767619511,15,3,6,1,0,0,0,2025-08-03 15:50:36,0
TXN_200666,CUST_512,1,0.8420876547340247,0.011666587805289265,12,19,1,0,0,0,1,2025-08-19 12:41:49,0
TXN_200667,CUST_688,1,0.6088992974238876,0.02200424774306956,4,23,5,0,1,0,0,2025-08-23 04:07:17,0
TXN_200668,CUST_752,1,0.13415858146537302,0.027124117211577797,13,14,3,0,1,0,0,2025-08-14 13:01:25,0
TXN_200669,CUST_618,1,0.2612914018066243,0.02200424774306956,17,7,3,0,1,0,0,2025-08-07 17:52:28,0
TXN_200670,CUST_468,1,0.10605553696888591,0.04418335441607451,10,24,6,0,1,0,0,2025-08-24 10:56:44,0
TXN_200671,CUST_481,1,0.034794245567079295,0.047984787552869904,14,19,1,0,1,0,0,2025-08-19 14:28:37,0
TXN_200672,CUST_704,1,0.3445968551354968,0.12056523219045187,12,18,0,0,1,0,0,2025-08-18 12:20:06,0
TXN_200673,CUST_601,0,0.7075945132151221,0.023480057111724257,10,9,5,0,0,0,1,2025-08-09 10:23:58,0
TXN_200674,CUST_593,0,0.7995985279357645,0.03994477395444064,3,23,5,0,0,0,1,2025-08-23 03:20:38,1
TXN_200675,CUST_581,1,0.3402475744396119,0.2572839323283351,20,15,4,0,0,0,1,2025-08-15 20:47:32,0
TXN_200676,CUST_533,1,0.7136165941786551,0.03023660616442775,19,16,5,1,0,0,0,2025-08-16 19:38:41,0
TXN_200677,CUST_259,1,0.43626630980260955,0.040976441641059444,10,19,1,0,1,0,0,2025-08-19 10:40:02,0
TXN_200678,CUST_639,0,0.2656406825025092,0.012757707528086103,8,11,0,0,0,0,1,2025-08-11 08:07:17,0
TXN_200679,CUST_559,1,0.33522917363666777,0.007882640561487412,16,11,0,0,0,0,1,2025-08-11 16:35:15,0
TXN_200680,CUST_394,1,0.8979591836734694,0.010634920118670458,2,23,5,0,0,0,1,2025-08-23 02:29:34,0
TXN_200681,CUST_226,0,0.3944463031114085,0.436951482836949,1,13,2,1,0,0,0,2025-08-13 01:37:06,0
TXN_200682,CUST_765,0,0.22750083640013383,0.01730054252780755,20,19,1,0,1,0,0,2025-08-19 20:16:59,0
TXN_200683,CUST_740,1,0.3834058213449314,0.010222253044022939,10,2,5,0,0,0,1,2025-08-02 10:42:10,0
TXN_200684,CUST_656,1,0.0026764804282368685,0.2535279625133229,9,7,3,1,0,0,0,2025-08-07 09:38:55,0
TXN_200685,CUST_621,1,0.180327868852459,0.0059661866893955294,17,19,1,0,0,0,1,2025-08-19 17:58:38,0
TXN_200686,CUST_487,1,0.2311809969889595,0.006990860018816919,20,21,3,0,0,0,1,2025-08-21 20:43:00,0
TXN_200687,CUST_566,1,0.6634325861492137,0.010967152085547702,19,24,6,0,1,0,0,2025-08-24 19:11:21,0
TXN_200688,CUST_792,1,0.20441619270659084,0.007634340880979157,22,15,4,0,0,0,1,2025-08-15 22:09:26,0
TXN_200689,CUST_546,1,0.13616594178655067,0.014845523151514665,14,2,5,0,1,0,0,2025-08-02 14:11:14,0
TXN_200690,CUST_264,1,0.06624289059886249,0.007567894487603707,17,24,6,0,0,0,1,2025-08-24 17:12:42,0
TXN_200691,CUST_600,1,0.27333556373369017,0.017811130603218893,20,13,2,1,0,0,0,2025-08-13 20:22:37,0
TXN_200692,CUST_659,1,0.7380394780863164,0.010991632335738657,1,11,0,1,0,0,0,2025-08-11 01:26:39,0
TXN_200693,CUST_629,1,0.16259618601538975,0.03421989258835595,13,15,4,0,0,0,1,2025-08-15 13:51:46,0
TXN_200694,CUST_491,1,0.6219471395115423,0.02317230539503797,3,15,4,0,1,0,0,2025-08-15 03:19:08,0
TXN_200695,CUST_178,0,0.3011040481766477,0.01941283840142707,6,1,4,0,0,0,1,2025-08-01 06:56:15,0
TXN_200696,CUST_156,1,0.4954834392773503,0.025767211915279167,3,20,2,0,0,1,0,2025-08-20 03:30:30,0
TXN_200697,CUST_165,0,0.4817664770826363,0.024662103478087498,22,22,4,0,0,0,1,2025-08-22 22:04:19,1
TXN_200698,CUST_213,1,0.3549682167949147,0.024613142977705588,4,17,6,0,1,0,0,2025-08-17 04:18:57,0
TXN_200699,CUST_737,0,0.7062562730010037,0.009166105107213177,20,8,4,0,1,0,0,2025-08-08 20:39:58,0
TXN_200700,CUST_223,1,0.24924723987955838,0.011173485622871463,11,23,5,0,1,0,0,2025-08-23 11:48:09,0
TXN_200701,CUST_203,1,0.6396788223486115,0.033093801079572036,19,16,5,0,1,0,0,2025-08-16 19:15:42,0
TXN_200702,CUST_486,1,0.6212780194044831,0.039192880555718464,10,17,6,0,0,1,0,2025-08-17 10:55:01,0
TXN_200703,CUST_487,1,0.8778855804616928,0.022140637708419165,16,1,4,1,0,0,0,2025-08-01 16:56:34,0
TXN_200704,CUST_431,0,0.9658748745399799,0.03861234890833296,1,22,4,0,0,1,0,2025-08-22 01:14:42,0
TXN_200705,CUST_451,1,0.7855470056875209,0.04492125910040186,19,2,5,0,1,0,0,2025-08-02 19:35:51,0
TXN_200706,CUST_764,1,0.9591836734693877,0.04740425590548441,15,3,6,0,0,0,1,2025-08-03 15:14:54,0
TXN_200707,CUST_117,1,0.2355302776848444,0.6014447754057697,20,20,2,1,0,0,0,2025-08-20 20:20:48,0
TXN_200708,CUST_514,1,0.34928069588491134,0.0211719192365771,4,11,0,0,0,0,1,2025-08-11 04:16:45,0
TXN_200709,CUST_616,1,0.8293743726998996,0.045778067857085276,6,22,4,0,1,0,0,2025-08-22 06:04:04,0
TXN_200710,CUST_525,1,0.9575108732017397,0.011610632947709941,18,20,2,0,1,0,0,2025-08-20 18:55:15,0
TXN_200711,CUST_391,0,0.26329876212780196,0.024920894694391876,15,12,1,0,0,0,1,2025-08-12 15:23:17,0
TXN_200712,CUST_516,1,0.9347607895617263,0.02472505269286424,17,9,5,0,0,0,1,2025-08-09 17:32:49,0
TXN_200713,CUST_458,1,0.9113415858146537,0.10832510709497452,2,10,6,1,0,0,0,2025-08-10 02:34:02,0
TXN_200714,CUST_782,1,0.8835731013716962,0.01719212999124761,5,12,1,0,0,0,1,2025-08-12 05:13:30,0
TXN_200715,CUST_681,1,0.8798929407828705,0.011072067443508936,10,25,0,0,0,0,1,2025-08-25 10:42:01,0
TXN_200716,CUST_526,0,0.5095349615255939,0.01458323475661158,16,21,3,0,0,0,1,2025-08-21 16:21:29,0
TXN_200717,CUST_195,1,0.18133154901304782,0.024732047050061653,3,17,6,0,0,0,1,2025-08-17 03:44:02,0
TXN_200718,CUST_707,1,0.2867179658748745,0.02374584268522605,1,20,2,0,1,0,0,2025-08-20 01:24:50,0
TXN_200719,CUST_575,1,0.2713282034125125,0.7501832783874117,22,13,2,1,0,0,0,2025-08-13 22:05:52,0
TXN_200720,CUST_163,1,0.124790899966544,0.03476545244975437,19,25,0,0,0,0,1,2025-08-25 19:41:22,0
TXN_200721,CUST_522,1,0.3087989294078287,0.013516595284005697,19,24,6,0,0,0,1,2025-08-24 19:00:54,1
TXN_200722,CUST_573,1,0.20240883238541318,0.03045692841614634,12,5,1,0,1,0,0,2025-08-05 12:35:14,0
TXN_200723,CUST_460,1,0.8032786885245902,0.09093713510219927,19,19,1,0,0,0,1,2025-08-19 19:47:05,0
TXN_200724,CUST_567,1,0.007360321177651388,0.011827458020829823,7,22,4,0,0,0,1,2025-08-22 07:46:41,0
TXN_200725,CUST_274,0,0.1612579458012713,0.011309875588221066,11,2,5,0,1,0,0,2025-08-02 11:16:48,0
TXN_200726,CUST_298,1,0.9180327868852459,0.03138018356620521,7,7,3,0,0,0,1,2025-08-07 07:21:29,0
TXN_200727,CUST_647,0,0.0003345600535296085,0.021497156846256926,7,19,1,0,0,0,1,2025-08-19 07:44:19,0
TXN_200728,CUST_589,1,0.1883573101371696,0.006193503298311537,19,12,1,1,0,0,0,2025-08-12 19:14:02,0
TXN_200729,CUST_510,1,0.7929073268651723,0.6205498620905104,5,25,0,0,0,0,1,2025-08-25 05:01:12,1
TXN_200730,CUST_122,0,0.6045500167280027,0.0499502019253437,8,21,3,0,0,0,1,2025-08-21 08:42:55,0
TXN_200731,CUST_640,0,0.4958179993308799,0.01879034061085708,0,19,1,0,1,0,0,2025-08-19 00:07:22,0
TXN_200732,CUST_501,0,0.27266644362663095,0.028939152904307153,18,17,6,0,0,0,1,2025-08-17 18:10:52,0
TXN_200733,CUST_586,1,0.23318835731013715,0.02926089333538827,16,18,0,0,1,0,0,2025-08-18 16:26:20,0
TXN_200734,CUST_379,1,0.9220475075276012,0.5307248297827003,8,15,4,0,0,0,1,2025-08-15 08:32:08,0
TXN_200735,CUST_786,1,0.4851120776179324,0.0137858780361062,9,4,0,0,1,0,0,2025-08-04 09:43:14,0
TXN_200736,CUST_610,0,0.696554031448645,0.01043907811714282,14,9,5,0,0,0,1,2025-08-09 14:20:04,1
TXN_200737,CUST_235,1,0.2783539645366343,0.026494625063810392,6,2,5,0,1,0,0,2025-08-02 06:43:23,0
TXN_200738,CUST_775,1,0.47139511542321844,0.049467591278722016,15,17,6,0,1,0,0,2025-08-17 15:38:54,0
TXN_200739,CUST_386,0,0.09334225493476078,0.46110649541822385,14,22,4,0,1,0,0,2025-08-22 14:32:02,0
TXN_200740,CUST_321,1,0.7587822014051522,0.016384281734946105,14,3,6,0,0,0,1,2025-08-03 14:09:21,0
TXN_200741,CUST_603,0,0.21378387420541986,0.01530015636934668,7,19,1,1,0,0,0,2025-08-19 07:10:02,0
TXN_200742,CUST_421,1,0.6152559384409502,0.014520285541834838,19,12,1,0,0,0,1,2025-08-12 19:54:00,0
TXN_200743,CUST_615,1,0.24790899966543994,0.028568451972844126,7,19,1,0,1,0,0,2025-08-19 07:11:54,0
TXN_200744,CUST_102,1,0.5158916025426564,0.008081979741613756,21,24,6,0,1,0,0,2025-08-24 21:44:03,0
TXN_200745,CUST_480,1,0.1331549013047842,0.015884185195330885,14,22,4,0,0,0,1,2025-08-22 14:51:08,0
TXN_200746,CUST_437,1,0.23051187688190028,0.11379819160195224,10,25,0,0,0,0,1,2025-08-25 10:02:34,0
TXN_200747,CUST_706,1,0.5935095349615256,0.018678430895698428,23,7,3,0,1,0,0,2025-08-07 23:49:10,0
TXN_200748,CUST_504,1,0.6831716293074607,0.0473552954051025,19,14,3,0,1,0,0,2025-08-14 19:36:59,0
TXN_200749,CUST_497,1,0.12679826028772165,0.031586517103528965,21,16,5,0,0,0,1,2025-08-16 21:03:36,0
TXN_200750,CUST_760,1,0.7193041150886584,0.007686798559959774,10,25,0,0,0,0,1,2025-08-25 10:18:49,0
TXN_200751,CUST_650,1,0.20943459350953494,0.4782986254094715,13,5,1,0,1,0,0,2025-08-05 13:18:22,0
TXN_200752,CUST_282,1,0.26296420207427235,0.02400113672293172,3,4,0,0,0,0,1,2025-08-04 03:18:30,0
TXN_200753,CUST_613,1,0.9240548678487789,0.015761783944376113,9,13,2,0,1,0,0,2025-08-13 09:29:41,0
TXN_200754,CUST_365,1,0.041485446637671466,0.019293934329071005,0,25,0,0,1,0,0,2025-08-25 00:08:48,0
TXN_200755,CUST_149,1,0.5292740046838408,0.9285568728145037,13,7,3,0,0,0,1,2025-08-07 13:45:50,0
TXN_200756,CUST_796,1,0.16661090665774506,0.012841639814455089,11,4,0,0,1,0,0,2025-08-04 11:47:49,0
TXN_200757,CUST_648,0,0.7390431582469053,0.03444021484007454,13,19,1,0,0,1,0,2025-08-19 13:31:20,0
TXN_200758,CUST_618,1,0.9561726329876212,0.01711169488347733,5,1,4,0,1,0,0,2025-08-01 05:23:23,0
TXN_200759,CUST_410,1,0.44764135162261626,0.8417009451369964,9,19,1,0,0,1,0,2025-08-19 09:53:01,0
TXN_200760,CUST_338,0,0.41686182669789223,0.3228910028400937,6,2,5,0,1,0,0,2025-08-02 06:07:03,0
TXN_200761,CUST_256,1,0.014720642355302776,0.026711450136930277,9,23,5,1,0,0,0,2025-08-23 09:25:29,0
TXN_200762,CUST_786,1,0.9033121445299431,0.03460807941281252,0,23,5,0,1,0,0,2025-08-23 00:35:29,0
TXN_200763,CUST_542,1,0.4158581465373034,0.04625718132510824,5,20,2,0,0,0,1,2025-08-20 05:58:49,0
TXN_200764,CUST_716,1,0.02107728337236534,0.029281876406980517,8,19,1,0,0,1,0,2025-08-19 08:02:56,0
TXN_200765,CUST_532,0,0.8487788558046169,0.012782187778277054,17,14,3,0,0,0,1,2025-08-14 17:59:43,0
TXN_200766,CUST_182,1,0.3469387755102041,0.016782960095198793,5,1,4,0,0,0,1,2025-08-01 05:24:00,0
TXN_200767,CUST_169,1,0.49815991970558715,0.03822066490527769,22,18,0,1,0,0,0,2025-08-18 22:56:34,0
TXN_200768,CUST_785,1,0.41786550685848106,0.08088274663091431,6,24,6,0,1,0,0,2025-08-24 06:48:40,0
TXN_200769,CUST_238,1,0.6058882569421211,0.02437183765439475,9,8,4,0,1,0,0,2025-08-08 09:43:43,0
TXN_200770,CUST_605,1,0.2960856473737036,0.018367182000413432,13,13,2,1,0,0,0,2025-08-13 13:47:09,0
TXN_200771,CUST_279,0,0.32385413181666106,0.016650067308447897,22,6,2,0,1,0,0,2025-08-06 22:20:38,0
TXN_200772,CUST_455,1,0.896620943459351,0.01843362839378888,16,18,0,0,1,0,0,2025-08-18 16:59:27,0
TXN_200773,CUST_637,0,0.7019069923051188,0.047148961867778734,21,23,5,0,0,1,0,2025-08-23 21:21:46,0
TXN_200774,CUST_205,1,0.6493810639009702,0.17768465024314656,0,6,2,1,0,0,0,2025-08-06 00:22:27,0
TXN_200775,CUST_281,1,0.1796587487453998,0.09934784963209156,14,7,3,0,1,0,0,2025-08-07 14:48:25,0
TXN_200776,CUST_496,1,0.18233522917363665,0.0023011435179497407,14,25,0,0,1,0,0,2025-08-25 14:34:30,0
TXN_200777,CUST_535,0,0.3559718969555035,0.0545629804970393,0,1,4,0,0,1,0,2025-08-01 00:19:59,0
TXN_200778,CUST_164,0,0.8049514887922382,0.5800945000606585,21,1,4,0,0,0,1,2025-08-01 21:02:01,1
TXN_200779,CUST_453,1,0.17263298762127802,0.030897572919583526,9,17,6,0,1,0,0,2025-08-17 09:27:07,0
TXN_200780,CUST_419,1,0.7908999665439946,0.9629131553682093,9,4,0,0,0,0,1,2025-08-04 09:36:12,0
TXN_200781,CUST_520,1,0.8634994981599197,0.019825505476074593,12,13,2,0,0,1,0,2025-08-13 12:52:40,1
TXN_200782,CUST_171,1,0.2114419538307126,0.01383483853648811,11,23,5,0,0,1,0,2025-08-23 11:52:02,0
TXN_200783,CUST_708,0,0.4496487119437939,0.0012904589029231828,14,21,3,0,0,0,1,2025-08-21 14:43:12,0
TXN_200784,CUST_455,1,0.03680160588825694,0.2440331226178312,13,8,4,0,0,1,0,2025-08-08 13:41:58,0
TXN_200785,CUST_194,1,0.17397122783539645,0.018493080429966915,15,9,5,0,0,0,1,2025-08-09 15:05:37,0
TXN_200786,CUST_588,1,0.4710605553696888,0.19986375691615152,15,5,1,0,1,0,0,2025-08-05 15:34:31,0
TXN_200787,CUST_373,1,0.4536634325861492,0.012477933240189476,13,25,0,0,1,0,0,2025-08-25 13:10:37,0
TXN_200788,CUST_409,1,0.9809300769488123,0.6806418819521068,10,13,2,0,1,0,0,2025-08-13 10:35:23,1
TXN_200789,CUST_240,0,0.25861492137838743,0.7024817623010371,19,3,6,1,0,0,0,2025-08-03 19:14:52,1
TXN_200790,CUST_314,0,0.4228839076614252,0.02636872663425691,19,22,4,1,0,0,0,2025-08-22 19:28:33,0
TXN_200791,CUST_711,1,0.8939444630311141,0.012177175880700605,6,9,5,0,0,1,0,2025-08-09 06:40:42,0
TXN_200792,CUST_111,1,0.9133489461358314,0.044770880420657425,0,2,5,1,0,0,0,2025-08-02 00:36:10,0
TXN_200793,CUST_417,1,0.18668450986952156,0.2617952927206682,14,10,6,0,0,0,1,2025-08-10 14:14:45,0
TXN_200794,CUST_338,1,0.5092004014720642,0.056871118372186454,6,19,1,0,0,0,1,2025-08-19 06:41:24,0
TXN_200795,CUST_493,1,0.43559718969555034,0.008760432389763071,7,25,0,0,1,0,0,2025-08-25 07:36:37,0
TXN_200796,CUST_734,0,0.14553362328537972,0.019678623974928863,23,17,6,0,1,0,0,2025-08-17 23:02:04,0
TXN_200797,CUST_234,1,0.6978922716627635,0.03026808077181612,6,9,5,0,0,1,0,2025-08-09 06:15:56,0
TXN_200798,CUST_753,1,0.42857142857142855,0.13517994155445182,7,8,4,0,0,1,0,2025-08-08 07:21:15,0
TXN_200799,CUST_732,1,0.02542656406825025,0.07881241690047928,22,4,0,0,0,0,1,2025-08-04 22:32:39,0
TXN_200800,CUST_451,1,0.8909334225493476,0.022588276569053763,3,18,0,0,0,0,1,2025-08-18 03:55:22,0
TXN_200801,CUST_292,1,0.852124456339913,0.06461387178972557,23,9,5,0,0,0,1,2025-08-09 23:28:47,0
TXN_200802,CUST_139,1,0.45500167280026765,0.028540474544054464,20,11,0,0,0,1,0,2025-08-11 20:27:34,0
TXN_200803,CUST_250,1,0.46838407494145196,0.008484155280465155,17,10,6,0,0,0,1,2025-08-10 17:42:34,0
TXN_200804,CUST_448,1,0.05587152893944463,0.018832306754041572,3,11,0,0,1,0,0,2025-08-11 03:33:13,0
TXN_200805,CUST_382,1,0.3807293409166945,0.012848634171652506,19,19,1,0,0,1,0,2025-08-19 19:27:10,0
TXN_200806,CUST_494,1,0.7437269989963198,0.019884957512252624,11,6,2,0,1,0,0,2025-08-06 11:33:34,0
TXN_200807,CUST_637,0,0.9524924723987955,0.02401862261592526,12,1,4,0,0,0,1,2025-08-01 12:56:59,1
TXN_200808,CUST_629,1,0.20541987286717964,0.03972095452412334,12,16,5,0,0,1,0,2025-08-16 12:23:02,0
TXN_200809,CUST_194,1,0.6898628303780528,0.0276172193939956,8,2,5,0,0,0,1,2025-08-02 08:19:05,0
TXN_200810,CUST_455,1,0.4847775175644028,0.009187088178805425,15,23,5,0,0,1,0,2025-08-23 15:27:49,0
TXN_200811,CUST_741,1,0.5567079290732686,0.040784096818130514,17,25,0,1,0,0,0,2025-08-25 17:06:17,0
TXN_200812,CUST_478,1,0.5901639344262295,0.2629668475512353,15,3,6,1,0,0,0,2025-08-03 15:42:38,0
TXN_200813,CUST_208,0,0.4526597524255604,0.5825145476509643,15,7,3,0,1,0,0,2025-08-07 15:05:18,0
TXN_200814,CUST_298,0,0.41753094680495145,0.04134014821532506,12,17,6,0,1,0,0,2025-08-17 12:37:36,0
TXN_200815,CUST_523,1,0.078621612579458,0.01974856754690302,22,5,1,0,1,0,0,2025-08-05 22:31:05,0
TXN_200816,CUST_458,0,0.4309133489461358,0.4824742566563286,3,1,4,0,1,0,0,2025-08-01 03:07:20,0
TXN_200817,CUST_618,1,0.20441619270659084,0.006280932763279232,21,1,4,1,0,0,0,2025-08-01 21:42:46,0
TXN_200818,CUST_661,1,0.12077617932418869,0.03225098103728345,8,16,5,1,0,0,0,2025-08-16 08:21:48,0
TXN_200819,CUST_781,1,0.19839411174305788,0.028061361076031494,4,1,4,0,0,0,1,2025-08-01 04:25:40,0
TXN_200820,CUST_326,1,0.9304115088658413,0.01914005847072786,8,7,3,0,0,0,1,2025-08-07 08:22:13,0
TXN_200821,CUST_776,0,0.11843425894948142,0.06051517847204,4,20,2,0,1,0,0,2025-08-20 04:59:29,1
TXN_200822,CUST_406,0,0.5399799263967882,0.015499495549473028,23,13,2,0,0,0,1,2025-08-13 23:37:19,0
TXN_200823,CUST_532,1,0.7400468384074941,0.012338046096241163,19,11,0,0,1,0,0,2025-08-11 19:14:39,0
TXN_200824,CUST_216,1,0.6510538641686182,0.024742538585857777,0,16,5,0,1,0,0,2025-08-16 00:18:14,0
TXN_200825,CUST_640,1,0.38875878220140514,0.015905168266923134,8,16,5,0,0,0,1,2025-08-16 08:03:42,0
TXN_200826,CUST_791,1,0.42890598862495816,0.02432287715401284,7,13,2,0,0,0,1,2025-08-13 07:36:38,0
TXN_200827,CUST_774,1,0.08966209434593508,0.03134521178021813,23,23,5,0,0,0,1,2025-08-23 23:02:12,0
TXN_200828,CUST_496,1,0.7126129140180663,0.008368748386707796,12,22,4,0,1,0,0,2025-08-22 12:36:38,0
TXN_200829,CUST_736,0,0.5279357644697223,0.037314895648212366,10,8,4,0,1,0,0,2025-08-08 10:06:06,0
TXN_200830,CUST_198,1,0.34626965540314486,0.050254456463431275,0,23,5,0,1,0,0,2025-08-23 00:15:30,0
TXN_200831,CUST_635,1,0.3124790899966544,0.08121497859779155,18,21,3,1,0,0,0,2025-08-21 18:37:07,0
TXN_200832,CUST_498,1,0.6600869856139177,0.014936449795081068,11,18,0,0,1,0,0,2025-08-18 11:59:41,0
TXN_200833,CUST_103,1,0.8317162930746068,0.03002677544850528,21,4,0,0,0,0,1,2025-08-04 21:56:37,0
TXN_200834,CUST_469,1,0.7795249247239879,0.04585150860765814,15,15,4,0,1,0,0,2025-08-15 15:12:02,0
TXN_200835,CUST_559,1,0.7567748410839745,0.033828208585300674,0,9,5,0,1,0,0,2025-08-09 00:46:36,0
TXN_200836,CUST_174,1,0.3225158916025426,0.1958734761350259,4,23,5,0,1,0,0,2025-08-23 04:56:07,0
TXN_200837,CUST_788,1,0.8099698895951823,0.10663596983179864,20,23,5,0,0,1,0,2025-08-23 20:39:40,0
TXN_200838,CUST_352,1,0.54700568752091,0.012131712558917401,8,24,6,0,0,0,1,2025-08-24 08:17:05,0
TXN_200839,CUST_177,0,0.09200401472064235,0.02610993541795253,8,17,6,0,1,0,0,2025-08-17 08:57:43,0
TXN_200840,CUST_327,1,0.7139511542321847,0.0432845795162066,9,1,4,0,1,0,0,2025-08-01 09:13:28,0
TXN_200841,CUST_471,1,0.03546336567413851,0.02203572235045793,18,3,6,0,0,0,1,2025-08-03 18:40:20,0
TXN_200842,CUST_545,1,0.8688524590163934,0.04584801142905943,17,18,0,0,1,0,0,2025-08-18 17:36:59,0
TXN_200843,CUST_773,1,0.5941786550685848,0.004504366035135664,19,15,4,0,1,0,0,2025-08-15 19:24:27,0
TXN_200844,CUST_123,1,0.5674138507862161,0.039287304377883574,7,2,5,0,0,1,0,2025-08-02 07:28:11,0
TXN_200845,CUST_637,1,0.2194713951154232,0.007064300769389783,20,24,6,0,1,0,0,2025-08-24 20:36:56,0
TXN_200846,CUST_611,1,0.8798929407828705,0.3736665389147324,21,18,0,0,0,1,0,2025-08-18 21:24:12,0
TXN_200847,CUST_386,1,0.042823686851789895,0.033377072546067366,9,25,0,0,0,1,0,2025-08-25 09:48:08,0
TXN_200848,CUST_728,1,0.6286383405821345,0.026123924132347362,18,12,1,0,1,0,0,2025-08-12 18:32:55,0
TXN_200849,CUST_104,1,0.8979591836734694,0.014411873005274897,8,7,3,0,1,0,0,2025-08-07 08:29:26,0
TXN_200850,CUST_630,1,0.02542656406825025,0.9947130003662594,3,18,0,0,1,0,0,2025-08-18 03:12:59,1
TXN_200851,CUST_589,1,0.9969889595182335,0.02737591407068476,8,25,0,0,0,1,0,2025-08-25 08:36:09,0
TXN_200852,CUST_190,1,0.758113081298093,0.01033066558058288,9,6,2,0,1,0,0,2025-08-06 09:17:07,0
TXN_200853,CUST_777,1,0.31549013047842084,0.4523040968852763,22,13,2,0,1,0,0,2025-08-13 22:16:07,0
TXN_200854,CUST_340,1,0.22114419538307126,0.022822587535167187,5,14,3,0,1,0,0,2025-08-14 05:23:27,0
TXN_200855,CUST_254,1,0.2746738039478086,0.005661932151307949,6,24,6,0,0,0,1,2025-08-24 06:45:34,0
TXN_200856,CUST_248,0,0.7627969220475075,0.011565169625926738,1,5,1,1,0,0,0,2025-08-05 01:58:25,0
TXN_200857,CUST_468,1,0.8233522917363667,0.13738316407163773,22,1,4,0,1,0,0,2025-08-01 22:02:00,0
TXN_200858,CUST_620,1,0.2977584476413516,0.7250455586198999,0,20,2,0,1,0,0,2025-08-20 00:52:50,0
TXN_200859,CUST_196,1,0.41753094680495145,0.01952824529518443,8,25,0,0,0,0,1,2025-08-25 08:53:15,0
TXN_200860,CUST_233,1,0.5259284041485447,0.007092278198179445,7,6,2,0,1,0,0,2025-08-06 07:12:46,0
TXN_200861,CUST_305,1,0.27333556373369017,0.06628552315990789,8,16,5,1,0,0,0,2025-08-16 08:01:47,0
TXN_200862,CUST_554,1,0.2539310806289729,0.014128601538779564,8,7,3,0,0,0,1,2025-08-07 08:03:45,0
TXN_200863,CUST_598,1,0.836734693877551,0.040934475497874954,16,3,6,0,1,0,0,2025-08-03 16:57:22,0
TXN_200864,CUST_759,1,0.6038808966209435,0.007326589164292868,14,9,5,1,0,0,0,2025-08-09 14:41:36,0
TXN_200865,CUST_283,1,0.02074272331883573,0.008130940241995666,15,11,0,0,0,0,1,2025-08-11 15:05:35,0
TXN_200866,CUST_483,1,0.7052525928404149,0.13524289076922855,13,17,6,0,1,0,0,2025-08-17 13:11:48,0
TXN_200867,CUST_524,1,0.8504516560722649,0.7828714067495336,18,2,5,0,0,0,1,2025-08-02 18:03:42,0
TXN_200868,CUST_622,1,0.3174974907995985,0.020811709840910197,12,22,4,0,1,0,0,2025-08-22 12:27:56,0
TXN_200869,CUST_652,1,0.4225493476078956,0.03624825617560648,19,19,1,0,0,0,1,2025-08-19 19:37:41,0
TXN_200870,CUST_318,1,0.17832050853128137,0.01239050377522178,16,24,6,0,1,0,0,2025-08-24 16:29:12,0
TXN_200871,CUST_300,0,0.16393442622950818,0.016485699914308632,3,9,5,0,1,0,0,2025-08-09 03:10:54,0
TXN_200872,CUST_627,1,0.12980930076948813,0.01607303283966111,12,22,4,0,0,0,1,2025-08-22 12:09:00,0
TXN_200873,CUST_294,1,0.17330210772833723,0.010806281870007144,0,8,4,0,0,1,0,2025-08-08 00:15:21,0
TXN_200874,CUST_207,1,0.7664770826363332,0.046512475362813915,9,21,3,1,0,0,0,2025-08-21 09:06:36,0
TXN_200875,CUST_608,1,0.41385078621612575,0.023007938000898703,14,19,1,0,0,0,1,2025-08-19 14:24:48,0
TXN_200876,CUST_308,1,0.6022080963532954,0.020042330549194475,15,24,6,0,0,0,1,2025-08-24 15:42:41,0
TXN_200877,CUST_110,1,0.40347942455670793,0.03901802162578307,20,18,0,0,1,0,0,2025-08-18 20:18:19,0
TXN_200878,CUST_149,1,0.022080963532954166,0.015999592089088244,3,3,6,0,0,0,1,2025-08-03 03:58:20,0
TXN_200879,CUST_539,0,0.41686182669789223,0.03249228636059429,5,8,4,0,0,1,0,2025-08-08 05:50:54,1
TXN_200880,CUST_259,1,0.3556373369019739,0.0325412468609762,15,18,0,0,1,0,0,2025-08-18 15:21:15,0
TXN_200881,CUST_574,1,0.406825025092004,0.003969297709533368,8,17,6,0,1,0,0,2025-08-17 08:25:59,0
TXN_200882,CUST_473,1,0.7992639678822349,0.007844171596901626,8,20,2,0,0,0,1,2025-08-20 08:12:31,0
TXN_200883,CUST_169,0,0.5048511207761793,0.015289664833550556,12,2,5,0,0,1,0,2025-08-02 12:21:09,0
TXN_200884,CUST_235,1,0.5771160923385747,0.010103348971666874,9,9,5,0,1,0,0,2025-08-09 09:41:58,0
TXN_200885,CUST_629,1,0.8738708598193375,0.02401512543732655,10,2,5,0,0,1,0,2025-08-02 10:25:38,0
TXN_200886,CUST_387,1,0.07661425225828035,0.003119483310047369,21,10,6,0,0,0,1,2025-08-10 21:17:19,0
TXN_200887,CUST_565,0,0.7209769153563065,0.01587369365953476,11,12,1,0,0,1,0,2025-08-12 11:21:34,0
TXN_200888,CUST_192,1,0.9210438273670124,0.150749380675899,5,14,3,0,0,0,1,2025-08-14 05:17:13,0
TXN_200889,CUST_615,1,0.6406825025092003,0.03014567952086135,20,12,1,0,0,0,1,2025-08-12 20:58:14,0
TXN_200890,CUST_264,1,0.5991970558715289,0.0033642858119569165,23,11,0,0,1,0,0,2025-08-11 23:48:38,0
TXN_200891,CUST_100,1,0.9371027099364335,0.03915790876973138,5,16,5,0,1,0,0,2025-08-16 05:51:03,0
TXN_200892,CUST_410,1,0.49381063900970223,0.5381913060909415,1,2,5,0,1,0,0,2025-08-02 01:55:25,0
TXN_200893,CUST_603,1,0.20843091334894612,0.01616745666182622,0,4,0,0,0,0,1,2025-08-04 00:16:24,0
TXN_200894,CUST_596,1,0.23051187688190028,0.05323754980812904,23,8,4,0,1,0,0,2025-08-08 23:49:45,0
TXN_200895,CUST_323,1,0.7410505185680829,0.5663365994533419,11,12,1,0,0,0,1,2025-08-12 11:01:55,1
TXN_200896,CUST_541,1,0.026095684175309466,0.035905532672933116,9,5,1,0,0,1,0,2025-08-05 09:31:37,0
TXN_200897,CUST_657,1,0.42054198728671793,0.48585253118268035,14,3,6,0,0,0,1,2025-08-03 14:12:31,0
TXN_200898,CUST_155,1,0.7912345265975242,0.025830161130055908,17,15,4,1,0,0,0,2025-08-15 17:44:00,0
TXN_200899,CUST_629,1,0.8243559718969555,0.5723482494645207,20,11,0,0,1,0,0,2025-08-11 20:26:05,0
TXN_200900,CUST_650,1,0.11977249916359986,0.0169193500605484,16,19,1,0,0,1,0,2025-08-19 16:06:28,0
TXN_200901,CUST_649,1,0.5108732017397123,0.038577377122345886,8,6,2,0,0,0,1,2025-08-06 08:25:34,0
TXN_200902,CUST_448,1,0.49146871863499497,0.06966729486485836,12,10,6,0,0,0,1,2025-08-10 12:56:39,0
TXN_200903,CUST_362,1,0.5292740046838408,0.016205925626412005,8,19,1,0,0,0,1,2025-08-19 08:17:15,0
TXN_200904,CUST_448,1,0.8029441284710606,0.015856207766541223,8,1,4,0,0,0,1,2025-08-01 08:52:24,0
TXN_200905,CUST_745,1,0.25225828036132486,0.011348344552806852,17,6,2,0,0,0,1,2025-08-06 17:56:44,0
TXN_200906,CUST_423,1,0.9143526262964202,0.04411341084410035,21,22,4,0,0,0,1,2025-08-22 21:56:41,0
TXN_200907,CUST_114,1,0.10137169621947138,0.050869959896803846,6,20,2,0,1,0,0,2025-08-20 06:20:01,0
TXN_200908,CUST_789,1,0.4416192706590833,0.027033190568011393,23,13,2,0,0,1,0,2025-08-13 23:49:13,0
TXN_200909,CUST_134,1,0.4630311140849782,0.002524962948267041,5,4,0,0,1,0,0,2025-08-04 05:55:32,0
TXN_200910,CUST_126,1,0.383740381398461,0.062025959626681774,6,10,6,0,1,0,0,2025-08-10 06:22:22,0
TXN_200911,CUST_276,1,0.9334225493476078,0.018447617108183715,19,2,5,0,0,0,1,2025-08-02 19:19:48,0
TXN_200912,CUST_242,1,0.9397791903646704,0.022378445853131295,10,20,2,0,0,0,1,2025-08-20 10:37:07,0
TXN_200913,CUST_762,1,0.819672131147541,0.008886330819316553,21,17,6,0,0,1,0,2025-08-17 21:54:06,0
TXN_200914,CUST_756,1,0.18133154901304782,0.04339648923136525,13,10,6,0,0,0,1,2025-08-10 13:02:29,1
TXN_200915,CUST_371,1,0.11040481766477082,0.04003919777660575,12,7,3,0,0,0,1,2025-08-07 12:54:04,0
TXN_200916,CUST_348,0,0.4633656741385078,0.03516413081000706,10,5,1,0,1,0,0,2025-08-05 10:14:11,0
TXN_200917,CUST_348,1,0.4188691870190699,0.2259037487621299,18,24,6,0,0,0,1,2025-08-24 18:11:44,0
TXN_200918,CUST_622,1,0.19605219136835061,0.03503473520185487,8,18,0,1,0,0,0,2025-08-18 08:33:43,0
TXN_200919,CUST_286,1,0.744396119103379,0.03940271127164093,22,9,5,0,0,1,0,2025-08-09 22:43:49,0
TXN_200920,CUST_412,1,0.33021077283372363,0.0509364062901793,20,14,3,0,0,0,1,2025-08-14 20:27:35,0
TXN_200921,CUST_123,1,0.6955503512880562,0.01779714188882406,7,13,2,0,1,0,0,2025-08-13 07:38:31,0
TXN_200922,CUST_714,1,0.5660756105720977,0.010680383440453661,11,24,6,0,0,0,1,2025-08-24 11:33:31,0
TXN_200923,CUST_404,1,0.5674138507862161,0.023515028897711336,19,8,4,0,0,0,1,2025-08-08 19:59:09,0
TXN_200924,CUST_314,1,0.9093342254934761,0.02524962948267041,3,6,2,0,0,0,1,2025-08-06 03:44:22,0
TXN_200925,CUST_241,1,0.3395784543325527,0.03467802298478667,9,1,4,0,0,0,1,2025-08-01 09:42:19,0
TXN_200926,CUST_466,1,0.29842756774841084,0.028183762326986266,16,12,1,0,1,0,0,2025-08-12 16:53:47,0
TXN_200927,CUST_226,1,0.3553027768484443,0.025868630094641694,12,21,3,0,0,0,1,2025-08-21 12:28:10,0
TXN_200928,CUST_389,1,0.28772164603546335,0.6597322511104328,11,24,6,0,0,0,1,2025-08-24 11:26:36,0
TXN_200929,CUST_236,1,0.9876212780194045,0.04313070365786346,21,19,1,0,1,0,0,2025-08-19 21:39:06,0
TXN_200930,CUST_284,0,0.4891267982602877,0.6691956163985362,12,18,0,0,1,0,0,2025-08-18 12:14:32,0
TXN_200931,CUST_674,0,0.005018400802944129,0.01070136651204591,20,19,1,0,0,0,1,2025-08-19 20:53:51,0
TXN_200932,CUST_789,1,0.45533623285379726,0.07556703516087843,15,23,5,0,0,0,1,2025-08-23 15:28:54,0
TXN_200933,CUST_121,1,0.3054533288725326,0.02357098375529066,1,25,0,0,1,0,0,2025-08-25 01:25:14,0
TXN_200934,CUST_633,1,0.3318835731013717,0.02845654225768547,14,24,6,0,1,0,0,2025-08-24 14:34:30,0
TXN_200935,CUST_306,1,0.1953830712612914,0.021969275957082483,14,6,2,0,0,1,0,2025-08-06 14:44:19,0
TXN_200936,CUST_172,1,0.6078956172632988,0.05711941805269471,11,16,5,0,0,0,1,2025-08-16 11:09:56,0
TXN_200937,CUST_485,1,0.3636667781866845,0.014800059829731465,8,7,3,0,0,0,1,2025-08-07 08:01:03,0
TXN_200938,CUST_314,1,0.6012044161927066,0.03548936841968689,7,1,4,0,0,1,0,2025-08-01 07:39:44,0
TXN_200939,CUST_206,0,0.35296085647373704,0.25471000887968615,16,4,0,0,1,0,0,2025-08-04 16:48:22,0
TXN_200940,CUST_631,1,0.2997658079625293,0.04387909987798693,21,12,1,0,1,0,0,2025-08-12 21:08:06,0
TXN_200941,CUST_485,1,0.5731013716962194,0.025148211303307882,19,20,2,0,1,0,0,2025-08-20 19:48:37,0
TXN_200942,CUST_763,1,0.5593844095015055,0.06504752193596533,4,20,2,0,1,0,0,2025-08-20 04:20:41,0
TXN_200943,CUST_784,1,0.48645031783205084,0.05343688898825538,1,24,6,0,1,0,0,2025-08-24 01:41:13,0
TXN_200944,CUST_339,1,0.05152224824355972,0.021790919848548383,1,12,1,1,0,0,0,2025-08-12 01:47:47,0
TXN_200945,CUST_291,1,0.9705587152893944,0.05470636481958632,22,4,0,1,0,0,0,2025-08-04 22:20:35,0
TXN_200946,CUST_153,1,0.3954499832719973,0.0013114419745154302,4,24,6,0,1,0,0,2025-08-24 04:00:48,0
TXN_200947,CUST_314,1,0.49381063900970223,0.020385054051867843,22,9,5,0,1,0,0,2025-08-09 22:48:29,0
TXN_200948,CUST_759,1,0.030444964871194375,0.027547275822021444,18,1,4,0,0,1,0,2025-08-01 18:21:06,0
TXN_200949,CUST_750,0,0.5573770491803278,0.048442917949300626,13,20,2,0,1,0,0,2025-08-20 13:43:39,0
TXN_200950,CUST_508,1,0.7413850786216125,0.033950609836255446,12,16,5,0,0,1,0,2025-08-16 12:23:18,0
TXN_200951,CUST_437,1,0.9223820675811308,0.01610101026845077,2,1,4,0,0,0,1,2025-08-01 02:25:28,0
TXN_200952,CUST_125,1,0.0702576112412178,0.09039507241939956,4,7,3,0,1,0,0,2025-08-07 04:24:29,0
TXN_200953,CUST_402,1,0.9093342254934761,1.0,7,14,3,1,0,0,0,2025-08-14 07:06:58,0
TXN_200954,CUST_617,0,0.26965540314486447,0.08391130329739528,15,22,4,0,1,0,0,2025-08-22 15:32:54,0
TXN_200955,CUST_562,1,0.8748745399799264,1.0,23,22,4,0,1,0,0,2025-08-22 23:41:59,1
TXN_200956,CUST_248,1,0.9267313482770156,0.39052293976050406,2,16,5,0,0,0,1,2025-08-16 02:48:28,0
TXN_200957,CUST_648,1,0.3770491803278688,0.03393662112186062,18,8,4,0,1,0,0,2025-08-08 18:28:37,0
TXN_200958,CUST_718,1,0.3121445299431248,0.04586200014345426,20,10,6,0,1,0,0,2025-08-10 20:08:22,0
TXN_200959,CUST_312,1,0.7420541987286717,0.030407967915764438,10,13,2,0,1,0,0,2025-08-13 10:57:04,0
TXN_200960,CUST_188,1,0.13014386082301774,0.03090806445537965,3,21,3,0,1,0,0,2025-08-21 03:39:56,0
TXN_200961,CUST_355,1,0.571763131482101,0.027159088997564876,0,3,6,0,1,0,0,2025-08-03 00:53:02,1
TXN_200962,CUST_556,1,0.798260287721646,0.04049383099443777,15,8,4,0,1,0,0,2025-08-08 15:41:44,0
TXN_200963,CUST_370,0,0.0622281699565072,0.022203586923195906,20,9,5,0,0,0,1,2025-08-09 20:56:17,0
TXN_200964,CUST_295,1,0.9364335898293743,0.028057863897432783,3,9,5,0,0,0,1,2025-08-09 03:06:25,0
TXN_200965,CUST_609,1,0.41217798594847777,0.05355579306061145,23,4,0,0,0,1,0,2025-08-04 23:49:04,0
TXN_200966,CUST_370,1,0.8347273335563733,0.04880312734496753,8,25,0,0,0,1,0,2025-08-25 08:39:44,0
TXN_200967,CUST_406,1,0.8665105386416861,0.01224711945267476,14,24,6,0,0,0,1,2025-08-24 14:11:15,0
TXN_200968,CUST_525,1,0.1291401806624289,0.13010553540772676,21,25,0,0,0,0,1,2025-08-25 21:57:29,0
TXN_200969,CUST_490,0,0.6771495483439277,0.03842699844260145,2,21,3,0,1,0,0,2025-08-21 02:08:02,0
TXN_200970,CUST_548,1,0.5720976915356306,0.03239436535983047,16,21,3,1,0,0,0,2025-08-21 16:58:39,0
TXN_200971,CUST_549,1,0.830712612914018,0.5150329894102983,11,20,2,1,0,0,0,2025-08-20 11:43:47,0
TXN_200972,CUST_381,1,0.8551354968216794,0.0638270066050163,7,14,3,0,0,0,1,2025-08-14 07:58:37,0
TXN_200973,CUST_459,1,0.26229508196721313,0.029082537226854173,22,20,2,0,1,0,0,2025-08-20 22:12:51,0
TXN_200974,CUST_300,0,0.0742723318835731,0.00800853899104089,1,19,1,0,0,0,1,2025-08-19 01:55:59,0
TXN_200975,CUST_685,1,0.5252592840414855,0.8734273493844738,5,7,3,0,1,0,0,2025-08-07 05:28:48,1
TXN_200976,CUST_135,1,0.9444630311140849,0.03640912639114704,16,22,4,0,0,0,1,2025-08-22 16:22:24,0
TXN_200977,CUST_461,1,0.4807627969220475,0.010054388471284963,13,11,0,0,1,0,0,2025-08-11 13:05:48,0
TXN_200978,CUST_438,0,0.6229508196721312,0.04010914134857991,14,19,1,0,0,0,1,2025-08-19 14:08:52,0
TXN_200979,CUST_293,1,0.7785212445633991,0.015153274868200953,22,25,0,0,1,0,0,2025-08-25 22:36:42,0
TXN_200980,CUST_125,1,0.0548678487788558,0.08048756544926032,1,2,5,0,0,0,1,2025-08-02 01:39:42,0
TXN_200981,CUST_365,1,0.34593509534961525,0.02056341016040194,21,10,6,0,0,0,1,2025-08-10 21:35:22,0
TXN_200982,CUST_467,1,0.899966543994647,0.769641580110622,15,22,4,0,0,0,1,2025-08-22 15:23:11,0
TXN_200983,CUST_349,1,0.40816326530612246,0.056997016801739936,7,10,6,0,0,0,1,2025-08-10 07:02:45,0
TXN_200984,CUST_134,1,0.10639009702241552,0.010040399756890132,7,1,4,0,1,0,0,2025-08-01 07:54:44,0
TXN_200985,CUST_325,1,0.19805955168952827,0.011058078729114105,6,3,6,0,1,0,0,2025-08-03 06:54:44,0
TXN_200986,CUST_132,1,0.04081632653061225,0.017122186419273454,1,24,6,0,1,0,0,2025-08-24 01:31:24,0
TXN_200987,CUST_128,1,0.6915356306457009,0.07945939494124023,0,24,6,0,0,1,0,2025-08-24 00:59:53,0
TXN_200988,CUST_126,1,0.21311475409836064,0.024462764297961154,13,5,1,1,0,0,0,2025-08-05 13:58:33,0
TXN_200989,CUST_415,0,0.3014386082301773,0.0023990645187135593,11,21,3,0,0,0,1,2025-08-21 11:51:07,0
TXN_200990,CUST_663,1,0.3288725326196052,0.02798442314685992,0,10,6,0,0,1,0,2025-08-10 00:10:22,0
TXN_200991,CUST_633,1,0.1602542656406825,0.011460254267965504,0,25,0,0,0,1,0,2025-08-25 00:34:22,0
TXN_200992,CUST_278,1,0.1917029106724657,0.015181252296990615,15,19,1,0,0,0,1,2025-08-19 15:35:52,0
TXN_200993,CUST_414,1,0.6560722649715623,0.5601990510126098,16,2,5,0,0,0,1,2025-08-02 16:54:51,0
TXN_200994,CUST_216,1,0.21813315490130478,0.01790905160398271,23,10,6,0,0,0,1,2025-08-10 23:36:05,0
TXN_200995,CUST_634,1,0.7805286048845768,0.01421603100374726,8,17,6,0,0,0,1,2025-08-17 08:42:30,1
TXN_200996,CUST_253,1,0.5697557711609234,0.021227874094156426,7,1,4,0,0,0,1,2025-08-01 07:44:40,0
TXN_200997,CUST_650,0,0.028772164603546337,0.8285550507844538,13,2,5,0,0,0,1,2025-08-02 13:13:49,0
TXN_200998,CUST_421,1,0.921378387420542,0.10128178939717698,4,16,5,0,0,0,1,2025-08-16 04:07:35,0
TXN_200999,CUST_188,1,0.11207761793241887,0.046701323007144135,6,11,0,0,1,0,0,2025-08-11 06:31:39,0
TXN_201000,CUST_474,0,0.21712947474071595,0.01071535522644074,8,2,5,0,1,0,0,2025-08-02 08:09:24,0
TXN_201001,CUST_481,1,0.7467380394780863,0.014768585222343093,17,6,2,0,0,0,1,2025-08-06 17:34:14,0
TXN_201002,CUST_243,1,0.9039812646370023,0.9735340867724849,7,12,1,0,0,0,1,2025-08-12 07:06:20,1
TXN_201003,CUST_313,0,0.6209434593509535,0.03262517914734519,0,25,0,0,1,0,0,2025-08-25 00:52:03,1
TXN_201004,CUST_194,1,0.22047507527601204,0.007977064383652522,17,9,5,0,1,0,0,2025-08-09 17:11:46,0
TXN_201005,CUST_287,1,0.6252927400468384,0.3164422055040765,0,5,1,0,1,0,0,2025-08-05 00:39:03,0
TXN_201006,CUST_506,1,0.853797256607561,0.009281512000970535,19,11,0,1,0,0,0,2025-08-11 19:17:07,0
TXN_201007,CUST_211,1,0.16159250585480092,0.006913922089645347,12,25,0,0,0,1,0,2025-08-25 12:19:19,0
TXN_201008,CUST_738,1,0.9207092673134828,0.09571078388943544,6,10,6,0,0,0,1,2025-08-10 06:10:01,0
TXN_201009,CUST_139,1,0.297423887587822,0.19263159157402376,7,5,1,0,1,0,0,2025-08-05 07:45:52,0
TXN_201010,CUST_435,1,0.7259953161592506,0.007693792917157189,22,5,1,0,1,0,0,2025-08-05 22:20:06,0
TXN_201011,CUST_243,0,0.3292070926731348,0.09591362024816048,18,6,2,0,0,0,1,2025-08-06 18:55:30,0
TXN_201012,CUST_437,1,0.405152224824356,0.04021055952794243,16,7,3,0,1,0,0,2025-08-07 16:51:53,0
TXN_201013,CUST_673,1,0.9421211107393777,0.09993187845807577,22,17,6,1,0,0,0,2025-08-17 22:10:48,0
TXN_201014,CUST_635,1,0.8665105386416861,0.005263253791055259,1,14,3,0,1,0,0,2025-08-14 01:15:42,0
TXN_201015,CUST_460,1,0.3593174974907996,0.025833658308654615,22,4,0,0,1,0,0,2025-08-04 22:07:00,0
TXN_201016,CUST_785,0,0.09367681498829039,0.8468278089627022,4,3,6,0,0,0,1,2025-08-03 04:34:53,0
TXN_201017,CUST_316,0,0.9859484777517564,0.3064472690689695,22,22,4,0,1,0,0,2025-08-22 22:15:54,1
TXN_201018,CUST_571,0,0.665774506523921,0.02518668026789367,18,17,6,0,0,1,0,2025-08-17 18:48:09,0
TXN_201019,CUST_135,1,0.4228839076614252,0.026284794347887924,15,11,0,0,0,1,0,2025-08-11 15:54:33,0
TXN_201020,CUST_704,1,0.017062562730010035,0.781801270098329,19,2,5,1,0,0,0,2025-08-02 19:13:54,0
TXN_201021,CUST_424,1,0.0859819337571094,0.01668154191583627,9,9,5,0,1,0,0,2025-08-09 09:57:12,1
TXN_201022,CUST_566,1,0.7822014051522248,0.02256729349746152,13,9,5,0,0,0,1,2025-08-09 13:14:11,0
TXN_201023,CUST_131,1,0.46436935429909665,0.8834887322129561,12,23,5,0,0,1,0,2025-08-23 12:06:24,0
TXN_201024,CUST_539,1,0.3074606891937103,0.025627324771330853,13,11,0,0,1,0,0,2025-08-11 13:20:46,0
TXN_201025,CUST_247,0,0.9143526262964202,0.04330556258779885,10,3,6,1,0,0,0,2025-08-03 10:25:38,1
TXN_201026,CUST_715,1,0.40046838407494145,0.017366988921182998,23,7,3,0,0,0,1,2025-08-07 23:47:11,0
TXN_201027,CUST_781,1,0.030779524924723984,0.021007551842437834,5,8,4,0,1,0,0,2025-08-08 05:51:33,0
TXN_201028,CUST_524,0,0.05888256942121111,0.012159689987707067,2,21,3,1,0,0,0,2025-08-21 02:13:01,0
TXN_201029,CUST_148,1,0.5520240883238541,0.033184727723138435,14,5,1,0,0,0,1,2025-08-05 14:16:24,0
TXN_201030,CUST_149,0,0.45500167280026765,0.7985737386577317,14,8,4,1,0,0,0,2025-08-08 14:39:30,0
TXN_201031,CUST_212,1,0.2345265975242556,0.01678995445239621,20,20,2,0,1,0,0,2025-08-20 20:43:57,0
TXN_201032,CUST_471,1,0.6493810639009702,0.06711785166640036,13,25,0,0,0,0,1,2025-08-25 13:57:04,0
TXN_201033,CUST_109,1,0.6343258614921378,0.0145482629706245,20,16,5,0,1,0,0,2025-08-16 20:48:10,0
TXN_201034,CUST_749,1,0.5821344931415189,0.8872307133135735,5,18,0,0,0,1,0,2025-08-18 05:04:05,1
TXN_201035,CUST_672,1,0.8912679826028772,0.012736724456493854,15,7,3,0,0,1,0,2025-08-07 15:29:20,0
TXN_201036,CUST_627,1,0.23586483773837402,0.030782166025826167,2,12,1,0,0,0,1,2025-08-12 02:30:40,0
TXN_201037,CUST_600,1,0.40347942455670793,0.06994007479555756,14,15,4,0,1,0,0,2025-08-15 14:25:16,1
TXN_201038,CUST_500,0,0.3650050184008029,0.02702619621081398,18,11,0,0,1,0,0,2025-08-11 18:30:27,1
TXN_201039,CUST_794,1,0.44730679156908665,0.0069768713044220864,12,10,6,0,1,0,0,2025-08-10 12:10:42,0
TXN_201040,CUST_630,1,0.6169287387085982,0.007092278198179445,6,20,2,0,0,0,1,2025-08-20 06:26:33,0
TXN_201041,CUST_166,1,0.5011709601873536,0.003951811816539828,23,16,5,0,1,0,0,2025-08-16 23:15:14,0
TXN_201042,CUST_193,1,0.8052860488457678,0.0773401047104233,16,18,0,0,1,0,0,2025-08-18 16:46:08,0
TXN_201043,CUST_493,0,0.3405821344931415,0.03186279421282689,22,23,5,0,0,0,1,2025-08-23 22:02:51,0
TXN_201044,CUST_265,1,0.8169956507193041,0.04945010538572848,8,15,4,0,1,0,0,2025-08-15 08:32:37,1
TXN_201045,CUST_380,1,0.7872198059551689,0.04704754368841621,16,11,0,0,0,0,1,2025-08-11 16:28:15,0
TXN_201046,CUST_509,1,0.5245901639344263,0.11235035966208722,19,9,5,0,0,0,1,2025-08-09 19:16:26,0
TXN_201047,CUST_413,1,0.27233188357310134,0.012229633559681222,21,12,1,0,1,0,0,2025-08-12 21:25:23,0
TXN_201048,CUST_479,1,0.9926396788223486,0.02802638929004441,10,23,5,0,0,1,0,2025-08-23 10:23:39,0
TXN_201049,CUST_240,0,0.579458012713282,0.025382522269421306,20,6,2,0,1,0,0,2025-08-06 20:39:10,0
TXN_201050,CUST_755,0,0.4064904650384744,0.025022312873754404,9,16,5,0,1,0,0,2025-08-16 09:06:00,0
TXN_201051,CUST_572,0,0.2823686851789896,0.009746636754598675,23,22,4,0,0,0,1,2025-08-22 23:56:34,0
TXN_201052,CUST_708,1,0.6370023419203746,0.01805243592652973,2,7,3,1,0,0,0,2025-08-07 02:50:26,0
TXN_201053,CUST_209,1,0.03947808631649381,0.024885922908404797,2,12,1,0,1,0,0,2025-08-12 02:59:02,0
TXN_201054,CUST_579,1,0.9913014386082302,1.0,19,14,3,0,0,0,1,2025-08-14 19:34:18,0
TXN_201055,CUST_374,1,0.1997323519571763,0.01904213746996404,16,25,0,0,1,0,0,2025-08-25 16:21:05,0
TXN_201056,CUST_469,1,0.7902308464369354,0.021210388201162885,21,23,5,0,1,0,0,2025-08-23 21:35:07,0
TXN_201057,CUST_147,1,0.05252592840414855,0.036097877495862046,7,2,5,0,0,1,0,2025-08-02 07:07:33,0
TXN_201058,CUST_779,1,0.37437269989963196,0.00911714460683127,18,1,4,0,0,1,0,2025-08-01 18:08:50,0
TXN_201059,CUST_304,1,0.30980260956841754,0.02632326331247371,18,7,3,0,0,1,0,2025-08-07 18:32:40,0
TXN_201060,CUST_447,0,0.31649381063900967,0.0611866367629919,4,13,2,0,1,0,0,2025-08-13 04:01:59,0
TXN_201061,CUST_758,1,0.9929742388758782,0.9414719533795317,17,16,5,0,0,1,0,2025-08-16 17:25:31,0
TXN_201062,CUST_102,1,0.06858481097356975,0.01154418655433449,22,16,5,0,1,0,0,2025-08-16 22:27:34,0
TXN_201063,CUST_305,0,0.825694212111074,0.7427692597581511,2,1,4,1,0,0,0,2025-08-01 02:12:45,1
TXN_201064,CUST_670,1,0.0859819337571094,0.9181912354479338,1,17,6,0,0,0,1,2025-08-17 01:58:58,1
TXN_201065,CUST_761,1,0.4968216794914687,0.004931021824178016,18,11,0,0,0,0,1,2025-08-11 18:07:47,0
TXN_201066,CUST_526,1,0.47975911676145866,0.21835334016751973,2,16,5,0,0,0,1,2025-08-16 02:14:39,0
TXN_201067,CUST_367,1,0.04851120776179325,0.02125585152294609,0,10,6,0,1,0,0,2025-08-10 00:45:45,0
TXN_201068,CUST_474,1,0.7189695550351288,0.02534405330483552,19,3,6,0,1,0,0,2025-08-03 19:12:43,0
TXN_201069,CUST_282,1,0.5526932084309133,0.023224763074018585,2,2,5,0,1,0,0,2025-08-02 02:42:20,0
TXN_201070,CUST_224,1,0.34560053529608564,0.011190971515865001,9,16,5,0,0,1,0,2025-08-16 09:48:13,0
TXN_201071,CUST_145,1,0.9394446303111408,0.04253968047468184,18,23,5,0,1,0,0,2025-08-23 18:44:26,0
TXN_201072,CUST_460,1,0.05921712947474072,0.77871326139567,3,12,1,0,1,0,0,2025-08-12 03:31:15,0
TXN_201073,CUST_103,1,0.5530277684844429,0.022598768104849887,22,6,2,0,1,0,0,2025-08-06 22:12:57,0
TXN_201074,CUST_583,1,0.3834058213449314,0.01773419267404732,12,20,2,0,0,0,1,2025-08-20 12:23:38,1
TXN_201075,CUST_670,1,0.7126129140180663,0.029093028762650297,1,6,2,0,0,0,1,2025-08-06 01:31:11,0
TXN_201076,CUST_770,1,0.20943459350953494,0.037405822291778766,14,4,0,0,1,0,0,2025-08-04 14:54:19,0
TXN_201077,CUST_407,1,0.5975242556038809,0.06137898158592083,16,3,6,0,0,0,1,2025-08-03 16:52:58,0
TXN_201078,CUST_402,1,0.10639009702241552,0.7380410742926982,17,8,4,0,0,1,0,2025-08-08 17:12:54,0
TXN_201079,CUST_289,1,0.7862161257945801,0.03594749881611761,20,16,5,0,0,0,1,2025-08-16 20:33:27,0
TXN_201080,CUST_294,1,0.14018066242890598,0.02205320824345147,13,13,2,0,0,0,1,2025-08-13 13:27:50,0
TXN_201081,CUST_719,1,0.9411174305787888,0.6666776478074665,13,3,6,0,1,0,0,2025-08-03 13:16:57,0
TXN_201082,CUST_739,1,0.8972900635664102,0.02307088721567544,15,2,5,1,0,0,0,2025-08-02 15:45:30,0
TXN_201083,CUST_260,1,0.8715289394446303,0.4120690571071429,12,14,3,0,1,0,0,2025-08-14 12:34:25,0
TXN_201084,CUST_330,1,0.7815322850451656,0.07721070910227111,9,3,6,0,1,0,0,2025-08-03 09:52:06,0
TXN_201085,CUST_727,1,0.7393777183004349,0.038594863015339424,15,16,5,0,1,0,0,2025-08-16 15:37:52,0
TXN_201086,CUST_254,1,0.7731682837069254,0.6214975974907603,9,24,6,0,1,0,0,2025-08-24 09:55:25,0
TXN_201087,CUST_370,1,0.6835061893609903,0.02557136991375153,6,24,6,0,0,1,0,2025-08-24 06:06:09,0
TXN_201088,CUST_235,1,0.6383405821344931,0.020524941195816153,23,22,4,0,1,0,0,2025-08-22 23:17:39,0
TXN_201089,CUST_490,1,0.37470725995316156,0.019311420222064543,2,24,6,0,0,1,0,2025-08-24 02:26:55,0
TXN_201090,CUST_627,1,0.43158246905319503,0.06010600857599118,15,25,0,0,0,1,0,2025-08-25 15:52:07,0
TXN_201091,CUST_402,1,0.35296085647373704,0.02833763818532941,9,16,5,0,1,0,0,2025-08-16 09:30:50,0
TXN_201092,CUST_694,1,0.805955168952827,0.02644566456342848,14,24,6,0,0,0,1,2025-08-24 14:55:20,0
TXN_201093,CUST_394,1,0.25493476078956173,0.00794908695486286,3,19,1,0,0,1,0,2025-08-19 03:32:16,0
TXN_201094,CUST_406,1,0.3402475744396119,0.04711399008179166,14,6,2,0,0,0,1,2025-08-06 14:13:34,0
TXN_201095,CUST_220,1,0.22181331549013047,0.5659344239144906,8,17,6,0,0,0,1,2025-08-17 08:44:52,1
TXN_201096,CUST_757,0,0.24757443961191034,0.06533778775965808,0,11,0,0,0,0,1,2025-08-11 00:43:42,0
TXN_201097,CUST_349,1,0.1840080294412847,0.02478800190764098,20,9,5,0,0,1,0,2025-08-09 20:07:12,0
TXN_201098,CUST_403,0,0.5911676145868183,0.028208242577177217,7,19,1,0,0,1,0,2025-08-19 07:10:47,0
TXN_201099,CUST_596,1,0.9729006356641017,0.04144156639468759,4,10,6,0,1,0,0,2025-08-10 04:56:39,0
TXN_201100,CUST_526,1,0.6209434593509535,0.04514158135212045,15,8,4,0,1,0,0,2025-08-08 15:29:44,0
TXN_201101,CUST_397,1,0.46771495483439274,0.0174579155647494,17,15,4,0,0,0,1,2025-08-15 17:40:05,0
TXN_201102,CUST_146,1,0.41820006691201067,0.03597897342350598,2,21,3,0,1,0,0,2025-08-21 02:31:29,0
TXN_201103,CUST_546,1,0.9815991970558715,0.019580702974165046,7,25,0,0,0,1,0,2025-08-25 07:35:51,0
TXN_201104,CUST_683,1,0.5229173636667782,0.025914093416424894,13,14,3,1,0,0,0,2025-08-14 13:01:48,0
TXN_201105,CUST_593,1,0.5416527266644362,0.012526893740571386,1,20,2,0,1,0,0,2025-08-20 01:03:16,0
TXN_201106,CUST_109,0,0.07259953161592506,0.025735737307890794,3,8,4,0,0,0,1,2025-08-08 03:23:33,1
TXN_201107,CUST_236,0,0.6507193041150886,0.032278958466073114,13,9,5,1,0,0,0,2025-08-09 13:43:08,1
TXN_201108,CUST_125,1,0.021411843425894948,0.03894807805380891,7,2,5,0,0,1,0,2025-08-02 07:16:46,0
TXN_201109,CUST_245,1,0.4519906323185012,0.015761783944376113,16,5,1,0,1,0,0,2025-08-05 16:19:35,0
TXN_201110,CUST_382,1,0.9802609568417531,0.014667167042980569,7,2,5,0,0,0,1,2025-08-02 07:19:32,0
TXN_201111,CUST_685,1,0.2776848444295751,0.5479519315599349,0,25,0,0,1,0,0,2025-08-25 00:51:09,1
TXN_201112,CUST_132,1,0.6206088992974239,0.003983286423928199,12,3,6,0,1,0,0,2025-08-03 12:58:28,0
TXN_201113,CUST_276,1,0.04550016728002677,0.49117523700991367,8,17,6,0,1,0,0,2025-08-17 08:12:22,0
TXN_201114,CUST_777,1,0.7808631649381064,0.028697847580996312,9,8,4,1,0,0,0,2025-08-08 09:59:50,0
TXN_201115,CUST_485,1,0.5399799263967882,0.024980346730569907,13,4,0,0,0,1,0,2025-08-04 13:21:14,0
TXN_201116,CUST_187,1,0.13884242221478754,0.03649305867751603,2,13,2,1,0,0,0,2025-08-13 02:21:22,0
TXN_201117,CUST_527,1,0.9832719973235196,0.009638224218038734,12,5,1,0,0,0,1,2025-08-05 12:05:33,0
TXN_201118,CUST_528,1,0.1411843425894948,0.026204359240117645,16,17,6,0,1,0,0,2025-08-17 16:38:26,0
TXN_201119,CUST_512,0,0.3623285379725661,0.62877872333327,22,14,3,0,0,0,1,2025-08-14 22:22:23,0
TXN_201120,CUST_796,1,0.9946470391435263,0.022385440210328712,6,24,6,0,0,0,1,2025-08-24 06:13:19,0
TXN_201121,CUST_161,1,0.571763131482101,0.0023570983755290655,9,19,1,0,1,0,0,2025-08-19 09:19:20,0
TXN_201122,CUST_585,1,0.761458681833389,0.022598768104849887,7,25,0,0,1,0,0,2025-08-25 07:08:03,0
TXN_201123,CUST_316,1,0.7544329207092673,0.038573879943747176,19,9,5,0,0,0,1,2025-08-09 19:25:17,0
TXN_201124,CUST_764,0,0.4386082301773168,0.023014932358096117,8,9,5,0,1,0,0,2025-08-09 08:42:08,0
TXN_201125,CUST_166,1,0.8946135831381733,0.061340512621335046,6,11,0,0,0,0,1,2025-08-11 06:04:38,0
TXN_201126,CUST_284,1,0.2355302776848444,0.03351695969001568,17,1,4,0,1,0,0,2025-08-01 17:34:46,0
TXN_201127,CUST_191,1,0.6754767480762797,0.03467802298478667,1,18,0,0,0,0,1,2025-08-18 01:00:16,0
TXN_201128,CUST_327,1,0.24422883907661425,0.03374077912033298,11,4,0,1,0,0,0,2025-08-04 11:01:13,1
TXN_201129,CUST_275,1,0.3328872532619605,0.02747033789284987,16,19,1,0,1,0,0,2025-08-19 16:39:19,0
TXN_201130,CUST_540,1,0.4780863164938106,0.05882604120886412,1,5,1,0,1,0,0,2025-08-05 01:17:42,0
TXN_201131,CUST_157,0,0.320508531281365,0.03350996533281826,23,5,1,0,0,0,1,2025-08-05 23:56:10,1
TXN_201132,CUST_742,1,0.7453997992639678,0.04245225100971414,7,14,3,0,0,0,1,2025-08-14 07:16:15,0
TXN_201133,CUST_279,1,0.038808966209434595,0.025739234486489505,5,1,4,0,0,0,1,2025-08-01 05:43:19,0
TXN_201134,CUST_136,1,0.01137504182000669,0.0069069277324479315,12,18,0,0,1,0,0,2025-08-18 12:07:20,0
TXN_201135,CUST_660,1,0.0705921712947474,0.04023503977813339,21,4,0,0,1,0,0,2025-08-04 21:06:56,0
TXN_201136,CUST_128,0,0.8618266978922716,0.05462243253321733,14,13,2,0,0,0,1,2025-08-13 14:49:47,0
TXN_201137,CUST_114,1,0.3185011709601873,0.017531356315322266,12,14,3,0,0,1,0,2025-08-14 12:12:34,0
TXN_201138,CUST_122,0,0.23051187688190028,0.02636872663425691,11,14,3,0,0,1,0,2025-08-14 11:34:32,1
TXN_201139,CUST_665,1,0.7035797925727668,1.0,1,25,0,0,0,0,1,2025-08-25 01:28:50,0
TXN_201140,CUST_629,1,0.6052191368350619,0.016985796453923847,8,14,3,0,1,0,0,2025-08-14 08:05:19,0
TXN_201141,CUST_411,1,0.2117765138842422,0.035097684416631615,0,15,4,0,0,0,1,2025-08-15 00:20:40,0
TXN_201142,CUST_791,1,0.1405152224824356,0.04935218438496466,18,15,4,0,0,1,0,2025-08-15 18:51:09,0
TXN_201143,CUST_683,0,0.1682837069253931,0.6881748046537235,2,15,4,1,0,0,0,2025-08-15 02:28:28,0
TXN_201144,CUST_750,0,0.679491468718635,0.022109163101030792,2,11,0,0,0,0,1,2025-08-11 02:31:11,0
TXN_201145,CUST_119,1,0.5637336901973904,0.6223998695692269,9,3,6,0,0,1,0,2025-08-03 09:29:17,0
TXN_201146,CUST_646,1,0.39611910337905654,0.5085911864314786,2,3,6,0,1,0,0,2025-08-03 02:04:23,0
TXN_201147,CUST_657,1,0.6356641017062562,0.034024050586828315,10,18,0,1,0,0,0,2025-08-18 10:35:37,0
TXN_201148,CUST_644,1,0.12445633991301439,0.14872801144584588,16,15,4,1,0,0,0,2025-08-15 16:16:06,0
TXN_201149,CUST_690,0,0.8852459016393442,0.03165296349690441,6,22,4,0,0,1,0,2025-08-22 06:47:56,0
TXN_201150,CUST_655,1,0.24924723987955838,0.05102033857654829,23,22,4,0,1,0,0,2025-08-22 23:01:40,0
TXN_201151,CUST_286,1,0.5603880896620943,0.015740800872783865,18,24,6,0,0,1,0,2025-08-24 18:51:59,0
TXN_201152,CUST_499,1,0.6952157912345266,0.03476545244975437,16,11,0,1,0,0,0,2025-08-11 16:09:48,0
TXN_201153,CUST_637,1,0.5724322515891602,0.015426054798900163,4,6,2,0,0,1,0,2025-08-06 04:45:17,0
TXN_201154,CUST_349,1,0.4693877551020408,0.023067390037076734,4,19,1,0,0,1,0,2025-08-19 04:02:43,0
TXN_201155,CUST_155,0,0.3716962194713951,0.01314239717394396,19,16,5,0,1,0,0,2025-08-16 19:52:02,1
TXN_201156,CUST_115,1,0.24322515891602542,0.023046406965484486,21,5,1,0,0,0,1,2025-08-05 21:00:26,0
TXN_201157,CUST_293,1,0.5306122448979592,0.017216610241438564,5,21,3,0,1,0,0,2025-08-21 05:43:41,0
TXN_201158,CUST_131,1,0.4098360655737705,0.19318414579261958,14,7,3,0,0,1,0,2025-08-07 14:07:28,0
TXN_201159,CUST_743,1,0.947808631649381,0.02099706030664171,11,23,5,0,0,1,0,2025-08-23 11:10:13,0
TXN_201160,CUST_119,1,0.44028103044496486,0.00634737915665468,21,9,5,0,0,0,1,2025-08-09 21:25:39,0
TXN_201161,CUST_787,1,0.030444964871194375,0.12796526210531758,5,13,2,0,1,0,0,2025-08-13 05:31:37,0
TXN_201162,CUST_246,0,0.5921712947474072,0.03699315521713124,7,10,6,0,0,1,0,2025-08-10 07:37:11,0
TXN_201163,CUST_346,1,0.2027433924389428,0.0286453899020157,2,22,4,0,1,0,0,2025-08-22 02:27:09,0
TXN_201164,CUST_440,1,0.15991970558715288,0.06644989055404717,14,2,5,0,1,0,0,2025-08-02 14:05:11,0
TXN_201165,CUST_681,1,0.031448645031783205,0.7546316895649681,1,16,5,0,0,0,1,2025-08-16 01:18:15,0
TXN_201166,CUST_633,1,0.5132151221144196,0.013600527570374683,3,7,3,0,0,1,0,2025-08-07 03:56:44,1
TXN_201167,CUST_660,1,0.3044496487119438,0.023864746757582114,4,1,4,0,0,0,1,2025-08-01 04:02:26,0
TXN_201168,CUST_419,0,0.9762462361993978,0.022441395067908036,21,18,0,0,1,0,0,2025-08-18 21:15:16,0
TXN_201169,CUST_736,1,0.4539979926396788,0.07441996058050226,23,14,3,1,0,0,0,2025-08-14 23:21:56,0
TXN_201170,CUST_488,1,0.3693542990966878,0.013866313143876478,15,6,2,0,1,0,0,2025-08-06 15:36:31,0
TXN_201171,CUST_309,1,0.45031783205085313,0.00639633965703659,19,9,5,1,0,0,0,2025-08-09 19:39:41,0
TXN_201172,CUST_213,1,0.14687186349949816,0.05159037868813766,16,21,3,1,0,0,0,2025-08-21 16:12:00,0
TXN_201173,CUST_405,1,0.5071930411508866,0.01183445237802724,0,23,5,0,0,0,1,2025-08-23 00:29:38,0
TXN_201174,CUST_564,1,0.8330545332887253,0.4426378952384479,23,1,4,0,0,0,1,2025-08-01 23:24:38,0
TXN_201175,CUST_497,0,0.8638340582134493,1.0,11,16,5,0,1,0,0,2025-08-16 11:51:16,1
TXN_201176,CUST_754,1,0.9327534292405486,0.04055678020921451,3,7,3,0,1,0,0,2025-08-07 03:55:37,0
TXN_201177,CUST_788,0,0.2903981264637002,0.012243622274076053,3,3,6,0,0,0,1,2025-08-03 03:45:40,0
TXN_201178,CUST_461,1,0.9565071930411508,0.03949014073660863,17,6,2,1,0,0,0,2025-08-06 17:41:53,0
TXN_201179,CUST_180,1,0.4817664770826363,0.03687425114477518,1,9,5,0,0,1,0,2025-08-09 01:09:56,0
TXN_201180,CUST_534,1,0.49849447975911676,0.00925703175077958,8,24,6,0,1,0,0,2025-08-24 08:33:19,1
TXN_201181,CUST_649,1,0.01137504182000669,0.032803535255879285,6,20,2,0,0,1,0,2025-08-20 06:10:55,0
TXN_201182,CUST_769,0,0.06590833054533288,0.01520573254718157,15,14,3,0,0,0,1,2025-08-14 15:36:50,0
TXN_201183,CUST_235,1,0.4258949481431917,0.048107188803824676,11,3,6,0,1,0,0,2025-08-03 11:42:19,0
TXN_201184,CUST_453,0,0.10404817664770825,0.05493717860710104,23,21,3,1,0,0,0,2025-08-21 23:27:08,0
TXN_201185,CUST_683,0,0.2776848444295751,0.03953560405839183,1,9,5,0,0,0,1,2025-08-09 01:00:20,1
TXN_201186,CUST_276,1,0.41217798594847777,0.0440469644507249,17,15,4,0,0,0,1,2025-08-15 17:03:59,0
TXN_201187,CUST_161,0,0.554700568752091,0.027340942284697682,15,19,1,0,0,0,1,2025-08-19 15:55:32,0
TXN_201188,CUST_536,1,0.8066242890598863,0.3409854049098079,1,15,4,0,1,0,0,2025-08-15 01:41:06,0
TXN_201189,CUST_224,1,0.11308129809300768,0.012715741384901606,11,15,4,0,1,0,0,2025-08-15 11:45:34,0
TXN_201190,CUST_691,1,0.8012713282034125,0.3870082752688027,15,12,1,0,0,0,1,2025-08-12 15:59:56,1
TXN_201191,CUST_713,1,0.6574105051856808,0.02392070161516144,0,17,6,0,0,0,1,2025-08-17 00:13:44,0
TXN_201192,CUST_647,1,0.47239879558380726,0.029670063231437088,9,22,4,0,0,0,1,2025-08-22 09:06:46,0
TXN_201193,CUST_715,1,0.21813315490130478,0.035671221706819696,18,20,2,0,0,0,1,2025-08-20 18:46:09,0
TXN_201194,CUST_268,1,0.6048845767815323,0.018416142500795343,13,18,0,0,1,0,0,2025-08-18 13:55:14,0
TXN_201195,CUST_169,1,0.2977584476413516,0.008095968456008587,18,11,0,0,1,0,0,2025-08-11 18:58:35,0
TXN_201196,CUST_263,1,0.6647708263633322,0.032688128362121927,9,21,3,0,1,0,0,2025-08-21 09:25:47,0
TXN_201197,CUST_248,1,0.5433255269320842,0.005539530900353176,1,5,1,1,0,0,0,2025-08-05 01:20:31,0
TXN_201198,CUST_562,1,0.9217129474740716,0.9310643498697773,16,23,5,0,1,0,0,2025-08-23 16:27:49,0
TXN_201199,CUST_455,1,0.21211107393777182,0.02847752532927772,11,9,5,0,0,0,1,2025-08-09 11:57:23,0
TXN_201200,CUST_583,1,0.6594178655068584,0.02417599565286711,15,1,4,0,1,0,0,2025-08-01 15:03:12,0
TXN_201201,CUST_547,0,0.594847775175644,0.4394065022132419,13,14,3,0,0,1,0,2025-08-14 13:28:13,0
TXN_201202,CUST_123,1,0.8240214118434259,0.027848033181510315,7,9,5,0,0,0,1,2025-08-09 07:06:50,0
TXN_201203,CUST_296,1,0.22783539645366344,0.008935291319698464,13,17,6,0,1,0,0,2025-08-17 13:07:53,0
TXN_201204,CUST_490,1,0.37872198059551687,0.011348344552806852,23,6,2,0,0,0,1,2025-08-06 23:19:07,0
TXN_201205,CUST_749,1,0.17698226831716293,0.06820547421059849,10,19,1,0,0,1,0,2025-08-19 10:04:26,0
TXN_201206,CUST_586,0,0.33054533288725324,0.03100948263474218,0,17,6,0,0,0,1,2025-08-17 00:22:20,0
TXN_201207,CUST_339,1,0.24757443961191034,0.018472097358374667,8,3,6,0,1,0,0,2025-08-03 08:10:57,0
TXN_201208,CUST_252,1,0.11910337905654064,0.7603705596454475,15,11,0,0,0,1,0,2025-08-11 15:57:04,1
TXN_201209,CUST_406,0,0.6828370692539311,0.03225447821588216,17,25,0,0,0,0,1,2025-08-25 17:45:29,0
TXN_201210,CUST_215,1,0.773502843760455,0.14226172821683514,18,19,1,0,1,0,0,2025-08-19 18:12:24,0
TXN_201211,CUST_709,1,0.03579792572766812,0.011900898771402688,20,16,5,0,1,0,0,2025-08-16 20:28:14,0
TXN_201212,CUST_513,1,0.5346269655403145,0.036594476856878555,1,15,4,0,0,0,1,2025-08-15 01:16:55,0
TXN_201213,CUST_160,1,0.7470725995316159,0.02704018492520881,21,19,1,0,0,1,0,2025-08-19 21:44:55,0
TXN_201214,CUST_297,1,0.896620943459351,0.005455598613984188,21,1,4,0,1,0,0,2025-08-01 21:35:54,0
TXN_201215,CUST_545,0,0.09969889595182335,0.3794683582099887,6,8,4,0,1,0,0,2025-08-08 06:21:51,1
TXN_201216,CUST_425,1,0.6229508196721312,0.3217893915815007,1,14,3,1,0,0,0,2025-08-14 01:20:56,0
TXN_201217,CUST_371,1,0.9116761458681834,0.055353342860347265,0,12,1,0,0,0,1,2025-08-12 00:46:58,0
TXN_201218,CUST_376,1,0.29207092673134827,0.02522864641107816,4,22,4,0,0,0,1,2025-08-22 04:10:51,0
TXN_201219,CUST_114,1,0.9759116761458682,0.009001737713073912,13,24,6,0,0,0,1,2025-08-24 13:56:50,0
TXN_201220,CUST_608,1,0.19003011040481765,1.0,21,14,3,0,1,0,0,2025-08-14 21:42:05,0
TXN_201221,CUST_161,1,0.6637671462027434,0.022221072816189444,7,21,3,0,1,0,0,2025-08-21 07:54:06,0
TXN_201222,CUST_793,1,0.1789896286383406,0.8574137685809907,4,25,0,0,1,0,0,2025-08-25 04:52:39,1
TXN_201223,CUST_696,1,0.9832719973235196,0.03132422870862588,18,25,0,0,0,0,1,2025-08-25 18:40:26,0
TXN_201224,CUST_260,1,0.9079959852793577,0.33103942897508287,14,23,5,0,1,0,0,2025-08-23 14:22:21,0
TXN_201225,CUST_219,1,0.7320173971227835,0.07565796180444484,14,2,5,0,1,0,0,2025-08-02 14:09:30,0
TXN_201226,CUST_585,1,0.7172967547674808,0.05167081379590794,6,9,5,0,0,0,1,2025-08-09 06:38:21,0
TXN_201227,CUST_212,0,0.7641351622616259,0.02153562581084271,13,17,6,0,1,0,0,2025-08-17 13:14:28,1
TXN_201228,CUST_179,1,0.6159250585480094,0.05295777552023241,17,8,4,0,0,0,1,2025-08-08 17:56:07,0
TXN_201229,CUST_441,1,0.8093007694881231,0.2279600897781701,5,17,6,0,1,0,0,2025-08-17 05:25:54,0
TXN_201230,CUST_400,1,0.08832385413181666,0.2245188660370416,2,5,1,0,1,0,0,2025-08-05 02:37:39,0
TXN_201231,CUST_249,1,0.0665774506523921,0.016080027196858523,8,3,6,0,0,0,1,2025-08-03 08:21:38,0
TXN_201232,CUST_577,1,0.27935764469722313,0.03956358148718149,21,11,0,0,0,1,0,2025-08-11 21:18:15,1
TXN_201233,CUST_231,1,0.1756440281030445,0.029449740979718496,13,21,3,1,0,0,0,2025-08-21 13:29:19,0
TXN_201234,CUST_647,1,0.9026430244228839,0.6872130805390788,21,7,3,0,1,0,0,2025-08-07 21:55:42,0
TXN_201235,CUST_573,1,0.423887587822014,0.03060031273869336,15,6,2,0,0,0,1,2025-08-06 15:05:12,0
TXN_201236,CUST_648,1,0.9735697557711609,0.06605121219379448,2,22,4,0,0,0,1,2025-08-22 02:05:02,0
TXN_201237,CUST_293,1,0.8263633322181332,0.028725825009785974,23,5,1,0,0,0,1,2025-08-05 23:39:27,0
TXN_201238,CUST_770,1,0.8052860488457678,0.02582316677285849,10,7,3,0,0,0,1,2025-08-07 10:34:53,0
TXN_201239,CUST_638,1,0.31649381063900967,0.027659185537180095,0,11,0,0,0,1,0,2025-08-11 00:28:01,0
TXN_201240,CUST_460,0,0.9290732686517229,0.008575081924031558,7,24,6,0,1,0,0,2025-08-24 07:43:16,0
TXN_201241,CUST_679,0,0.8788892606222817,0.010554485010900179,14,24,6,0,0,0,1,2025-08-24 14:42:34,0
TXN_201242,CUST_309,1,0.30946804951488793,0.018716899860284214,13,19,1,0,0,0,1,2025-08-19 13:32:30,0
TXN_201243,CUST_774,1,0.2499163599866176,0.12363225782151861,17,19,1,0,1,0,0,2025-08-19 17:31:05,0
TXN_201244,CUST_612,1,0.031114084978253593,0.027096139782788135,20,24,6,0,0,1,0,2025-08-24 20:56:47,0
TXN_201245,CUST_306,1,0.890598862495818,0.02473904140725907,23,21,3,0,1,0,0,2025-08-21 23:55:00,0
TXN_201246,CUST_738,1,0.02776848444295751,0.03586356652974862,5,7,3,1,0,0,0,2025-08-07 05:56:17,0
TXN_201247,CUST_695,1,0.5132151221144196,0.06807258142384759,6,9,5,0,0,0,1,2025-08-09 06:41:27,0
TXN_201248,CUST_523,1,0.7447306791569086,0.790407826629749,4,17,6,0,1,0,0,2025-08-17 04:52:15,1
TXN_201249,CUST_410,1,0.3840749414519906,0.021612563740014284,20,1,4,0,0,1,0,2025-08-01 20:36:05,0
TXN_201250,CUST_582,1,0.3907661425225828,0.05078952478903357,18,24,6,0,1,0,0,2025-08-24 18:11:49,0
TXN_201251,CUST_303,0,0.36734693877551017,0.04714196751058132,7,3,6,0,1,0,0,2025-08-03 07:37:35,0
TXN_201252,CUST_376,1,0.03546336567413851,0.018083910533918102,11,25,0,0,0,0,1,2025-08-25 11:35:09,0
TXN_201253,CUST_562,1,0.27567748410839743,0.013492115033814742,0,25,0,1,0,0,0,2025-08-25 00:37:33,0
TXN_201254,CUST_134,0,0.8808966209434593,0.0894298511261562,7,18,0,0,1,0,0,2025-08-18 07:16:17,0
TXN_201255,CUST_241,0,0.47942455670792905,0.4604490258416668,2,15,4,0,0,1,0,2025-08-15 02:11:58,1
TXN_201256,CUST_159,1,0.3181666109066577,0.22870149164109616,16,11,0,0,0,0,1,2025-08-11 16:28:59,0
TXN_201257,CUST_273,1,0.5229173636667782,0.03239436535983047,13,1,4,1,0,0,0,2025-08-01 13:58:24,0
TXN_201258,CUST_502,1,0.18534626965540313,0.07457033926024671,12,19,1,0,0,0,1,2025-08-19 12:50:56,0
TXN_201259,CUST_101,1,0.2505854800936768,0.05342639745245926,16,21,3,0,1,0,0,2025-08-21 16:43:24,0
TXN_201260,CUST_569,1,0.8531281365005018,0.02438932354738829,6,7,3,0,0,0,1,2025-08-07 06:10:18,0
TXN_201261,CUST_586,1,0.5031783205085313,0.053083673949785894,5,25,0,0,0,0,1,2025-08-25 05:24:41,0
TXN_201262,CUST_272,1,0.17363666778186684,1.0,23,20,2,0,0,0,1,2025-08-20 23:14:06,0
TXN_201263,CUST_674,1,0.3807293409166945,0.04911087906165382,23,19,1,0,0,0,1,2025-08-19 23:50:15,0
TXN_201264,CUST_323,1,0.579458012713282,0.6975577348340565,5,1,4,0,1,0,0,2025-08-01 05:34:20,1
TXN_201265,CUST_690,1,0.625627300100368,0.052849362983672474,16,23,5,0,0,0,1,2025-08-23 16:39:02,0
TXN_201266,CUST_763,1,0.4891267982602877,0.01694732748933806,19,12,1,0,0,0,1,2025-08-12 19:32:49,0
TXN_201267,CUST_633,1,0.781197724991636,0.025564375556554112,15,17,6,0,1,0,0,2025-08-17 15:37:49,0
TXN_201268,CUST_766,1,0.4064904650384744,0.9772725706945036,8,4,0,0,0,1,0,2025-08-04 08:28:41,0
TXN_201269,CUST_539,1,0.9916359986617598,0.013306764568083228,20,23,5,1,0,0,0,2025-08-23 20:48:07,0
TXN_201270,CUST_253,0,0.1411843425894948,0.07265388538815483,4,2,5,0,0,0,1,2025-08-02 04:34:24,0
TXN_201271,CUST_212,0,0.9882903981264637,0.004885558502394814,10,15,4,0,0,1,0,2025-08-15 10:17:05,0
TXN_201272,CUST_270,1,0.16594178655068584,0.8219873493760805,21,10,6,0,1,0,0,2025-08-10 21:58:14,0
TXN_201273,CUST_623,1,0.9712278353964536,0.958894897158294,14,22,4,0,1,0,0,2025-08-22 14:59:41,0
TXN_201274,CUST_317,1,0.0859819337571094,0.005221287647870765,22,13,2,0,0,1,0,2025-08-13 22:26:58,0
TXN_201275,CUST_474,1,0.13850786216125793,0.022906519821536176,14,2,5,0,0,0,1,2025-08-02 14:22:20,0
TXN_201276,CUST_187,1,0.010705921712947474,0.04304327419289576,18,5,1,0,1,0,0,2025-08-05 18:42:01,0
TXN_201277,CUST_576,1,0.33790565406490464,0.03742330818477231,0,11,0,0,1,0,0,2025-08-11 00:34:48,0
TXN_201278,CUST_766,1,0.5051856808297089,0.01443985043406456,9,22,4,0,1,0,0,2025-08-22 09:06:54,0
TXN_201279,CUST_732,1,0.20408163265306123,0.9046186853063487,10,10,6,0,1,0,0,2025-08-10 10:46:58,0
TXN_201280,CUST_302,1,0.4657075945132151,0.02689680060266179,4,24,6,0,1,0,0,2025-08-24 04:56:18,0
TXN_201281,CUST_684,1,0.508531281365005,0.07182505406026107,4,24,6,0,1,0,0,2025-08-24 04:19:23,0
TXN_201282,CUST_196,0,0.15289394446303112,0.030306549736401907,10,10,6,0,0,1,0,2025-08-10 10:26:00,1
TXN_201283,CUST_265,0,0.1408497825359652,0.0034866870629116893,6,7,3,0,0,1,0,2025-08-07 06:57:18,0
TXN_201284,CUST_603,1,0.3516226162596186,0.0289601359758994,6,10,6,0,0,0,1,2025-08-10 06:16:21,0
TXN_201285,CUST_162,1,0.13282034125125458,0.03755620097152321,19,14,3,0,1,0,0,2025-08-14 19:16:06,0
TXN_201286,CUST_213,1,0.25158916025426564,0.031785856283655316,12,17,6,0,0,0,1,2025-08-17 12:36:00,0
TXN_201287,CUST_578,1,0.23720307795249246,0.01592615133851538,19,18,0,0,0,1,0,2025-08-18 19:25:34,0
TXN_201288,CUST_284,0,0.6547340247574439,0.0020773240876324406,18,17,6,0,0,0,1,2025-08-17 18:11:06,0
TXN_201289,CUST_575,1,0.31448645031783207,0.9582164445101446,21,23,5,0,0,1,0,2025-08-23 21:13:45,0
TXN_201290,CUST_318,1,0.3322181331549013,0.004703705215262008,3,24,6,1,0,0,0,2025-08-24 03:07:54,0
TXN_201291,CUST_215,0,0.9227166276346604,0.28693650966677864,12,1,4,0,0,0,1,2025-08-01 12:36:48,0
TXN_201292,CUST_741,0,0.08698561391769823,0.03221950642989508,14,24,6,0,1,0,0,2025-08-24 14:29:34,0
TXN_201293,CUST_408,1,0.7855470056875209,0.0049240274669806,18,9,5,0,0,1,0,2025-08-09 18:22:20,0
TXN_201294,CUST_416,1,0.414519906323185,0.02681636549489151,3,8,4,0,0,0,1,2025-08-08 03:36:18,0
TXN_201295,CUST_183,1,0.7326865172298427,0.008627539603012175,6,15,4,0,0,0,1,2025-08-15 06:18:10,0
TXN_201296,CUST_227,0,0.6122448979591837,0.04880312734496753,8,9,5,0,1,0,0,2025-08-09 08:30:23,1
TXN_201297,CUST_792,1,0.9558380729340916,0.039570575844378904,2,4,0,0,1,0,0,2025-08-04 02:03:05,0
TXN_201298,CUST_244,1,0.3626630980260957,0.02499783262356345,4,3,6,0,1,0,0,2025-08-03 04:39:05,0
TXN_201299,CUST_498,1,0.4613583138173302,0.021115964378997775,15,18,0,1,0,0,0,2025-08-18 15:08:11,0
TXN_201300,CUST_699,1,0.0013382402141184344,0.020727777554541207,13,25,0,0,0,0,1,2025-08-25 13:33:27,0
TXN_201301,CUST_288,1,0.03345600535296086,0.010690874976249785,22,3,6,0,0,1,0,2025-08-03 22:13:03,0
TXN_201302,CUST_484,1,0.7808631649381064,0.02309187028726769,0,19,1,0,0,0,1,2025-08-19 00:32:26,0
TXN_201303,CUST_758,1,0.042154566744730684,0.0054101352922009864,10,22,4,1,0,0,0,2025-08-22 10:06:31,0
TXN_201304,CUST_451,0,0.855470056875209,0.024564182477323677,17,11,0,0,1,0,0,2025-08-11 17:49:15,0
TXN_201305,CUST_287,1,0.1371696219471395,0.017552339386914514,0,9,5,0,0,0,1,2025-08-09 00:49:41,0
TXN_201306,CUST_762,0,0.7306791569086651,0.031068934670920208,4,14,3,0,1,0,0,2025-08-14 04:33:28,0
TXN_201307,CUST_438,1,0.6490465038474406,0.0036580488142483724,11,3,6,0,0,0,1,2025-08-03 11:38:19,0
TXN_201308,CUST_146,1,0.9003011040481766,0.025672788093114057,1,4,0,0,1,0,0,2025-08-04 01:01:05,0
TXN_201309,CUST_497,1,0.6346604215456674,0.833017450676405,10,7,3,0,0,0,1,2025-08-07 10:48:41,0
TXN_201310,CUST_527,1,0.6681164268986283,0.7674943124510154,21,21,3,1,0,0,0,2025-08-21 21:04:35,0
TXN_201311,CUST_745,1,0.9079959852793577,0.2668207383670113,8,11,0,0,1,0,0,2025-08-11 08:45:05,0
TXN_201312,CUST_629,1,0.3522917363666778,0.026732433208522522,17,19,1,0,0,0,1,2025-08-19 17:38:43,0
TXN_201313,CUST_341,1,0.5175644028103045,0.03949713509380604,5,3,6,0,0,0,1,2025-08-03 05:34:25,0
TXN_201314,CUST_666,1,0.1913683506189361,0.029753995517806074,17,14,3,0,1,0,0,2025-08-14 17:59:56,0
TXN_201315,CUST_693,1,0.21779859484777517,0.011149005372680508,18,14,3,0,0,1,0,2025-08-14 18:46:44,0
TXN_201316,CUST_396,1,0.775175644028103,1.0,9,18,0,0,0,0,1,2025-08-18 09:18:51,1
TXN_201317,CUST_717,1,0.8665105386416861,0.049705399423434146,1,6,2,0,1,0,0,2025-08-06 01:56:46,0
TXN_201318,CUST_407,1,0.28404148544663765,0.3360543830856299,1,15,4,1,0,0,0,2025-08-15 01:17:32,1
TXN_201319,CUST_254,1,0.7002341920374707,0.03341903868925186,20,1,4,0,0,0,1,2025-08-01 20:34:27,0
TXN_201320,CUST_142,1,0.31448645031783207,0.11684773134002546,20,3,6,0,0,0,1,2025-08-03 20:50:10,0
TXN_201321,CUST_604,1,0.016728002676480426,0.03042895098735668,5,10,6,1,0,0,0,2025-08-10 05:14:17,0
TXN_201322,CUST_170,1,0.4994981599197056,0.05270248148252674,16,19,1,0,0,0,1,2025-08-19 16:28:02,0
TXN_201323,CUST_169,1,0.3522917363666778,0.042196956972008474,6,19,1,0,0,0,1,2025-08-19 06:24:37,0
TXN_201324,CUST_129,1,0.6691201070592171,0.0427005506902224,22,12,1,0,0,0,1,2025-08-12 22:57:44,0
TXN_201325,CUST_508,0,0.3409166945466711,0.011823960842231116,0,17,6,0,0,1,0,2025-08-17 00:36:03,0
TXN_201326,CUST_605,1,0.8096353295416527,0.05224085390749731,14,25,0,0,1,0,0,2025-08-25 14:08:19,0
TXN_201327,CUST_560,0,0.6858481097356975,0.03251326943218654,10,11,0,0,1,0,0,2025-08-11 10:17:47,0
TXN_201328,CUST_197,1,0.8440950150552023,0.03885715141024251,1,7,3,0,0,0,1,2025-08-07 01:15:06,0
TXN_201329,CUST_458,1,0.3553027768484443,0.009096161535239022,1,25,0,0,1,0,0,2025-08-25 01:03:35,0
TXN_201330,CUST_358,1,0.4570090331214453,0.02251833299707961,18,20,2,0,0,0,1,2025-08-20 18:40:25,0
TXN_201331,CUST_798,1,0.057544329207092675,0.0415394873954514,22,9,5,0,0,1,0,2025-08-09 22:39:00,0
TXN_201332,CUST_215,1,0.976915356306457,0.0035916024208729243,8,19,1,0,1,0,0,2025-08-19 08:54:54,0
TXN_201333,CUST_467,1,0.32351957176313145,0.09442382216511096,10,19,1,0,0,0,1,2025-08-19 10:12:39,0
TXN_201334,CUST_513,1,0.6363332218133154,0.07518584269361928,19,23,5,0,0,1,0,2025-08-23 19:46:43,0
TXN_201335,CUST_611,1,0.7497490799598527,0.016034563875075323,20,8,4,0,0,0,1,2025-08-08 20:20:53,0
TXN_201336,CUST_686,0,0.9876212780194045,0.5244194167692301,13,2,5,0,0,1,0,2025-08-02 13:19:31,0
TXN_201337,CUST_692,0,0.24021411843425894,0.009512325788485251,22,13,2,0,0,0,1,2025-08-13 22:27:36,1
TXN_201338,CUST_520,1,0.23285379725660754,0.023910210079365318,5,7,3,0,1,0,0,2025-08-07 05:36:10,0
TXN_201339,CUST_500,1,0.16359986617597858,0.05798322116657554,5,4,0,0,0,0,1,2025-08-04 05:27:13,0
TXN_201340,CUST_779,1,0.39611910337905654,0.9554676621315603,4,22,4,0,0,0,1,2025-08-22 04:39:39,1
TXN_201341,CUST_151,0,0.32686517229842754,0.6498457272118858,19,21,3,0,0,1,0,2025-08-21 19:51:17,0
TXN_201342,CUST_190,1,0.8785547005687521,0.4752665715643918,6,14,3,0,0,0,1,2025-08-14 06:27:07,1
TXN_201343,CUST_679,1,0.011040481766477083,0.672500450174315,15,23,5,0,1,0,0,2025-08-23 15:52:25,0
TXN_201344,CUST_526,1,0.006356641017062563,0.02873981372418081,11,23,5,0,1,0,0,2025-08-23 11:08:25,1
TXN_201345,CUST_434,1,0.27333556373369017,0.013362719425662552,13,15,4,0,0,1,0,2025-08-15 13:26:25,0
TXN_201346,CUST_132,1,0.6945466711274674,0.02310585900166252,15,16,5,0,0,0,1,2025-08-16 15:59:07,1
TXN_201347,CUST_736,1,0.5379725660756105,0.004486880142142124,18,9,5,0,0,1,0,2025-08-09 18:10:17,0
TXN_201348,CUST_223,1,0.04784208765473403,0.6625439827037939,10,15,4,1,0,0,0,2025-08-15 10:36:09,0
TXN_201349,CUST_574,1,0.9133489461358314,0.02752279557183049,13,4,0,0,1,0,0,2025-08-04 13:08:35,0
TXN_201350,CUST_657,1,0.9856139176982268,0.02189233802791091,17,8,4,0,0,0,1,2025-08-08 17:31:28,0
TXN_201351,CUST_241,1,0.7664770826363332,0.043312556944996264,21,19,1,0,0,1,0,2025-08-19 21:32:44,0
TXN_201352,CUST_795,1,0.8357310137169621,0.011572163983124155,10,9,5,0,0,0,1,2025-08-09 10:40:25,0
TXN_201353,CUST_169,1,0.6306457009033122,0.005018451289145712,15,4,0,0,1,0,0,2025-08-04 15:19:19,0
TXN_201354,CUST_208,1,0.5707594513215122,0.05109377932712115,21,3,6,0,1,0,0,2025-08-03 21:54:15,0
TXN_201355,CUST_432,1,0.31381733021077285,0.014541268613427086,11,14,3,1,0,0,0,2025-08-14 11:30:28,0
TXN_201356,CUST_721,1,0.23318835731013715,0.039406208450239635,4,22,4,0,1,0,0,2025-08-22 04:59:08,0
TXN_201357,CUST_448,1,0.6554031448645031,0.030656267596272692,10,12,1,1,0,0,0,2025-08-12 10:13:10,0
TXN_201358,CUST_157,1,0.34626965540314486,0.2699996737132367,17,20,2,1,0,0,0,2025-08-20 17:24:36,0
TXN_201359,CUST_493,1,0.012044161927065908,0.006134051262133505,9,4,0,0,0,1,0,2025-08-04 09:03:22,0
TXN_201360,CUST_286,1,0.9287387085981933,0.03360788633358208,3,5,1,0,1,0,0,2025-08-05 03:04:44,0
TXN_201361,CUST_586,1,0.41820006691201067,0.024434786869171488,10,12,1,0,1,0,0,2025-08-12 10:42:08,0
TXN_201362,CUST_151,1,0.9016393442622951,0.6806593678451004,10,13,2,0,1,0,0,2025-08-13 10:08:17,0
TXN_201363,CUST_679,1,0.6293074606891937,0.04340348358856267,7,6,2,0,0,0,1,2025-08-06 07:56:47,0
TXN_201364,CUST_152,1,0.05687520910003346,0.01613598205443785,20,21,3,0,0,0,1,2025-08-21 20:47:41,0
TXN_201365,CUST_657,1,0.42489126798260285,0.07381844586152453,18,25,0,0,0,0,1,2025-08-25 18:25:28,0
TXN_201366,CUST_787,0,0.3593174974907996,0.4414698375864795,3,23,5,0,0,0,1,2025-08-23 03:40:41,0
TXN_201367,CUST_304,0,0.1846771495483439,0.005021948467744419,21,8,4,0,0,0,1,2025-08-08 21:52:33,0
TXN_201368,CUST_446,1,0.4493141518902643,0.029827436268378936,10,21,3,0,0,0,1,2025-08-21 10:04:58,0
TXN_201369,CUST_591,1,0.4780863164938106,0.08899620097991644,13,23,5,0,0,0,1,2025-08-23 13:47:26,0
TXN_201370,CUST_581,1,0.6065573770491803,0.008575081924031558,3,8,4,0,0,1,0,2025-08-08 03:03:16,0
TXN_201371,CUST_307,1,0.6209434593509535,0.017583813994302883,15,3,6,0,0,0,1,2025-08-03 15:07:05,0
TXN_201372,CUST_158,1,0.22917363666778184,0.015551953228453645,7,3,6,0,0,0,1,2025-08-03 07:43:44,0
TXN_201373,CUST_483,1,0.23586483773837402,0.011970842343376843,9,23,5,0,1,0,0,2025-08-23 09:02:53,0
TXN_201374,CUST_779,1,0.17062562730010036,0.057734921486067285,21,20,2,0,0,0,1,2025-08-20 21:04:08,0
TXN_201375,CUST_628,0,0.20910003345600534,0.03038698484417219,12,14,3,0,0,1,0,2025-08-14 12:10:27,0
TXN_201376,CUST_265,1,0.2459016393442623,0.018034950033536192,0,14,3,0,1,0,0,2025-08-14 00:07:40,0
TXN_201377,CUST_350,0,0.31348277015724324,0.013516595284005697,11,12,1,0,0,0,1,2025-08-12 11:05:57,0
TXN_201378,CUST_367,1,0.867514218802275,0.08685243049890855,10,23,5,0,1,0,0,2025-08-23 10:53:52,0
TXN_201379,CUST_276,0,0.23586483773837402,0.02150764838205305,18,8,4,0,1,0,0,2025-08-08 18:51:01,0
TXN_201380,CUST_253,1,0.7945801271328203,0.06816001088881528,5,4,0,0,0,0,1,2025-08-04 05:27:53,0
TXN_201381,CUST_583,1,0.4954834392773503,0.02562033041413344,10,10,6,0,0,1,0,2025-08-10 10:28:02,0
TXN_201382,CUST_205,1,0.49447975911676145,0.00986903800555345,10,7,3,0,0,0,1,2025-08-07 10:30:09,0
TXN_201383,CUST_240,0,0.6032117765138842,0.009669698825427103,7,23,5,0,0,0,1,2025-08-23 07:17:43,0
TXN_201384,CUST_678,1,0.07728337236533957,0.013824347000691985,19,2,5,0,1,0,0,2025-08-02 19:55:53,0
TXN_201385,CUST_711,1,0.8772164603546336,0.006207492012706368,13,19,1,0,0,0,1,2025-08-19 13:07:21,0
TXN_201386,CUST_748,1,0.20675811308129807,0.005616468829524748,18,12,1,0,0,1,0,2025-08-12 18:37:57,0
TXN_201387,CUST_434,1,0.7035797925727668,0.02107749541441199,6,3,6,0,1,0,0,2025-08-03 06:47:13,0
TXN_201388,CUST_506,1,0.24121779859484777,0.12168083216343965,6,25,0,0,0,0,1,2025-08-25 06:15:31,0
TXN_201389,CUST_695,1,0.8347273335563733,0.03081713781181325,0,6,2,0,1,0,0,2025-08-06 00:55:02,0
TXN_201390,CUST_225,1,0.7243225158916026,0.021696496026383273,4,21,3,0,0,0,1,2025-08-21 04:42:15,0
TXN_201391,CUST_525,1,0.4737370357979257,0.033688321441352365,11,23,5,0,1,0,0,2025-08-23 11:10:36,0
TXN_201392,CUST_477,1,0.884576781532285,0.015405071727307915,16,7,3,1,0,0,0,2025-08-07 16:47:12,1
TXN_201393,CUST_126,1,0.8109735697557712,0.008714969067979871,14,15,4,0,0,0,1,2025-08-15 14:22:04,0
TXN_201394,CUST_531,1,0.554700568752091,0.014516788363236131,16,23,5,0,1,0,0,2025-08-23 16:37:46,0
TXN_201395,CUST_607,1,0.9558380729340916,0.9779685092356464,5,22,4,0,0,0,1,2025-08-22 05:10:31,0
TXN_201396,CUST_571,1,0.45901639344262296,0.030922053169774484,6,19,1,0,0,1,0,2025-08-19 06:23:14,0
TXN_201397,CUST_160,1,0.5543660086985613,0.019926923655437117,8,9,5,1,0,0,0,2025-08-09 08:53:30,0
TXN_201398,CUST_359,1,0.9678822348611575,0.554439197860538,18,12,1,1,0,0,0,2025-08-12 18:17:04,0
TXN_201399,CUST_488,1,0.6637671462027434,0.03680430757280102,14,24,6,0,1,0,0,2025-08-24 14:45:15,0
TXN_201400,CUST_111,1,0.109401137504182,0.7803709240514576,9,24,6,0,0,1,0,2025-08-24 09:53:34,0
TXN_201401,CUST_129,1,0.10337905654064904,0.012051277451147122,7,8,4,0,1,0,0,2025-08-08 07:50:58,0
TXN_201402,CUST_664,0,0.6266309802609569,0.013775386500310075,22,15,4,0,1,0,0,2025-08-15 22:08:27,0
TXN_201403,CUST_426,0,0.8561391769822683,0.02617987898992669,0,25,0,0,1,0,0,2025-08-25 00:41:24,0
TXN_201404,CUST_359,1,0.37370357979257274,0.03036949895117865,22,21,3,0,0,0,1,2025-08-21 22:05:22,0
TXN_201405,CUST_270,1,0.09936433589829374,0.024284408189427054,21,14,3,0,0,1,0,2025-08-14 21:09:43,0
TXN_201406,CUST_129,1,0.7684844429575108,0.16560539536320978,3,5,1,0,0,0,1,2025-08-05 03:17:52,0
TXN_201407,CUST_352,1,0.7410505185680829,0.6577598423807616,21,6,2,0,1,0,0,2025-08-06 21:05:55,1
TXN_201408,CUST_372,1,0.8815657410505185,0.02024516690791953,21,24,6,0,1,0,0,2025-08-24 21:08:29,0
TXN_201409,CUST_397,1,0.10839745734359317,0.0338387001210968,2,12,1,0,1,0,0,2025-08-12 02:46:29,0
TXN_201410,CUST_383,1,0.2934091669454667,0.07665116052647786,2,18,0,0,1,0,0,2025-08-18 02:31:01,0
TXN_201411,CUST_227,0,0.10137169621947138,0.17633124212544665,0,17,6,0,0,1,0,2025-08-17 00:28:03,0
TXN_201412,CUST_476,0,0.35296085647373704,0.0429698334423229,17,3,6,0,0,1,0,2025-08-03 17:14:49,0
TXN_201413,CUST_188,1,0.32719973235195715,1.0,5,3,6,0,1,0,0,2025-08-03 05:33:42,0
TXN_201414,CUST_504,1,0.6798260287721646,0.0126667808845197,18,19,1,0,1,0,0,2025-08-19 18:11:55,0
TXN_201415,CUST_748,1,0.8206758113081298,0.049862772460376,14,4,0,0,0,1,0,2025-08-04 14:57:23,0
TXN_201416,CUST_271,1,0.11475409836065573,0.01939884968703224,4,13,2,0,0,1,0,2025-08-13 04:45:00,0
TXN_201417,CUST_245,1,0.8661759785881565,0.008291810457536224,7,21,3,0,0,0,1,2025-08-21 07:32:37,0
TXN_201418,CUST_335,1,0.18869187019069922,0.022332982531348095,11,14,3,0,1,0,0,2025-08-14 11:24:31,0
TXN_201419,CUST_245,1,0.9662094345935095,0.7719532151643679,10,2,5,0,0,0,1,2025-08-02 10:18:59,0
TXN_201420,CUST_309,1,0.49514887922382067,0.02737591407068476,23,11,0,1,0,0,0,2025-08-11 23:46:04,0
TXN_201421,CUST_308,1,0.022080963532954166,0.22181904415883916,17,15,4,0,0,1,0,2025-08-15 17:25:52,0
TXN_201422,CUST_466,1,0.29842756774841084,0.04987676117477083,7,25,0,0,1,0,0,2025-08-25 07:06:07,0
TXN_201423,CUST_758,1,0.31515557042489123,0.040647706852780914,7,3,6,0,0,0,1,2025-08-03 07:40:10,0
TXN_201424,CUST_177,1,0.9267313482770156,0.0455647399625641,13,7,3,0,1,0,0,2025-08-07 13:35:55,0
TXN_201425,CUST_424,1,0.29541652726664436,0.025770709093877874,9,3,6,0,0,1,0,2025-08-03 09:39:12,0
TXN_201426,CUST_149,1,0.4091669454667113,0.005577999864938962,19,5,1,0,1,0,0,2025-08-05 19:39:40,0
TXN_201427,CUST_726,1,0.7099364335898294,0.013523589641203114,18,12,1,0,1,0,0,2025-08-12 18:11:32,0
TXN_201428,CUST_585,1,0.6624289059886249,0.027267501534124817,13,20,2,0,1,0,0,2025-08-20 13:30:22,0
TXN_201429,CUST_565,1,0.31549013047842084,0.02278761574918011,16,3,6,0,0,0,1,2025-08-03 16:54:08,0
TXN_201430,CUST_675,1,0.13114754098360656,0.022525327354277022,8,3,6,0,0,0,1,2025-08-03 08:14:53,0
TXN_201431,CUST_251,1,0.9575108732017397,0.029047565440867097,5,24,6,0,0,0,1,2025-08-24 05:11:14,0
TXN_201432,CUST_523,1,0.7852124456339913,0.018699413967290676,2,12,1,0,0,1,0,2025-08-12 02:19:10,0
TXN_201433,CUST_705,1,0.8728671796587487,0.35685909856934267,19,3,6,0,1,0,0,2025-08-03 19:39:09,1
TXN_201434,CUST_431,1,0.8584810973569755,0.011551180911531907,6,25,0,0,1,0,0,2025-08-25 06:55:57,0
TXN_201435,CUST_720,1,0.1609233857477417,0.03887813448183476,3,5,1,0,1,0,0,2025-08-05 03:21:41,0
TXN_201436,CUST_674,0,0.5975242556038809,0.05397545449245639,18,7,3,1,0,0,0,2025-08-07 18:15:42,0
TXN_201437,CUST_413,1,0.7778521244563399,0.06870906792881241,12,16,5,0,0,0,1,2025-08-16 12:25:20,0
TXN_201438,CUST_475,1,0.09702241552358648,0.031331223065823297,9,3,6,0,0,1,0,2025-08-03 09:31:08,0
TXN_201439,CUST_682,1,0.7862161257945801,0.02360595554127774,19,24,6,0,1,0,0,2025-08-24 19:33:27,1
TXN_201440,CUST_746,1,0.43626630980260955,0.025767211915279167,19,6,2,0,1,0,0,2025-08-06 19:49:24,0
TXN_201441,CUST_203,1,0.4616928738708598,0.018671436538501014,10,15,4,0,0,0,1,2025-08-15 10:00:44,0
TXN_201442,CUST_654,1,0.2813650050184008,0.5706940839873319,8,3,6,0,1,0,0,2025-08-03 08:44:07,0
TXN_201443,CUST_322,1,0.8220140515222483,0.010358643009372542,5,1,4,0,1,0,0,2025-08-01 05:04:20,0
TXN_201444,CUST_170,1,0.6771495483439277,0.03589154395853829,16,23,5,0,0,1,0,2025-08-23 16:21:34,0
TXN_201445,CUST_523,1,0.02542656406825025,0.058990408603003384,9,8,4,0,0,0,1,2025-08-08 09:16:56,1
TXN_201446,CUST_641,1,0.8434258949481431,0.07028629547682963,3,10,6,0,0,1,0,2025-08-10 03:46:49,0
TXN_201447,CUST_441,1,0.4921378387420542,0.052922803734245336,13,17,6,0,0,0,1,2025-08-17 13:00:44,0
TXN_201448,CUST_111,1,0.7447306791569086,0.03715752261127051,10,25,0,0,1,0,0,2025-08-25 10:47:04,0
TXN_201449,CUST_115,1,0.8370692539310806,0.01263180909853262,1,2,5,0,0,1,0,2025-08-02 01:11:51,1
TXN_201450,CUST_603,1,0.8805620608899297,0.010620931404275627,19,20,2,0,0,0,1,2025-08-20 19:58:56,0
TXN_201451,CUST_151,1,0.6099029775844764,0.049799823245599256,8,20,2,0,0,0,1,2025-08-20 08:53:57,0
TXN_201452,CUST_352,1,0.7607895617263298,0.035139650559816105,8,14,3,0,0,0,1,2025-08-14 08:37:50,0
TXN_201453,CUST_604,0,0.4934760789561726,0.012002316950765212,19,4,0,0,1,0,0,2025-08-04 19:18:36,1
TXN_201454,CUST_610,1,0.29575108732017397,0.9877536149548308,5,19,1,0,0,0,1,2025-08-19 05:06:32,1
TXN_201455,CUST_544,1,0.014720642355302776,0.03437376844669909,7,14,3,0,0,0,1,2025-08-14 07:58:17,0
TXN_201456,CUST_744,1,0.25493476078956173,0.0060466217971658085,15,14,3,0,0,1,0,2025-08-14 15:40:04,0
TXN_201457,CUST_372,1,0.9829374372699899,0.017807633424620183,4,18,0,0,0,0,1,2025-08-18 04:29:35,0
TXN_201458,CUST_269,1,0.8972900635664102,0.01779364471022535,15,17,6,0,1,0,0,2025-08-17 15:50:35,0
TXN_201459,CUST_466,0,0.9367681498829039,1.0,10,13,2,0,0,0,1,2025-08-13 10:41:13,0
TXN_201460,CUST_729,1,0.14988290398126464,0.007868651847092581,18,1,4,0,0,0,1,2025-08-01 18:22:29,0
TXN_201461,CUST_797,1,0.22917363666778184,0.015065845403233257,9,4,0,0,0,0,1,2025-08-04 09:35:58,1
TXN_201462,CUST_671,1,0.042154566744730684,0.08201583249689565,22,8,4,0,0,0,1,2025-08-08 22:01:06,0
TXN_201463,CUST_100,1,0.8353964536634325,0.05884702428045637,5,3,6,0,1,0,0,2025-08-03 05:06:29,0
TXN_201464,CUST_132,1,0.1846771495483439,0.02924340744239473,0,12,1,0,1,0,0,2025-08-12 00:48:31,0
TXN_201465,CUST_620,1,0.15490130478420877,0.057140401124286956,1,1,4,0,0,0,1,2025-08-01 01:04:03,0
TXN_201466,CUST_778,0,0.31983941117430575,0.021609066561415577,10,10,6,0,1,0,0,2025-08-10 10:38:15,0
TXN_201467,CUST_648,1,0.984610237537638,0.01020126997243069,20,23,5,0,1,0,0,2025-08-23 20:16:16,0
TXN_201468,CUST_482,1,0.21646035463365673,0.6008957183657726,20,23,5,0,0,0,1,2025-08-23 20:44:37,1
TXN_201469,CUST_662,1,0.5466711274673803,0.02914548644163091,10,12,1,0,1,0,0,2025-08-12 10:21:14,0
TXN_201470,CUST_513,0,0.8109735697557712,0.08888079408615908,3,13,2,0,1,0,0,2025-08-13 03:22:26,0
TXN_201471,CUST_593,1,0.8919371027099364,0.10051590728405997,4,19,1,0,0,1,0,2025-08-19 04:52:36,0
TXN_201472,CUST_178,1,0.7487453997992639,0.020444506088045874,17,15,4,0,1,0,0,2025-08-15 17:41:25,0
TXN_201473,CUST_138,1,0.226497156239545,0.03758767557891157,12,16,5,0,0,0,1,2025-08-16 12:38:41,0
TXN_201474,CUST_210,0,0.516226162596186,0.009344461215747276,19,21,3,1,0,0,0,2025-08-21 19:19:08,0
TXN_201475,CUST_332,1,0.2231515557042489,0.03418142362377016,13,1,4,0,0,0,1,2025-08-01 13:24:52,0
TXN_201476,CUST_771,1,0.8106390097022416,0.03335608947447512,10,25,0,0,1,0,0,2025-08-25 10:51:50,0
TXN_201477,CUST_384,0,0.8541318166610906,0.012264605345668301,6,16,5,0,0,0,1,2025-08-16 06:10:57,0
TXN_201478,CUST_626,1,0.8952827032452325,0.061267071870762184,9,4,0,0,0,1,0,2025-08-04 09:57:07,0
TXN_201479,CUST_689,0,0.7781866845098695,0.008060996670021508,13,13,2,0,1,0,0,2025-08-13 13:17:59,0
TXN_201480,CUST_305,1,0.10806289729006356,0.06743259774028405,5,15,4,0,0,0,1,2025-08-15 05:10:06,0
TXN_201481,CUST_799,0,0.3864168618266979,0.021832885991732876,6,7,3,0,1,0,0,2025-08-07 06:06:55,0
TXN_201482,CUST_507,1,0.05654064904650385,0.0354963627768843,5,3,6,0,0,0,1,2025-08-03 05:08:09,0
TXN_201483,CUST_305,1,0.24088323854131816,0.027820055752720653,7,1,4,0,0,1,0,2025-08-01 07:43:51,0
TXN_201484,CUST_218,1,0.013382402141184344,0.020902636484476596,9,8,4,0,0,1,0,2025-08-08 09:09:40,0
TXN_201485,CUST_180,1,0.07494145199063232,0.01738447481417654,13,25,0,0,1,0,0,2025-08-25 13:39:46,0
TXN_201486,CUST_757,1,0.5684175309468049,0.025036301588149235,3,13,2,1,0,0,0,2025-08-13 03:44:51,0
TXN_201487,CUST_506,1,0.9220475075276012,0.014747602150750848,5,5,1,0,0,0,1,2025-08-05 05:02:14,0
TXN_201488,CUST_653,1,0.19638675142188022,0.012603831669742958,21,2,5,1,0,0,0,2025-08-02 21:44:24,0
TXN_201489,CUST_564,1,0.7370357979257276,0.05083848528941548,18,23,5,0,1,0,0,2025-08-23 18:30:03,0
TXN_201490,CUST_521,0,0.060555369688859155,0.016401767627939642,5,21,3,0,1,0,0,2025-08-21 05:50:43,0
TXN_201491,CUST_778,1,0.8203412512546002,0.022084682850839837,7,12,1,0,1,0,0,2025-08-12 07:20:43,0
TXN_201492,CUST_438,1,0.17865506858481098,0.03708757903929636,23,17,6,0,0,0,1,2025-08-17 23:51:48,0
TXN_201493,CUST_762,1,0.5092004014720642,0.013257804067701318,10,9,5,0,0,0,1,2025-08-09 10:17:49,0
TXN_201494,CUST_791,1,0.3984610237537638,0.48799979884228695,6,21,3,0,0,0,1,2025-08-21 06:07:11,1
TXN_201495,CUST_636,0,0.14988290398126464,0.020098285406773803,23,7,3,0,0,0,1,2025-08-07 23:06:42,0
TXN_201496,CUST_398,0,0.7233188357310137,0.008749940853966947,3,17,6,0,0,0,1,2025-08-17 03:06:52,0
TXN_201497,CUST_489,0,0.1408497825359652,0.04658591611338678,21,20,2,0,1,0,0,2025-08-20 21:42:37,0
TXN_201498,CUST_676,0,0.9909668785547006,0.012498916311781724,17,7,3,0,0,0,1,2025-08-07 17:24:48,0
TXN_201499,CUST_120,1,0.8849113415858146,0.06273238970362076,3,12,1,0,0,0,1,2025-08-12 03:42:48,0
TXN_201500,CUST_462,0,0.6062228169956507,0.04215848800742269,4,15,4,0,0,1,0,2025-08-15 04:42:00,0
TXN_201501,CUST_689,1,0.9016393442622951,0.020266149979511778,8,1,4,0,0,0,1,2025-08-01 08:36:23,0
TXN_201502,CUST_593,1,0.42154566744730676,0.7703445130089622,13,11,0,0,0,0,1,2025-08-11 13:00:33,0
TXN_201503,CUST_225,1,0.7624623619939779,0.08698882046425815,18,11,0,0,1,0,0,2025-08-11 18:19:24,0
TXN_201504,CUST_537,1,0.24857811977249916,0.29346224493196743,21,25,0,0,1,0,0,2025-08-25 21:43:42,0
TXN_201505,CUST_761,1,0.16393442622950818,0.054230748530162055,22,18,0,0,0,0,1,2025-08-18 22:24:29,0
TXN_201506,CUST_413,1,0.05888256942121111,0.029799458839589274,0,16,5,0,1,0,0,2025-08-16 00:02:05,0
TXN_201507,CUST_559,1,0.4690531950485112,0.05264652662494742,12,2,5,0,1,0,0,2025-08-02 12:14:44,0
TXN_201508,CUST_437,1,0.2582803613248578,0.03831858590604151,8,22,4,0,1,0,0,2025-08-22 08:18:03,0
TXN_201509,CUST_749,1,0.7761793241886918,0.025151708481906593,10,24,6,0,1,0,0,2025-08-24 10:05:47,0
TXN_201510,CUST_421,1,0.7019069923051188,0.01760129988729642,3,9,5,0,1,0,0,2025-08-09 03:14:36,0
TXN_201511,CUST_304,1,0.9009702241552359,0.23779415599773646,19,16,5,0,1,0,0,2025-08-16 19:04:35,0
TXN_201512,CUST_745,1,0.6821679491468718,0.01642275069953189,7,15,4,0,0,0,1,2025-08-15 07:41:01,0
TXN_201513,CUST_180,0,0.15322850451656073,0.004791134680229704,3,15,4,0,0,1,0,2025-08-15 03:35:53,0
TXN_201514,CUST_121,1,0.9926396788223486,0.7750657041172178,2,11,0,0,0,1,0,2025-08-11 02:44:05,0
TXN_201515,CUST_570,1,0.39210438273670123,0.03284550139906378,4,3,6,0,1,0,0,2025-08-03 04:07:10,0
TXN_201516,CUST_642,1,0.5195717631314821,0.0532655272369187,13,21,3,0,1,0,0,2025-08-21 13:40:13,0
TXN_201517,CUST_106,1,0.3693542990966878,0.49169981379971983,13,20,2,0,1,0,0,2025-08-20 13:17:30,0
TXN_201518,CUST_727,1,0.9601873536299765,0.02590360188062877,6,16,5,0,0,0,1,2025-08-16 06:14:22,0
TXN_201519,CUST_689,1,0.6129140180662429,0.018510566322960453,14,18,0,0,1,0,0,2025-08-18 14:32:57,0
TXN_201520,CUST_403,1,0.8046169287387086,0.053181594950549714,19,24,6,0,0,0,1,2025-08-24 19:43:35,0
TXN_201521,CUST_566,1,0.2813650050184008,0.04075262221074215,10,23,5,0,0,1,0,2025-08-23 10:06:22,0
TXN_201522,CUST_447,0,0.7129474740715959,0.029463729694113323,7,7,3,0,0,1,0,2025-08-07 07:32:24,1
TXN_201523,CUST_167,1,0.060220809635329546,0.03876972194527482,16,7,3,0,1,0,0,2025-08-07 16:03:45,0
TXN_201524,CUST_106,0,0.930746068919371,0.0494605969215246,4,5,1,0,0,0,1,2025-08-05 04:25:47,0
TXN_201525,CUST_233,1,0.7457343593174974,0.15892578423967785,7,12,1,0,1,0,0,2025-08-12 07:02:33,0
TXN_201526,CUST_639,1,0.21211107393777182,0.023805294721404083,18,21,3,0,1,0,0,2025-08-21 18:07:41,0
TXN_201527,CUST_157,1,0.520575443292071,0.06356821538871192,0,2,5,0,1,0,0,2025-08-02 00:28:00,0
TXN_201528,CUST_281,1,0.9166945466711275,0.008847861854730767,19,14,3,0,1,0,0,2025-08-14 19:44:50,0
TXN_201529,CUST_773,1,0.759785881565741,0.0758223291985841,17,13,2,0,0,0,1,2025-08-13 17:49:36,0
TXN_201530,CUST_489,1,0.2576112412177986,0.015401574548709208,10,19,1,0,0,0,1,2025-08-19 10:38:54,0
TXN_201531,CUST_313,1,0.7617932418869187,0.03978390373890008,8,20,2,0,0,0,1,2025-08-20 08:18:24,0
TXN_201532,CUST_691,1,0.7169621947139512,1.0,0,10,6,0,0,0,1,2025-08-10 00:03:02,0
TXN_201533,CUST_432,1,0.5249247239879559,0.014411873005274897,20,6,2,0,1,0,0,2025-08-06 20:09:38,0
TXN_201534,CUST_222,1,0.6068919371027099,0.04636209668306948,6,2,5,0,0,0,1,2025-08-02 06:16:39,0
TXN_201535,CUST_194,0,0.7002341920374707,0.04292087294194099,19,4,0,0,1,0,0,2025-08-04 19:17:05,1
TXN_201536,CUST_543,1,0.9504851120776179,0.11157398601317407,22,25,0,0,1,0,0,2025-08-25 22:07:42,0
TXN_201537,CUST_786,0,0.21077283372365338,0.02432287715401284,19,1,4,0,1,0,0,2025-08-01 19:52:38,0
TXN_201538,CUST_284,1,0.2151221144195383,0.025323070233243275,11,5,1,1,0,0,0,2025-08-05 11:25:59,0
TXN_201539,CUST_336,1,0.6764804282368685,0.02390671290076661,5,22,4,0,1,0,0,2025-08-22 05:53:32,0
TXN_201540,CUST_402,1,0.890598862495818,0.02776410089514133,12,9,5,0,1,0,0,2025-08-09 12:41:08,0
TXN_201541,CUST_617,1,0.7159585145533623,0.019727584475310773,19,3,6,0,0,0,1,2025-08-03 19:54:32,0
TXN_201542,CUST_726,1,0.687186349949816,0.009851552112559909,17,25,0,0,1,0,0,2025-08-25 17:36:52,0
TXN_201543,CUST_101,0,0.6323185011709602,0.046057842144981896,8,13,2,0,1,0,0,2025-08-13 08:37:30,1
TXN_201544,CUST_556,1,0.14586818333890933,0.06647437080423811,18,19,1,1,0,0,0,2025-08-19 18:25:13,0
TXN_201545,CUST_488,1,0.485446637671462,0.01225061663127347,4,7,3,0,0,0,1,2025-08-07 04:49:05,0
TXN_201546,CUST_572,1,0.947808631649381,0.023847260864588576,23,20,2,1,0,0,0,2025-08-20 23:43:50,0
TXN_201547,CUST_452,1,0.5597189695550351,0.05144000000839322,10,21,3,0,0,1,0,2025-08-21 10:20:51,0
TXN_201548,CUST_319,0,0.1953830712612914,0.013670471142348841,6,14,3,0,0,0,1,2025-08-14 06:41:33,0
TXN_201549,CUST_438,1,0.4054867848778856,0.00908217282084419,10,15,4,0,0,0,1,2025-08-15 10:18:39,0
TXN_201550,CUST_197,1,0.9866175978588156,0.013950245430245464,1,3,6,0,1,0,0,2025-08-03 01:12:43,0
TXN_201551,CUST_790,1,0.8277015724322516,0.009208071250397673,5,7,3,0,1,0,0,2025-08-07 05:10:01,0
TXN_201552,CUST_381,1,0.6895282703245232,0.029037073905070973,5,15,4,0,1,0,0,2025-08-15 05:34:02,0
TXN_201553,CUST_468,0,0.8394111743057878,0.0397034686311298,17,19,1,0,0,1,0,2025-08-19 17:04:30,0
TXN_201554,CUST_480,1,0.6985613917698227,0.012397498132419197,13,4,0,0,1,0,0,2025-08-04 13:16:25,0
TXN_201555,CUST_427,1,0.6644362663098026,0.06898534503811032,15,17,6,0,1,0,0,2025-08-17 15:49:37,0
TXN_201556,CUST_304,1,0.07193041150886584,0.022598768104849887,19,2,5,0,0,0,1,2025-08-02 19:23:57,0
TXN_201557,CUST_598,1,0.6477082636333221,0.07596221634253242,2,14,3,0,1,0,0,2025-08-14 02:48:39,0
TXN_201558,CUST_668,1,0.6721311475409836,0.02104252362842491,18,13,2,0,1,0,0,2025-08-13 18:19:44,0
TXN_201559,CUST_602,1,0.0006691201070592174,0.012866120064646044,4,19,1,0,1,0,0,2025-08-19 04:33:07,1
TXN_201560,CUST_684,1,0.7226497156239545,0.03712954518248085,11,8,4,0,0,0,1,2025-08-08 11:07:32,0
TXN_201561,CUST_645,0,0.6848444295751087,0.03163198042531217,4,24,6,0,0,0,1,2025-08-24 04:06:25,1
TXN_201562,CUST_150,1,0.16226162596186014,0.32493685232033775,21,12,1,0,1,0,0,2025-08-12 21:00:35,0
TXN_201563,CUST_517,1,0.6925393108062897,0.055468749754104624,22,16,5,0,1,0,0,2025-08-16 22:18:11,1
TXN_201564,CUST_644,1,0.4195383071261291,0.17866386025078476,4,21,3,0,1,0,0,2025-08-21 04:34:49,0
TXN_201565,CUST_682,0,0.7019069923051188,0.04015810184896182,0,8,4,0,0,0,1,2025-08-08 00:44:44,0
TXN_201566,CUST_431,1,0.21378387420541986,0.013824347000691985,14,21,3,0,0,0,1,2025-08-21 14:29:01,0
TXN_201567,CUST_587,1,0.021746403479424557,0.8483980421535219,5,9,5,0,0,0,1,2025-08-09 05:57:52,0
TXN_201568,CUST_534,0,0.011040481766477083,0.007868651847092581,17,16,5,0,0,0,1,2025-08-16 17:10:55,1
TXN_201569,CUST_250,1,0.33522917363666777,0.016559140664881494,4,6,2,0,1,0,0,2025-08-06 04:54:29,0
TXN_201570,CUST_581,1,0.14921378387420542,0.015915659802719258,20,13,2,0,1,0,0,2025-08-13 20:50:05,0
TXN_201571,CUST_292,1,0.2077617932418869,0.10391516488200396,22,10,6,0,1,0,0,2025-08-10 22:25:35,0
TXN_201572,CUST_577,1,0.7688190030110404,0.36600072342636486,10,9,5,0,1,0,0,2025-08-09 10:47:53,1
TXN_201573,CUST_170,1,0.0545332887253262,0.014950438509475899,18,3,6,0,0,0,1,2025-08-03 18:31:08,0
TXN_201574,CUST_300,1,0.8430913348946135,0.08742596778909663,6,1,4,0,0,0,1,2025-08-01 06:02:36,0
TXN_201575,CUST_788,1,0.2308464369354299,0.020619365017981266,2,24,6,0,1,0,0,2025-08-24 02:58:42,0
TXN_201576,CUST_618,1,0.08798929407828705,0.8617922361865729,22,16,5,0,0,0,1,2025-08-16 22:46:12,1
TXN_201577,CUST_457,1,0.3208430913348946,0.016499688628703463,0,6,2,0,0,0,1,2025-08-06 00:17:19,0
TXN_201578,CUST_579,0,0.2151221144195383,0.022759638320390446,5,2,5,0,1,0,0,2025-08-02 05:51:37,0
TXN_201579,CUST_470,0,0.8561391769822683,0.1180752410281719,17,21,3,0,0,0,1,2025-08-21 17:09:31,0
TXN_201580,CUST_756,1,0.9116761458681834,0.015884185195330885,0,15,4,0,0,0,1,2025-08-15 00:57:51,0
TXN_201581,CUST_760,1,0.7561057209769153,0.015188246654188033,2,13,2,0,1,0,0,2025-08-13 02:05:30,0
TXN_201582,CUST_574,0,0.7855470056875209,0.46560036991756343,15,13,2,0,1,0,0,2025-08-13 15:32:52,1
TXN_201583,CUST_668,1,0.39310806289729006,0.052992747306219494,2,18,0,0,1,0,0,2025-08-18 02:24:03,0
TXN_201584,CUST_249,1,0.9551689528270324,0.013792872393303613,4,20,2,1,0,0,0,2025-08-20 04:29:20,0
TXN_201585,CUST_393,1,0.8591502174640347,0.01099862669293607,21,10,6,0,0,0,1,2025-08-10 21:19:22,0
TXN_201586,CUST_108,1,0.1177651388424222,0.030425453808757975,16,19,1,0,1,0,0,2025-08-19 16:56:34,0
TXN_201587,CUST_239,0,0.4653730344596855,0.019867471619259086,14,16,5,0,0,0,1,2025-08-16 14:34:59,0
TXN_201588,CUST_612,0,0.7457343593174974,0.016545151950486663,11,3,6,1,0,0,0,2025-08-03 11:44:50,1
TXN_201589,CUST_614,1,0.3292070926731348,0.008120448706199542,17,3,6,0,1,0,0,2025-08-03 17:52:44,0
TXN_201590,CUST_128,1,0.594847775175644,0.9551074527358935,19,5,1,0,0,1,0,2025-08-05 19:39:14,0
TXN_201591,CUST_422,0,0.041820006691201075,0.009110150249633853,8,9,5,0,0,0,1,2025-08-09 08:40:03,0
TXN_201592,CUST_174,1,0.27567748410839743,0.9088257911605943,21,19,1,0,1,0,0,2025-08-19 21:10:00,1
TXN_201593,CUST_136,1,0.8414185346269655,0.033880666264281295,2,22,4,0,0,1,0,2025-08-22 02:22:09,0
TXN_201594,CUST_624,1,0.9257276681164269,0.006207492012706368,3,4,0,1,0,0,0,2025-08-04 03:20:34,0
TXN_201595,CUST_554,1,0.5884911341585815,0.03233491332365244,14,16,5,1,0,0,0,2025-08-16 14:35:20,0
TXN_201596,CUST_243,1,0.3770491803278688,0.015884185195330885,22,17,6,0,0,0,1,2025-08-17 22:23:03,0
TXN_201597,CUST_778,1,0.37102709936433587,0.05894144810262148,14,17,6,0,0,0,1,2025-08-17 14:29:56,0
TXN_201598,CUST_517,1,0.1254600200736032,0.060637579722994765,6,24,6,0,0,0,1,2025-08-24 06:09:46,0
TXN_201599,CUST_687,1,0.34994981599197056,0.02029412740830144,11,1,4,0,0,0,1,2025-08-01 11:00:17,0
TXN_201600,CUST_740,0,0.5460020073603211,0.006648136516143553,1,24,6,0,1,0,0,2025-08-24 01:09:04,0
TXN_201601,CUST_536,1,0.5098695215791235,0.009043703856258405,19,24,6,0,0,1,0,2025-08-24 19:02:16,0
TXN_201602,CUST_624,1,0.42455670792907324,0.019374369436841284,22,7,3,0,0,0,1,2025-08-07 22:22:25,0
TXN_201603,CUST_229,1,0.47139511542321844,0.7318650568873801,10,21,3,1,0,0,0,2025-08-21 10:33:54,0
TXN_201604,CUST_153,1,0.24121779859484777,0.052971764234627246,15,2,5,0,1,0,0,2025-08-02 15:35:39,0
TXN_201605,CUST_582,1,0.155570424891268,0.022637237069435674,0,23,5,0,0,1,0,2025-08-23 00:11:43,0
TXN_201606,CUST_315,0,0.5189026430244229,0.011428779660577135,16,6,2,0,0,1,0,2025-08-06 16:51:27,0
TXN_201607,CUST_298,1,0.7303445968551355,0.6145626923295227,2,21,3,0,1,0,0,2025-08-21 02:04:25,1
TXN_201608,CUST_503,1,0.7387085981933756,0.7658226610808331,6,2,5,1,0,0,0,2025-08-02 06:31:21,0
TXN_201609,CUST_751,1,0.47875543660086983,0.026921280852852746,2,17,6,0,0,0,1,2025-08-17 02:41:41,0
TXN_201610,CUST_783,1,0.9575108732017397,1.0,2,8,4,0,1,0,0,2025-08-08 02:10:38,0
TXN_201611,CUST_116,1,0.4847775175644028,0.025050290302544066,19,11,0,0,0,0,1,2025-08-11 19:08:58,0
TXN_201612,CUST_300,1,0.8685178989628638,0.00836525120810909,3,3,6,0,1,0,0,2025-08-03 03:23:07,0
TXN_201613,CUST_127,0,0.6490465038474406,0.5601990510126098,13,7,3,0,1,0,0,2025-08-07 13:46:30,0
TXN_201614,CUST_705,1,0.07460689193710271,0.03879420219546577,1,9,5,0,1,0,0,2025-08-09 01:43:59,0
TXN_201615,CUST_441,1,0.8039478086316494,0.04492825345759927,9,25,0,0,0,0,1,2025-08-25 09:13:15,0
TXN_201616,CUST_107,1,0.9511542321846771,0.009848054933961202,20,11,0,0,0,0,1,2025-08-11 20:12:46,0
TXN_201617,CUST_455,1,0.548678487788558,0.021976270314279896,16,24,6,1,0,0,0,2025-08-24 16:16:04,0
TXN_201618,CUST_385,1,0.9551689528270324,0.018174837177484506,1,10,6,0,0,0,1,2025-08-10 01:51:31,0
TXN_201619,CUST_793,1,0.6413516226162596,0.008148426134989204,0,13,2,0,1,0,0,2025-08-13 00:25:08,0
TXN_201620,CUST_607,1,0.22415523586483774,0.03633568564057418,21,18,0,0,1,0,0,2025-08-18 21:15:43,0
TXN_201621,CUST_232,1,0.652057544329207,0.9408144838029746,18,24,6,0,0,1,0,2025-08-24 18:23:03,0
TXN_201622,CUST_369,1,0.7865506858481097,0.018608487323724273,6,22,4,0,1,0,0,2025-08-22 06:14:04,0
TXN_201623,CUST_545,1,0.33021077283372363,0.018720397038882924,0,17,6,0,0,0,1,2025-08-17 00:54:38,0
TXN_201624,CUST_413,0,0.8942790230846437,0.055472246932703334,10,24,6,0,1,0,0,2025-08-24 10:07:00,0
TXN_201625,CUST_793,1,0.0585480093676815,0.021304812023327995,4,9,5,0,0,0,1,2025-08-09 04:05:20,0
TXN_201626,CUST_604,1,0.7136165941786551,0.019661138081935325,14,22,4,0,0,0,1,2025-08-22 14:25:14,0
TXN_201627,CUST_643,0,0.6376714620274339,0.006480271943405578,9,7,3,0,0,0,1,2025-08-07 09:00:39,0
TXN_201628,CUST_482,1,0.6242890598862496,0.017510373243730018,19,21,3,0,0,0,1,2025-08-21 19:19:20,0
TXN_201629,CUST_354,1,0.1759785881565741,0.015996094910489537,22,18,0,0,1,0,0,2025-08-18 22:01:44,0
TXN_201630,CUST_432,1,0.9458012713282034,0.018877770075824776,2,15,4,0,0,1,0,2025-08-15 02:06:32,0
TXN_201631,CUST_157,1,0.9036467045834727,0.07468224897540536,6,7,3,0,0,1,0,2025-08-07 06:49:23,0
TXN_201632,CUST_662,1,0.10170625627300099,0.024151515402676158,14,11,0,0,0,1,0,2025-08-11 14:37:48,0
TXN_201633,CUST_568,0,0.673469387755102,0.047988284731468614,19,14,3,0,0,1,0,2025-08-14 19:10:31,0
TXN_201634,CUST_798,1,0.1565741050518568,0.014572743220815455,22,9,5,0,1,0,0,2025-08-09 22:00:23,0
TXN_201635,CUST_739,1,0.6798260287721646,0.2745530002487543,21,21,3,0,0,0,1,2025-08-21 21:15:52,0
TXN_201636,CUST_524,1,0.4744061559049849,0.053087171128384604,2,25,0,0,0,0,1,2025-08-25 02:05:34,0
TXN_201637,CUST_567,1,0.8330545332887253,0.026746421922917353,7,13,2,0,0,1,0,2025-08-13 07:34:27,0
TXN_201638,CUST_389,1,0.8186684509869522,0.013338239175471597,9,18,0,1,0,0,0,2025-08-18 09:02:32,0
TXN_201639,CUST_329,1,0.34660421545667447,0.01389429057266614,7,7,3,0,0,0,1,2025-08-07 07:24:25,0
TXN_201640,CUST_166,1,0.33422549347607894,0.03167044938989796,12,8,4,1,0,0,0,2025-08-08 12:57:25,0
TXN_201641,CUST_314,1,0.0013382402141184344,0.01295354952961374,17,13,2,0,0,0,1,2025-08-13 17:34:38,0
TXN_201642,CUST_700,1,0.22549347607895617,0.02555038684215928,7,7,3,0,0,0,1,2025-08-07 07:13:21,1
TXN_201643,CUST_477,1,0.19103379056540648,0.029211932835006366,8,16,5,0,1,0,0,2025-08-16 08:49:52,0
TXN_201644,CUST_164,1,0.9759116761458682,0.595971690898792,3,3,6,0,0,0,1,2025-08-03 03:20:24,0
TXN_201645,CUST_756,1,0.7209769153563065,0.033541439940206634,13,8,4,0,0,0,1,2025-08-08 13:53:43,0
TXN_201646,CUST_370,1,0.6774841083974573,0.7666864641947139,2,1,4,0,0,0,1,2025-08-01 02:35:52,0
TXN_201647,CUST_180,1,0.3757109401137504,0.06295620913393805,4,14,3,0,0,0,1,2025-08-14 04:58:53,0
TXN_201648,CUST_665,1,0.8772164603546336,0.013876804679672602,1,20,2,0,0,1,0,2025-08-20 01:37:30,0
TXN_201649,CUST_414,1,0.49882903981264637,0.01240449248961661,13,19,1,0,1,0,0,2025-08-19 13:51:50,0
TXN_201650,CUST_735,1,0.07159585145533623,0.018356690464617312,5,12,1,0,1,0,0,2025-08-12 05:09:38,0
TXN_201651,CUST_767,1,0.7213114754098361,0.9790211599938574,4,7,3,0,1,0,0,2025-08-07 04:47:36,1
TXN_201652,CUST_673,0,0.39979926396788223,0.032086613643144184,12,15,4,0,1,0,0,2025-08-15 12:59:24,1
TXN_201653,CUST_240,1,0.571763131482101,0.00594870079640199,1,22,4,0,0,0,1,2025-08-22 01:58:06,0
TXN_201654,CUST_252,1,0.09668785547005687,0.036975669324137705,23,1,4,0,1,0,0,2025-08-01 23:45:20,0
TXN_201655,CUST_387,1,0.899966543994647,0.04507163778014629,6,16,5,0,0,0,1,2025-08-16 06:29:00,0
TXN_201656,CUST_529,1,0.157243225158916,0.021213885379761592,6,18,0,0,0,1,0,2025-08-18 06:31:23,0
TXN_201657,CUST_570,1,0.5081967213114754,0.05943804746363799,22,1,4,0,0,0,1,2025-08-01 22:17:41,0
TXN_201658,CUST_359,1,0.9046503847440616,0.39937080161523486,20,22,4,0,1,0,0,2025-08-22 20:13:34,1
TXN_201659,CUST_632,1,0.8775510204081632,0.6098065294352801,16,2,5,0,0,0,1,2025-08-02 16:05:06,0
TXN_201660,CUST_302,1,0.7530946804951488,0.06542521722462577,16,18,0,0,1,0,0,2025-08-18 16:32:12,0
TXN_201661,CUST_407,0,0.22080963532954165,0.016478705557111215,12,17,6,0,0,1,0,2025-08-17 12:08:25,0
TXN_201662,CUST_130,1,0.946135831381733,0.020864167519890814,13,3,6,0,1,0,0,2025-08-03 13:36:43,0
TXN_201663,CUST_617,1,0.6088992974238876,0.47555334020948586,13,6,2,0,0,0,1,2025-08-06 13:41:23,0
TXN_201664,CUST_345,0,0.5868183338909334,0.14488461216586598,0,2,5,0,1,0,0,2025-08-02 00:22:55,0
TXN_201665,CUST_752,1,0.13114754098360656,0.0063228989064637265,9,17,6,0,1,0,0,2025-08-17 09:33:32,0
TXN_201666,CUST_504,1,0.6005352960856474,0.0316005058179238,13,5,1,0,1,0,0,2025-08-05 13:18:30,0
TXN_201667,CUST_166,1,0.6918701906992305,0.02781306139552324,17,15,4,0,0,1,0,2025-08-15 17:44:49,0
TXN_201668,CUST_446,1,0.32385413181666106,0.021647535526001363,4,3,6,0,0,1,0,2025-08-03 04:18:57,0
TXN_201669,CUST_775,1,0.9374372699899631,0.015261687404760894,13,24,6,0,0,1,0,2025-08-24 13:06:57,0
TXN_201670,CUST_776,1,0.5095349615255939,0.13291726700108786,17,22,4,0,0,0,1,2025-08-22 17:59:03,0
TXN_201671,CUST_297,1,0.9936433589829374,0.08149125570708947,4,21,3,0,1,0,0,2025-08-21 04:07:55,0
TXN_201672,CUST_435,1,0.9662094345935095,0.34413986000584235,13,19,1,0,1,0,0,2025-08-19 13:02:50,1
TXN_201673,CUST_405,1,0.6908665105386417,0.02306039567987932,5,15,4,0,1,0,0,2025-08-15 05:19:37,0
TXN_201674,CUST_422,1,0.8558046169287387,0.02472505269286424,3,15,4,1,0,0,0,2025-08-15 03:02:41,0
TXN_201675,CUST_425,1,0.49046503847440615,0.011107039229496015,16,2,5,0,1,0,0,2025-08-02 16:10:36,0
TXN_201676,CUST_721,1,0.11241217798594848,0.036692397857642375,0,2,5,0,0,0,1,2025-08-02 00:14:36,0
TXN_201677,CUST_739,1,0.7092673134827702,0.018521057858756577,11,25,0,0,1,0,0,2025-08-25 11:13:02,0
TXN_201678,CUST_567,1,0.3653395784543325,0.03672736964362945,7,13,2,0,1,0,0,2025-08-13 07:18:36,0
TXN_201679,CUST_735,0,0.7370357979257276,0.05076504453884261,7,10,6,0,1,0,0,2025-08-10 07:47:19,0
TXN_201680,CUST_159,1,0.7544329207092673,0.45899070236600564,16,9,5,0,0,1,0,2025-08-09 16:18:02,0
TXN_201681,CUST_546,0,0.813650050184008,0.035118667488223856,1,1,4,0,1,0,0,2025-08-01 01:56:08,0
TXN_201682,CUST_685,1,0.34192037470725994,0.005798322116657554,17,19,1,0,1,0,0,2025-08-19 17:19:02,0
TXN_201683,CUST_237,1,0.932418869187019,0.0525940689459668,1,21,3,0,1,0,0,2025-08-21 01:53:48,0
TXN_201684,CUST_717,1,0.9635329541652726,0.03534598409713987,14,8,4,0,1,0,0,2025-08-08 14:44:09,0
TXN_201685,CUST_302,1,0.37403813984610235,0.026770902173108308,19,17,6,0,0,0,1,2025-08-17 19:10:00,0
TXN_201686,CUST_414,1,0.7634660421545667,0.07756042696214188,21,21,3,0,0,1,0,2025-08-21 21:49:04,1
TXN_201687,CUST_729,1,0.6420207427233188,0.05515050650162221,5,17,6,0,0,0,1,2025-08-17 05:24:15,0
TXN_201688,CUST_502,1,0.7507527601204416,0.05202053165577872,4,6,2,0,0,0,1,2025-08-06 04:37:26,0
TXN_201689,CUST_723,1,0.5001672800267648,0.8839293767163933,15,19,1,0,0,0,1,2025-08-19 15:54:16,1
TXN_201690,CUST_659,1,0.37336901973904313,0.04017558774195536,21,13,2,0,0,1,0,2025-08-13 21:34:13,0
TXN_201691,CUST_257,1,0.29441284710605553,0.01496792440246944,8,23,5,0,0,1,0,2025-08-23 08:50:11,0
TXN_201692,CUST_209,1,0.5520240883238541,0.06024939289853821,22,21,3,0,0,0,1,2025-08-21 22:24:13,0
TXN_201693,CUST_338,1,0.6784877885580461,0.02395217622254981,0,16,5,0,1,0,0,2025-08-16 00:07:06,0
TXN_201694,CUST_401,1,0.884576781532285,0.06666321844856835,3,5,1,1,0,0,0,2025-08-05 03:52:50,0
TXN_201695,CUST_140,1,0.25894948143191704,0.012897594672034413,14,10,6,0,0,1,0,2025-08-10 14:19:33,0
TXN_201696,CUST_421,1,0.157243225158916,0.8915427345257803,21,17,6,0,0,1,0,2025-08-17 21:35:40,1
TXN_201697,CUST_242,1,0.8725326196052191,0.025459460198592878,23,7,3,0,1,0,0,2025-08-07 23:57:41,0
TXN_201698,CUST_380,1,0.5192372030779525,0.028068355433228907,22,10,6,1,0,0,0,2025-08-10 22:58:05,0
TXN_201699,CUST_700,1,0.3546336567413851,0.03400306751523607,8,12,1,0,1,0,0,2025-08-12 08:08:52,0
TXN_201700,CUST_399,1,0.7049180327868853,0.010820270584401975,2,3,6,1,0,0,0,2025-08-03 02:50:55,0
TXN_201701,CUST_601,1,0.9815991970558715,0.0763608947027851,23,5,1,0,0,0,1,2025-08-05 23:00:48,0
TXN_201702,CUST_629,1,0.18300434928069587,0.007791713917921008,14,20,2,0,1,0,0,2025-08-20 14:35:40,0
TXN_201703,CUST_234,1,0.7286717965874875,0.02013325719276088,23,24,6,0,1,0,0,2025-08-24 23:43:36,0
TXN_201704,CUST_393,1,0.6289729006356641,0.976034569470561,23,24,6,0,1,0,0,2025-08-24 23:35:42,0
TXN_201705,CUST_401,1,0.6012044161927066,0.009372438644536938,0,9,5,0,0,0,1,2025-08-09 00:07:59,0
TXN_201706,CUST_715,1,0.6721311475409836,0.045246496710081685,5,14,3,0,1,0,0,2025-08-14 05:01:22,0
TXN_201707,CUST_492,0,0.0548678487788558,0.010110343328864287,19,16,5,0,0,0,1,2025-08-16 19:21:29,0
TXN_201708,CUST_277,1,0.7055871528939445,0.033034349043394,0,17,6,0,1,0,0,2025-08-17 00:55:43,0
TXN_201709,CUST_107,0,0.031114084978253593,0.010718852405039447,2,15,4,0,1,0,0,2025-08-15 02:15:18,0
TXN_201710,CUST_327,1,0.5881565741050518,0.060857901974713365,19,18,0,0,1,0,0,2025-08-18 19:53:21,0
TXN_201711,CUST_285,1,0.7484108397457343,0.027512304036034364,14,13,2,0,1,0,0,2025-08-13 14:10:58,0
TXN_201712,CUST_593,1,0.6212780194044831,0.05415031342239178,4,10,6,1,0,0,0,2025-08-10 04:48:50,0
TXN_201713,CUST_620,0,0.218802275008364,0.020605376303586435,18,11,0,0,0,0,1,2025-08-11 18:21:44,0
TXN_201714,CUST_516,1,0.6403479424556707,0.05808463934593807,23,17,6,0,0,0,1,2025-08-17 23:30:00,1
TXN_201715,CUST_399,0,0.904315824690532,0.02333317561057853,17,3,6,0,1,0,0,2025-08-03 17:35:45,0
TXN_201716,CUST_479,1,0.7403813984610237,0.005710892651689858,0,24,6,0,0,0,1,2025-08-24 00:47:44,0
TXN_201717,CUST_396,1,0.2612914018066243,0.9345405453968928,9,15,4,0,0,0,1,2025-08-15 09:00:01,0
TXN_201718,CUST_643,1,0.2656406825025092,0.012065266165541953,0,24,6,0,0,0,1,2025-08-24 00:04:11,0
TXN_201719,CUST_437,1,0.06490465038474405,0.5845603971312083,23,7,3,0,1,0,0,2025-08-07 23:14:52,1
TXN_201720,CUST_475,1,0.819672131147541,0.025267115375663948,15,25,0,0,1,0,0,2025-08-25 15:12:49,0
TXN_201721,CUST_350,1,0.18568082970893274,0.03076468013283263,9,13,2,0,1,0,0,2025-08-13 09:48:23,0
TXN_201722,CUST_101,0,0.4670458347273335,0.05679068326441618,15,18,0,0,1,0,0,2025-08-18 15:40:57,0
TXN_201723,CUST_161,1,0.5801271328203412,0.044102919308304234,10,6,2,0,1,0,0,2025-08-06 10:40:11,1
TXN_201724,CUST_494,1,0.46436935429909665,0.04157795636003719,13,4,0,0,1,0,0,2025-08-04 13:46:28,0
TXN_201725,CUST_185,1,0.5901639344262295,0.018702911145889383,17,14,3,1,0,0,0,2025-08-14 17:25:10,0
TXN_201726,CUST_775,1,0.5741050518568083,0.3936773948565385,19,21,3,0,0,0,1,2025-08-21 19:18:00,1
TXN_201727,CUST_120,1,0.23987955838072933,0.07372052486076071,10,1,4,0,1,0,0,2025-08-01 10:14:06,0
TXN_201728,CUST_784,1,0.9263967882234861,0.029582633766469392,20,24,6,0,1,0,0,2025-08-24 20:05:03,0
TXN_201729,CUST_785,0,0.38507862161257944,0.01907710925595112,1,18,0,0,0,0,1,2025-08-18 01:04:51,0
TXN_201730,CUST_152,0,0.2893944463031114,1.0,12,7,3,0,1,0,0,2025-08-07 12:13:39,0
TXN_201731,CUST_790,1,0.4456339913014386,0.008193889456772407,16,6,2,1,0,0,0,2025-08-06 16:24:58,0
TXN_201732,CUST_118,1,0.832385413181666,0.011162994087075339,15,5,1,0,1,0,0,2025-08-05 15:22:31,0
TXN_201733,CUST_468,1,0.039143526262964204,0.028281683327750086,17,20,2,0,0,1,0,2025-08-20 17:20:02,1
TXN_201734,CUST_122,1,0.5339578454332553,0.05251013665959781,16,25,0,0,1,0,0,2025-08-25 16:31:09,0
TXN_201735,CUST_772,1,0.2867179658748745,0.022028727993260513,12,15,4,0,0,0,1,2025-08-15 12:05:54,0
TXN_201736,CUST_176,0,0.2311809969889595,0.01755583656551322,13,7,3,0,1,0,0,2025-08-07 13:13:10,1
TXN_201737,CUST_339,1,0.21646035463365673,0.01995839826282549,12,12,1,0,1,0,0,2025-08-12 12:37:09,0
TXN_201738,CUST_286,0,0.2261625961860154,0.07371353050356329,16,25,0,1,0,0,0,2025-08-25 16:17:54,0
TXN_201739,CUST_227,1,0.5302776848444296,0.04123523285736382,2,10,6,0,0,0,1,2025-08-10 02:53:37,0
TXN_201740,CUST_785,1,0.04048176647708264,0.024711063978469408,4,19,1,0,1,0,0,2025-08-19 04:12:34,0
TXN_201741,CUST_691,1,0.1686182669789227,0.6877796234720694,5,24,6,0,1,0,0,2025-08-24 05:06:30,0
TXN_201742,CUST_247,1,0.6968885915021746,0.5559674649081733,20,19,1,0,0,0,1,2025-08-19 20:34:22,1
TXN_201743,CUST_652,0,0.6885245901639344,0.024189984367261944,3,22,4,1,0,0,0,2025-08-22 03:24:21,0
TXN_201744,CUST_391,1,0.10505185680829708,0.04730283772612188,21,18,0,0,1,0,0,2025-08-18 21:15:12,0
TXN_201745,CUST_194,1,0.45801271328203413,0.489052449600498,21,10,6,0,0,1,0,2025-08-10 21:18:21,0
TXN_201746,CUST_404,1,0.7664770826363332,0.021416721738486647,7,1,4,0,0,1,0,2025-08-01 07:16:28,0
TXN_201747,CUST_615,1,0.6925393108062897,0.5932334000560038,0,6,2,0,0,0,1,2025-08-06 00:20:39,0
TXN_201748,CUST_281,1,0.4409501505520241,0.014209036646549843,20,13,2,0,1,0,0,2025-08-13 20:49:41,0
TXN_201749,CUST_471,1,0.7213114754098361,0.019898946226647455,15,10,6,0,0,0,1,2025-08-10 15:48:42,0
TXN_201750,CUST_234,1,0.798260287721646,0.3746807207083577,19,5,1,0,0,1,0,2025-08-05 19:15:54,0
TXN_201751,CUST_547,0,0.6139176982268317,0.061120190369616446,0,25,0,0,1,0,0,2025-08-25 00:44:58,0
TXN_201752,CUST_494,1,0.24355971896955503,0.014957432866673316,23,14,3,0,0,0,1,2025-08-14 23:40:36,0
TXN_201753,CUST_182,0,0.05587152893944463,0.03302385750759788,6,20,2,1,0,0,0,2025-08-20 06:48:38,1
TXN_201754,CUST_366,1,0.08865841418534626,0.023654916041659646,4,16,5,0,0,0,1,2025-08-16 04:23:06,0
TXN_201755,CUST_691,1,0.8491134158581465,0.014649681149987027,23,17,6,0,0,1,0,2025-08-17 23:41:51,0
TXN_201756,CUST_529,1,0.057878889260622284,0.03135920049461296,18,18,0,0,1,0,0,2025-08-18 18:22:19,0
TXN_201757,CUST_569,1,0.4657075945132151,0.025539895306363157,21,2,5,0,0,0,1,2025-08-02 21:59:05,0
TXN_201758,CUST_316,1,0.5988624958179993,0.009001737713073912,16,18,0,0,0,0,1,2025-08-18 16:10:07,0
TXN_201759,CUST_477,1,0.45466711274673804,0.014111115645786026,7,25,0,0,1,0,0,2025-08-25 07:51:34,0
TXN_201760,CUST_250,1,0.19237203077952492,0.033831705763899385,3,20,2,0,0,1,0,2025-08-20 03:13:18,0
TXN_201761,CUST_620,1,0.4573435931749749,0.06648486234003424,1,2,5,0,0,0,1,2025-08-02 01:16:03,0
TXN_201762,CUST_421,1,0.6082301773168284,0.009099658713837729,7,8,4,0,1,0,0,2025-08-08 07:26:06,0
TXN_201763,CUST_521,0,0.03278688524590164,0.062407152093940925,5,10,6,0,1,0,0,2025-08-10 05:04:01,0
TXN_201764,CUST_224,1,0.15623954499832718,0.02380879190000279,20,13,2,0,0,0,1,2025-08-13 20:57:54,0
TXN_201765,CUST_167,1,0.9193710270993644,0.017769164460034396,20,13,2,0,0,0,1,2025-08-13 20:52:38,0
TXN_201766,CUST_229,0,0.3676814988290398,0.08118000681180447,4,12,1,0,1,0,0,2025-08-12 04:37:45,1
TXN_201767,CUST_734,1,0.13817330210772832,0.006399836835635299,6,4,0,0,0,0,1,2025-08-04 06:01:21,0
TXN_201768,CUST_228,1,0.17765138842422215,0.00594870079640199,21,11,0,0,1,0,0,2025-08-11 21:18:42,0
TXN_201769,CUST_423,1,0.3864168618266979,0.40591751995201586,0,19,1,0,1,0,0,2025-08-19 00:16:30,0
TXN_201770,CUST_530,1,0.10538641686182669,0.011680576519684096,1,18,0,1,0,0,0,2025-08-18 01:05:49,0
TXN_201771,CUST_490,1,0.30980260956841754,0.01843712557238759,13,24,6,0,0,0,1,2025-08-24 13:05:46,0
TXN_201772,CUST_234,1,0.383740381398461,0.033401552796258324,4,21,3,1,0,0,0,2025-08-21 04:47:37,0
TXN_201773,CUST_556,0,0.3365674138507862,0.3690887321290239,17,8,4,0,0,0,1,2025-08-08 17:51:15,0
TXN_201774,CUST_286,1,0.8484442957510873,0.010253727651411308,11,1,4,0,0,0,1,2025-08-01 11:48:09,0
TXN_201775,CUST_402,1,0.35362997658079626,0.008935291319698464,14,9,5,0,0,0,1,2025-08-09 14:20:33,0
TXN_201776,CUST_636,1,0.34928069588491134,0.38312990420283577,18,15,4,0,0,0,1,2025-08-15 18:20:29,0
TXN_201777,CUST_140,1,0.2388758782201405,0.04675727786472346,7,17,6,0,0,0,1,2025-08-17 07:43:13,0
TXN_201778,CUST_734,1,0.18166610906657743,0.4408088708313237,3,7,3,0,0,0,1,2025-08-07 03:28:04,0
TXN_201779,CUST_724,0,0.9166945466711275,0.0009407410430524012,8,14,3,0,0,0,1,2025-08-14 08:46:15,0
TXN_201780,CUST_291,1,0.8464369354299096,0.006871955946460852,5,17,6,0,0,0,1,2025-08-17 05:42:10,0
TXN_201781,CUST_649,1,0.6062228169956507,0.05182818683284979,18,7,3,0,0,0,1,2025-08-07 18:45:14,0
TXN_201782,CUST_312,1,0.23185011709601872,0.02848451968647514,3,17,6,0,1,0,0,2025-08-17 03:41:29,0
TXN_201783,CUST_364,1,0.11910337905654064,0.01104758719331798,16,17,6,0,1,0,0,2025-08-17 16:04:20,0
TXN_201784,CUST_690,1,0.23987955838072933,0.6000983616452672,6,5,1,0,0,0,1,2025-08-05 06:56:37,0
TXN_201785,CUST_210,1,0.3636667781866845,0.6531330750946712,23,20,2,0,0,0,1,2025-08-20 23:38:22,0
TXN_201786,CUST_304,1,0.4570090331214453,0.587102845972469,9,25,0,0,0,0,1,2025-08-25 09:28:38,1
TXN_201787,CUST_476,1,0.2351957176313148,0.017961509282963327,12,25,0,0,0,0,1,2025-08-25 12:03:51,0
TXN_201788,CUST_739,1,0.14018066242890598,0.6747421416560867,11,17,6,0,0,0,1,2025-08-17 11:04:57,0
TXN_201789,CUST_515,1,0.6945466711274674,0.033163744651546194,19,8,4,0,0,1,0,2025-08-08 19:16:56,0
TXN_201790,CUST_111,0,0.1445299431247909,0.01738097763557783,19,22,4,0,0,1,0,2025-08-22 19:57:59,0
TXN_201791,CUST_669,1,0.40414854466376715,0.027820055752720653,20,9,5,1,0,0,0,2025-08-09 20:57:35,0
TXN_201792,CUST_670,1,0.24523251923720307,0.02321776871682117,19,14,3,0,0,0,1,2025-08-14 19:13:39,0
TXN_201793,CUST_135,1,0.05687520910003346,0.037279923862225284,9,17,6,0,1,0,0,2025-08-17 09:39:33,0
TXN_201794,CUST_503,1,0.6701237872198059,0.5492773622488453,23,8,4,0,0,0,1,2025-08-08 23:17:26,0
TXN_201795,CUST_352,0,0.44697223151555704,0.0057528587948743526,15,14,3,0,0,1,0,2025-08-14 15:50:57,0
TXN_201796,CUST_770,1,0.8544663767146202,0.520950215599312,20,14,3,1,0,0,0,2025-08-14 20:14:58,0
TXN_201797,CUST_231,1,0.6125794580127133,0.02168600449058715,22,12,1,0,0,1,0,2025-08-12 22:19:48,0
TXN_201798,CUST_149,1,0.19404483104717296,0.016545151950486663,18,4,0,0,1,0,0,2025-08-04 18:51:13,0
TXN_201799,CUST_460,1,0.04416192706590833,0.7376493902896429,17,18,0,0,0,0,1,2025-08-18 17:13:23,0
TXN_201800,CUST_787,1,0.01840080294412847,0.02582316677285849,11,8,4,0,1,0,0,2025-08-08 11:11:39,0
TXN_201801,CUST_631,1,0.45466711274673804,0.024494238905349523,13,5,1,0,0,1,0,2025-08-05 13:25:42,0
TXN_201802,CUST_321,1,0.10672465707594513,0.02465510912089008,22,23,5,0,0,0,1,2025-08-23 22:21:50,0
TXN_201803,CUST_453,1,0.11441953830712612,0.5104551826245898,0,22,4,0,0,0,1,2025-08-22 00:41:41,0
TXN_201804,CUST_125,1,0.48377383740381397,0.1923832918935155,15,15,4,0,0,1,0,2025-08-15 15:08:10,0
TXN_201805,CUST_396,1,0.8705252592840415,0.6710246408056604,11,6,2,1,0,0,0,2025-08-06 11:52:27,0
TXN_201806,CUST_417,1,0.896620943459351,0.023224763074018585,16,23,5,1,0,0,0,2025-08-23 16:45:51,0
TXN_201807,CUST_106,1,0.249581799933088,0.010362140187971249,6,3,6,0,1,0,0,2025-08-03 06:11:24,0
TXN_201808,CUST_430,1,0.39979926396788223,0.006753051874104787,3,14,3,0,0,0,1,2025-08-14 03:35:39,0
TXN_201809,CUST_135,0,0.9765807962529274,0.030278572307612245,6,4,0,0,1,0,0,2025-08-04 06:50:10,0
TXN_201810,CUST_186,1,0.9334225493476078,0.04864225712942697,5,6,2,0,1,0,0,2025-08-06 05:25:29,0
TXN_201811,CUST_748,1,0.7668116426898628,0.03071571963245072,11,15,4,0,1,0,0,2025-08-15 11:21:32,1
TXN_201812,CUST_592,1,0.5125460020073603,0.02564481066432439,13,3,6,1,0,0,0,2025-08-03 13:10:09,1
TXN_201813,CUST_235,1,0.12044161927065908,0.03426535591013915,7,25,0,0,1,0,0,2025-08-25 07:36:51,0
TXN_201814,CUST_667,1,0.01137504182000669,0.41755613032851546,15,5,1,0,1,0,0,2025-08-05 15:16:45,1
TXN_201815,CUST_596,1,0.5710940113750418,0.035024243666058746,9,2,5,0,0,0,1,2025-08-02 09:00:17,0
TXN_201816,CUST_656,1,0.3917698226831716,0.8014624081802644,4,4,0,1,0,0,0,2025-08-04 04:05:27,0
TXN_201817,CUST_642,1,0.41385078621612575,0.03062129581028561,12,23,5,0,0,0,1,2025-08-23 12:22:06,0
TXN_201818,CUST_420,1,0.03613248578119773,0.05071958121705941,4,22,4,0,1,0,0,2025-08-22 04:55:23,0
TXN_201819,CUST_199,0,0.3984610237537638,0.0062704412274831095,16,7,3,0,1,0,0,2025-08-07 16:56:05,1
TXN_201820,CUST_217,1,0.7340247574439611,0.5932858577349843,5,5,1,0,1,0,0,2025-08-05 05:40:50,0
TXN_201821,CUST_598,1,0.18936099029775844,0.023340169967775944,13,6,2,1,0,0,0,2025-08-06 13:05:43,0
TXN_201822,CUST_548,1,0.3623285379725661,0.1090350343505122,0,18,0,0,1,0,0,2025-08-18 00:07:51,0
TXN_201823,CUST_133,1,0.3335563733690197,0.0060850907617515946,13,1,4,0,0,0,1,2025-08-01 13:28:13,0
TXN_201824,CUST_749,1,0.9732351957176313,0.03314625875855265,21,8,4,0,0,1,0,2025-08-08 21:02:21,0
TXN_201825,CUST_622,1,0.9795918367346939,0.032037653142762273,7,1,4,0,0,0,1,2025-08-01 07:53:41,0
TXN_201826,CUST_701,1,0.6226162596186016,0.9557124646334699,10,15,4,0,0,1,0,2025-08-15 10:05:34,1
TXN_201827,CUST_658,1,0.4339243894279023,0.009897015434343112,22,15,4,0,0,1,0,2025-08-15 22:59:03,0
TXN_201828,CUST_418,1,0.8655068584810973,0.010806281870007144,1,25,0,0,1,0,0,2025-08-25 01:51:52,0
TXN_201829,CUST_158,0,0.4262295081967213,0.009054195392054529,9,18,0,0,0,1,0,2025-08-18 09:29:26,0
TXN_201830,CUST_196,1,0.04248912679826029,0.03647557278452249,22,25,0,0,0,0,1,2025-08-25 22:17:43,0
TXN_201831,CUST_180,1,0.9327534292405486,0.01969960704652111,4,9,5,0,0,0,1,2025-08-09 04:02:53,0
TXN_201832,CUST_268,1,0.4877885580461693,0.4674713604678721,6,4,0,0,1,0,0,2025-08-04 06:43:11,0
TXN_201833,CUST_572,0,0.49749079959852793,0.019433821473019315,19,5,1,0,0,0,1,2025-08-05 19:39:04,0
TXN_201834,CUST_549,0,1.0,0.031037460063531842,14,4,0,0,1,0,0,2025-08-04 14:58:21,0
TXN_201835,CUST_391,0,0.7718300434928069,0.04579905092867752,4,18,0,1,0,0,0,2025-08-18 04:05:16,0
TXN_201836,CUST_681,1,0.7413850786216125,0.06918468421823668,20,23,5,0,0,0,1,2025-08-23 20:32:02,0
TXN_201837,CUST_662,1,0.07293409166945466,0.012792679314073178,8,5,1,0,0,1,0,2025-08-05 08:35:22,0
TXN_201838,CUST_310,1,0.11575777852124455,0.42161985186021395,21,20,2,0,0,0,1,2025-08-20 21:41:56,0
TXN_201839,CUST_632,1,0.9872867179658749,0.01930092868626842,1,18,0,0,0,0,1,2025-08-18 01:11:58,0
TXN_201840,CUST_784,1,0.7842087654734025,0.017440429671755863,7,11,0,0,0,0,1,2025-08-11 07:47:01,0
TXN_201841,CUST_442,1,0.8129809300769488,0.020549421446007108,6,8,4,0,1,0,0,2025-08-08 06:03:01,0
TXN_201842,CUST_435,1,0.05185680829708933,0.75332724194765,18,6,2,0,1,0,0,2025-08-06 18:53:02,0
TXN_201843,CUST_567,1,0.8875878220140515,0.015370099941320839,23,20,2,1,0,0,0,2025-08-20 23:14:48,0
TXN_201844,CUST_575,1,0.4155235864837738,0.011135016658285677,14,24,6,0,0,0,1,2025-08-24 14:57:33,0
TXN_201845,CUST_136,1,0.9190364670458347,0.034706000413576334,15,22,4,0,1,0,0,2025-08-22 15:49:42,0
TXN_201846,CUST_677,0,0.5148879223820676,0.01824478074945866,13,24,6,1,0,0,0,2025-08-24 13:15:16,0
TXN_201847,CUST_795,1,0.7641351622616259,0.04648100075542554,15,21,3,0,1,0,0,2025-08-21 15:26:39,0
TXN_201848,CUST_103,1,0.5747741719638675,0.32700368487217407,21,24,6,0,1,0,0,2025-08-24 21:50:54,0
TXN_201849,CUST_553,1,0.8979591836734694,0.08964317902067738,16,9,5,1,0,0,0,2025-08-09 16:56:26,0
TXN_201850,CUST_749,1,0.16594178655068584,1.0,1,21,3,0,1,0,0,2025-08-21 01:39:19,0
TXN_201851,CUST_102,1,0.08464369354299096,0.016576626557875035,13,2,5,0,0,0,1,2025-08-02 13:18:37,0
TXN_201852,CUST_662,1,0.8123118099698896,0.02960011965946293,7,4,0,0,0,0,1,2025-08-04 07:00:35,0
TXN_201853,CUST_423,1,0.6406825025092003,0.024120040795287786,16,4,0,0,1,0,0,2025-08-04 16:34:06,0
TXN_201854,CUST_298,1,0.7296754767480763,0.024469758655158567,13,1,4,0,1,0,0,2025-08-01 13:26:39,0
TXN_201855,CUST_726,1,0.9103379056540649,0.01689836698895615,2,18,0,0,0,1,0,2025-08-18 02:11:20,0
TXN_201856,CUST_141,1,0.5299431247909,0.0239032157221679,19,1,4,0,0,1,0,2025-08-01 19:02:45,0
TXN_201857,CUST_395,1,0.7969220475075276,0.7730653179587569,23,13,2,0,0,0,1,2025-08-13 23:31:45,0
TXN_201858,CUST_601,1,0.8206758113081298,0.03377575090632006,12,19,1,0,1,0,0,2025-08-19 12:26:51,0
TXN_201859,CUST_294,0,0.9645366343258615,0.6020008268029643,2,11,0,0,1,0,0,2025-08-11 02:17:54,1
TXN_201860,CUST_165,1,0.9187019069923051,0.06379553199762793,14,11,0,0,0,1,0,2025-08-11 14:31:14,0
TXN_201861,CUST_322,1,0.10438273670123786,0.047369284119497326,7,19,1,0,0,0,1,2025-08-19 07:32:20,0
TXN_201862,CUST_286,1,0.9702241552358648,0.017625780137487376,3,8,4,0,1,0,0,2025-08-08 03:02:21,0
TXN_201863,CUST_254,1,0.36734693877551017,0.034377265625297804,9,13,2,0,0,0,1,2025-08-13 09:08:25,0
TXN_201864,CUST_710,1,0.28705252592840413,0.09053146238474917,9,13,2,0,1,0,0,2025-08-13 09:16:12,0
TXN_201865,CUST_574,1,0.1809969889595182,0.5622833694574396,8,4,0,0,0,0,1,2025-08-04 08:17:24,0
TXN_201866,CUST_447,1,0.7039143526262964,0.793352451009861,7,14,3,0,1,0,0,2025-08-14 07:45:23,1
TXN_201867,CUST_612,1,0.8578119772499163,0.004700208036663301,15,2,5,0,1,0,0,2025-08-02 15:58:39,0
TXN_201868,CUST_497,1,0.4091669454667113,0.007330086342891577,1,5,1,0,1,0,0,2025-08-05 01:40:25,0
TXN_201869,CUST_383,1,0.21445299431247908,0.006816001088881528,18,9,5,0,0,0,1,2025-08-09 18:07:12,0
TXN_201870,CUST_768,1,0.7587822014051522,0.021843377527529,12,6,2,1,0,0,0,2025-08-06 12:45:46,0
TXN_201871,CUST_207,1,0.6262964202074273,0.07244055749363365,9,2,5,0,0,1,0,2025-08-02 09:25:16,0
TXN_201872,CUST_214,1,0.21746403479424556,0.02027314433670919,22,6,2,0,0,1,0,2025-08-06 22:54:46,0
TXN_201873,CUST_511,0,0.0665774506523921,0.041791284254558365,22,2,5,0,1,0,0,2025-08-02 22:19:45,0
TXN_201874,CUST_556,1,0.3285379725660756,0.03298538854301209,0,9,5,0,0,1,0,2025-08-09 00:31:13,0
TXN_201875,CUST_411,1,0.17765138842422215,0.0400147175264148,1,23,5,0,0,1,0,2025-08-23 01:44:54,0
TXN_201876,CUST_256,0,0.16293074606891936,0.020930613913266262,5,10,6,0,0,0,1,2025-08-10 05:37:53,0
TXN_201877,CUST_660,1,0.19237203077952492,0.3786465212392923,23,5,1,0,0,0,1,2025-08-05 23:51:35,0
TXN_201878,CUST_154,1,0.5466711274673803,0.8439321450829721,5,15,4,0,0,0,1,2025-08-15 05:43:44,0
TXN_201879,CUST_567,0,0.9036467045834727,0.016188439733418467,22,3,6,0,1,0,0,2025-08-03 22:30:17,0
TXN_201880,CUST_786,1,0.3904315824690532,0.03308330954377591,10,15,4,0,1,0,0,2025-08-15 10:52:09,0
TXN_201881,CUST_566,1,0.5633991301438608,0.7851375784814963,10,13,2,0,1,0,0,2025-08-13 10:49:22,0
TXN_201882,CUST_283,0,0.03646704583472733,0.033044840579190125,0,11,0,0,1,0,0,2025-08-11 00:35:16,0
TXN_201883,CUST_774,1,0.8156574105051857,0.03072271398964814,3,7,3,0,1,0,0,2025-08-07 03:54:28,0
TXN_201884,CUST_407,1,0.5349615255938441,0.5345122742051008,20,4,0,0,1,0,0,2025-08-04 20:50:56,0
TXN_201885,CUST_128,1,0.6604215456674473,0.013715934464132041,8,20,2,0,1,0,0,2025-08-20 08:18:48,0
TXN_201886,CUST_184,1,0.7009033121445299,0.007246154056522589,20,7,3,0,1,0,0,2025-08-07 20:35:47,0
TXN_201887,CUST_237,1,0.8815657410505185,0.012946555172416323,9,12,1,0,0,0,1,2025-08-12 09:53:06,0
TXN_201888,CUST_107,1,0.04081632653061225,0.4119466558561881,12,7,3,1,0,0,0,2025-08-07 12:58:15,0
TXN_201889,CUST_761,1,0.947808631649381,0.02042002583785492,12,23,5,0,1,0,0,2025-08-23 12:20:00,0
TXN_201890,CUST_681,1,0.14653730344596855,0.026756913458713477,16,4,0,0,0,0,1,2025-08-04 16:25:06,0
TXN_201891,CUST_223,1,0.6567413850786216,0.017930034675574958,14,12,1,0,0,0,1,2025-08-12 14:23:47,0
TXN_201892,CUST_225,1,0.6791569086651054,0.1428807288288064,11,5,1,0,0,0,1,2025-08-05 11:07:41,0
TXN_201893,CUST_394,1,0.7246570759451322,0.9453468272668999,19,25,0,0,0,1,0,2025-08-25 19:23:04,0
TXN_201894,CUST_755,1,0.5269320843091335,0.039311784628074525,23,14,3,0,0,0,1,2025-08-14 23:25:25,0
TXN_201895,CUST_657,1,0.49414519906323184,0.12004764975784311,8,12,1,1,0,0,0,2025-08-12 08:34:17,0
TXN_201896,CUST_706,0,0.4894613583138173,0.03341204433205445,1,18,0,0,0,0,1,2025-08-18 01:28:27,0
TXN_201897,CUST_683,1,0.4994981599197056,0.06898534503811032,11,1,4,0,1,0,0,2025-08-01 11:39:56,0
TXN_201898,CUST_386,1,0.9966543994647039,0.01355856142719019,0,2,5,0,0,0,1,2025-08-02 00:24:03,0
TXN_201899,CUST_335,1,0.8270324523251924,0.039238343877501664,6,8,4,0,0,0,1,2025-08-08 06:28:49,0
TXN_201900,CUST_262,0,0.7818668450986952,0.7475603944383808,8,14,3,0,0,0,1,2025-08-14 08:06:55,0
TXN_201901,CUST_712,0,0.46403479424556704,0.002549443198457996,8,25,0,0,1,0,0,2025-08-25 08:02:08,0
TXN_201902,CUST_743,0,0.8949481431917029,0.022014739278865682,16,13,2,0,1,0,0,2025-08-13 16:25:03,0
TXN_201903,CUST_372,1,0.10036801605888257,0.04172483786118292,5,9,5,0,1,0,0,2025-08-09 05:38:29,0
TXN_201904,CUST_601,1,0.7574439611910337,0.7297527610137606,8,3,6,0,0,0,1,2025-08-03 08:32:37,0
TXN_201905,CUST_210,1,0.33389093342254933,0.00836525120810909,23,16,5,0,1,0,0,2025-08-16 23:57:58,0
TXN_201906,CUST_437,1,0.5981933757109401,0.038304597191646673,6,23,5,1,0,0,0,2025-08-23 06:05:52,0
TXN_201907,CUST_389,1,0.5787888926062228,0.020238172550722112,22,21,3,1,0,0,0,2025-08-21 22:05:47,1
TXN_201908,CUST_757,1,0.20642355302776846,0.03808077776132938,3,23,5,0,0,0,1,2025-08-23 03:25:07,0
TXN_201909,CUST_782,1,0.09300769488123117,0.01351309810540699,17,16,5,1,0,0,0,2025-08-16 17:59:02,0
TXN_201910,CUST_306,1,0.23218467714954832,0.013890793394067433,4,14,3,0,1,0,0,2025-08-14 04:37:31,0
TXN_201911,CUST_169,1,0.41318166610906654,0.027236026926736448,21,2,5,0,1,0,0,2025-08-02 21:53:05,0
TXN_201912,CUST_353,1,0.34292405486784877,0.03463605684160218,3,22,4,1,0,0,0,2025-08-22 03:50:38,1
TXN_201913,CUST_702,1,0.1174305787888926,0.021133450271991313,19,3,6,0,0,0,1,2025-08-03 19:30:39,0
TXN_201914,CUST_345,1,0.855470056875209,0.8939138216157041,22,19,1,0,1,0,0,2025-08-19 22:58:37,0
TXN_201915,CUST_788,1,0.24556707929073268,0.012114226665923863,8,18,0,0,1,0,0,2025-08-18 08:47:33,0
TXN_201916,CUST_486,1,0.9913014386082302,0.006809006731684113,19,19,1,0,1,0,0,2025-08-19 19:19:30,0
TXN_201917,CUST_277,1,0.46804951488792235,0.6211268965592973,16,4,0,0,0,0,1,2025-08-04 16:18:19,1
TXN_201918,CUST_336,1,0.28404148544663765,0.7561354763624124,1,21,3,0,0,1,0,2025-08-21 01:27:43,1
TXN_201919,CUST_715,1,0.8678487788558046,0.01578626419456707,23,2,5,0,0,0,1,2025-08-02 23:16:43,0
TXN_201920,CUST_565,1,0.8668450986952158,0.2389796995426984,22,20,2,0,1,0,0,2025-08-20 22:57:23,0
TXN_201921,CUST_699,1,0.1522248243559719,0.21202344690385858,14,22,4,0,1,0,0,2025-08-22 14:20:46,0
TXN_201922,CUST_702,1,0.8631649381063901,0.0366574260716553,18,2,5,0,0,0,1,2025-08-02 18:01:22,0
TXN_201923,CUST_456,1,0.4737370357979257,0.906577105321625,12,13,2,1,0,0,0,2025-08-13 12:14:36,0
TXN_201924,CUST_231,1,0.20608899297423885,0.02842856482889581,22,3,6,0,1,0,0,2025-08-03 22:37:46,0
TXN_201925,CUST_356,1,0.5403144864503178,0.028022892111445707,12,2,5,0,0,1,0,2025-08-02 12:41:07,0
TXN_201926,CUST_211,1,0.21813315490130478,0.9044438263764133,11,12,1,0,1,0,0,2025-08-12 11:51:15,1
TXN_201927,CUST_444,1,0.7203077952492473,0.014621703721197365,0,23,5,0,0,0,1,2025-08-23 00:14:55,0
TXN_201928,CUST_611,1,0.43559718969555034,0.02266171731962663,7,7,3,0,0,0,1,2025-08-07 07:11:06,0
TXN_201929,CUST_513,1,0.257276681164269,0.010991632335738657,19,5,1,0,0,0,1,2025-08-05 19:41:16,0
TXN_201930,CUST_344,1,0.7544329207092673,0.03093604188416931,4,10,6,0,0,0,1,2025-08-10 04:28:00,0
TXN_201931,CUST_576,1,0.08765473402475744,0.1141793840692114,13,9,5,0,1,0,0,2025-08-09 13:37:00,0
TXN_201932,CUST_479,1,0.06490465038474405,0.011830955199428533,2,9,5,0,1,0,0,2025-08-09 02:13:44,0
TXN_201933,CUST_363,1,0.23787219805955168,0.07347222518025245,15,21,3,0,0,0,1,2025-08-21 15:35:41,0
TXN_201934,CUST_204,1,0.35898293743727,0.038360552049226004,19,21,3,0,1,0,0,2025-08-21 19:14:45,0
TXN_201935,CUST_631,1,0.5235864837738374,0.015461026584887242,11,5,1,0,0,0,1,2025-08-05 11:00:04,0
TXN_201936,CUST_179,1,0.8541318166610906,0.0056864124014989045,13,19,1,0,0,0,1,2025-08-19 13:00:01,0
TXN_201937,CUST_546,1,0.775175644028103,0.031229804886460773,12,16,5,0,0,1,0,2025-08-16 12:28:02,0
TXN_201938,CUST_764,1,0.33087989294078285,0.3974823251719326,8,2,5,0,0,0,1,2025-08-02 08:49:41,0
TXN_201939,CUST_481,1,0.7704918032786885,0.273933999636783,3,16,5,0,0,1,0,2025-08-16 03:10:23,0
TXN_201940,CUST_541,1,0.15289394446303112,0.022616253997843425,19,10,6,0,1,0,0,2025-08-10 19:36:37,0
TXN_201941,CUST_174,1,0.8156574105051857,0.018923233397607975,14,7,3,0,1,0,0,2025-08-07 14:42:18,0
TXN_201942,CUST_706,1,0.915356306457009,0.015359608405524715,12,24,6,0,0,0,1,2025-08-24 12:24:35,0
TXN_201943,CUST_797,0,0.6540649046503847,0.6030220029537869,9,11,0,0,1,0,0,2025-08-11 09:52:22,0
TXN_201944,CUST_357,1,0.9451321512211441,0.02597004827400422,16,12,1,0,0,1,0,2025-08-12 16:24:31,0
TXN_201945,CUST_537,1,0.5680829708932753,0.02613091848954478,9,3,6,0,1,0,0,2025-08-03 09:14:15,0
TXN_201946,CUST_565,1,0.08464369354299096,0.05243669590902495,20,11,0,0,1,0,0,2025-08-11 20:19:16,0
TXN_201947,CUST_667,0,0.4202074272331883,0.744231080412411,4,11,0,0,0,0,1,2025-08-11 04:24:39,1
TXN_201948,CUST_182,1,0.19404483104717296,0.010022913863896591,5,22,4,0,1,0,0,2025-08-22 05:16:39,0
TXN_201949,CUST_782,1,0.47206423553027765,0.062312728271775815,6,10,6,0,0,1,0,2025-08-10 06:33:24,0
TXN_201950,CUST_557,1,0.6373369019739042,0.01453777143482838,9,6,2,0,0,0,1,2025-08-06 09:30:26,0
TXN_201951,CUST_458,1,0.4737370357979257,0.06588334762105649,5,12,1,0,0,1,0,2025-08-12 05:05:49,0
TXN_201952,CUST_183,0,0.24121779859484777,0.022815593177969773,12,1,4,0,1,0,0,2025-08-01 12:03:09,0
TXN_201953,CUST_601,1,0.20374707259953162,0.03427235026733657,19,15,4,0,1,0,0,2025-08-15 19:09:35,0
TXN_201954,CUST_527,1,0.892271662763466,0.01243946427560369,22,4,0,0,1,0,0,2025-08-04 22:04:11,0
TXN_201955,CUST_558,0,0.2505854800936768,0.022332982531348095,6,10,6,0,1,0,0,2025-08-10 06:05:25,1
TXN_201956,CUST_310,1,0.7423887587822013,0.03684977089458422,6,24,6,0,0,0,1,2025-08-24 06:30:22,0
TXN_201957,CUST_768,1,0.1686182669789227,0.06553013258258701,10,13,2,0,1,0,0,2025-08-13 10:10:21,0
TXN_201958,CUST_346,1,0.17731682837069254,0.003490184241510397,3,1,4,0,1,0,0,2025-08-01 03:20:44,0
TXN_201959,CUST_350,0,0.03780528604884577,0.001049153579612344,23,25,0,0,1,0,0,2025-08-25 23:07:53,1
TXN_201960,CUST_470,1,0.9176982268317163,0.014772082400941803,14,24,6,0,1,0,0,2025-08-24 14:24:23,0
TXN_201961,CUST_342,1,0.38541318166610905,0.008445686315879369,9,25,0,0,0,0,1,2025-08-25 09:23:04,0
TXN_201962,CUST_508,1,0.3579792572766812,0.8218754396609219,21,9,5,0,0,0,1,2025-08-09 21:24:35,1
TXN_201963,CUST_526,1,0.7129474740715959,0.04010914134857991,0,12,1,0,1,0,0,2025-08-12 00:05:12,0
TXN_201964,CUST_361,1,0.47172967547674804,0.04727835747593093,18,4,0,0,0,1,0,2025-08-04 18:44:22,0
TXN_201965,CUST_703,1,0.907661425225828,0.004350490176792519,5,10,6,0,1,0,0,2025-08-10 05:51:34,0
TXN_201966,CUST_309,1,0.9150217464034794,0.01751387042232873,15,12,1,1,0,0,0,2025-08-12 15:15:55,0
TXN_201967,CUST_583,0,0.6530612244897959,0.7982135292620648,12,20,2,0,0,0,1,2025-08-20 12:00:29,1
TXN_201968,CUST_243,1,0.805955168952827,0.03184530831983334,1,9,5,0,0,0,1,2025-08-09 01:07:21,0
TXN_201969,CUST_289,1,0.19371027099364335,0.0016751485487810427,18,25,0,0,0,1,0,2025-08-25 18:16:58,0
TXN_201970,CUST_147,1,0.6630980260956841,0.03493681420109105,11,23,5,0,1,0,0,2025-08-23 11:54:12,0
TXN_201971,CUST_184,1,0.04048176647708264,0.025417494055408385,8,3,6,0,1,0,0,2025-08-03 08:51:49,0
TXN_201972,CUST_626,1,0.5757778521244563,0.7487214577331518,18,6,2,0,0,0,1,2025-08-06 18:53:50,0
TXN_201973,CUST_644,1,0.28036132485781196,0.008732454960973409,6,15,4,0,0,0,1,2025-08-15 06:34:52,0
TXN_201974,CUST_410,1,0.7109401137504182,0.009197579714601549,7,9,5,0,0,0,1,2025-08-09 07:13:15,0
TXN_201975,CUST_679,0,0.14586818333890933,0.009872535184152157,13,8,4,0,0,0,1,2025-08-08 13:26:38,0
TXN_201976,CUST_136,1,0.30277684844429575,0.01738097763557783,21,9,5,0,1,0,0,2025-08-09 21:17:16,0
TXN_201977,CUST_591,1,0.48611575777852123,0.006941899518435009,13,19,1,0,1,0,0,2025-08-19 13:11:47,0
TXN_201978,CUST_254,1,0.40414854466376715,0.013072453601969805,1,9,5,0,0,0,1,2025-08-09 01:26:01,0
TXN_201979,CUST_438,1,0.7166276346604216,0.03479342987854403,23,23,5,0,1,0,0,2025-08-23 23:58:44,1
TXN_201980,CUST_767,0,0.7838742054198728,0.030397476379968313,6,18,0,1,0,0,0,2025-08-18 06:52:20,0
TXN_201981,CUST_719,1,0.8594847775175644,0.017674740637869286,11,13,2,0,1,0,0,2025-08-13 11:56:36,1
TXN_201982,CUST_174,1,0.2619605219136835,0.04452258074014917,23,22,4,0,0,0,1,2025-08-22 23:03:39,0
TXN_201983,CUST_719,1,0.5366343258614921,0.02195878442128636,14,11,0,0,0,0,1,2025-08-11 14:58:30,0
TXN_201984,CUST_614,1,0.3188357310137169,0.09000338841634428,22,25,0,0,0,0,1,2025-08-25 22:39:24,0
TXN_201985,CUST_762,1,0.23017731682837067,0.033478490725429896,21,6,2,0,1,0,0,2025-08-06 21:38:24,0
TXN_201986,CUST_774,1,0.9685513549682168,0.05373764634774426,20,6,2,0,0,0,1,2025-08-06 20:19:10,0
TXN_201987,CUST_623,1,0.7316828370692539,0.020378059694670426,9,9,5,0,0,0,1,2025-08-09 09:00:51,0
TXN_201988,CUST_580,1,0.18333890933422547,0.01997238697722032,18,8,4,0,0,0,1,2025-08-08 18:12:12,0
TXN_201989,CUST_724,1,0.8193375710940114,0.010190778436634566,15,23,5,0,1,0,0,2025-08-23 15:59:15,0
TXN_201990,CUST_365,1,0.5235864837738374,0.024763521657450025,0,17,6,0,1,0,0,2025-08-17 00:36:41,1
TXN_201991,CUST_332,1,0.7708263633322181,0.016045055410871447,19,3,6,0,0,1,0,2025-08-03 19:00:42,0
TXN_201992,CUST_751,1,0.8939444630311141,0.02512023387451822,11,14,3,0,0,1,0,2025-08-14 11:11:34,0
TXN_201993,CUST_584,1,0.25627300100368017,0.9287387261016365,13,6,2,0,0,1,0,2025-08-06 13:49:19,0
TXN_201994,CUST_345,1,0.20508531281365003,0.0094004160733266,14,14,3,0,0,0,1,2025-08-14 14:20:11,0
TXN_201995,CUST_548,1,0.5704248912679826,0.01744742402895328,11,19,1,0,1,0,0,2025-08-19 11:43:06,0
TXN_201996,CUST_595,1,0.847775175644028,0.021311806380525412,10,3,6,0,0,0,1,2025-08-03 10:01:09,0
TXN_201997,CUST_583,0,0.2863834058213449,0.687905521901623,12,15,4,0,0,1,0,2025-08-15 12:19:51,0
TXN_201998,CUST_576,1,0.1605888256942121,0.0466383737923674,20,8,4,0,0,0,1,2025-08-08 20:52:41,0
TXN_201999,CUST_578,1,0.19739043158246905,0.009396918894727893,17,2,5,0,1,0,0,2025-08-02 17:41:05,0
TXN_202000,CUST_554,0,0.9882903981264637,0.04487579577861866,10,22,4,0,0,0,1,2025-08-22 10:36:12,0
TXN_202001,CUST_509,1,0.8688524590163934,0.024889420087003504,20,21,3,0,1,0,0,2025-08-21 20:15:39,0
TXN_202002,CUST_319,1,0.266644362663098,0.02305689850128061,11,7,3,0,0,1,0,2025-08-07 11:08:01,0
TXN_202003,CUST_422,1,0.8484442957510873,0.02323525460981471,19,7,3,0,0,1,0,2025-08-07 19:06:26,0
TXN_202004,CUST_196,1,0.042154566744730684,0.02644916174202719,20,1,4,0,0,1,0,2025-08-01 20:18:26,0
TXN_202005,CUST_454,1,0.6858481097356975,0.03861234890833296,7,10,6,0,0,0,1,2025-08-10 07:36:48,0
TXN_202006,CUST_413,1,0.9073268651722984,0.006546718336781026,16,17,6,0,0,0,1,2025-08-17 16:12:08,0
TXN_202007,CUST_598,1,0.540983606557377,0.02744236046406021,12,13,2,0,1,0,0,2025-08-13 12:55:53,0
TXN_202008,CUST_388,1,0.941786550685848,0.07482563329795237,15,1,4,0,0,1,0,2025-08-01 15:46:48,0
TXN_202009,CUST_512,1,0.43693542990966877,0.08527520295089132,14,11,0,0,0,0,1,2025-08-11 14:53:16,0
TXN_202010,CUST_579,0,0.31080628972900637,0.054094358564812456,13,8,4,1,0,0,0,2025-08-08 13:20:08,0
TXN_202011,CUST_328,1,0.05620608899297424,0.008711471889381161,6,16,5,0,0,0,1,2025-08-16 06:17:34,0
TXN_202012,CUST_595,1,0.932418869187019,0.2147127772462649,20,3,6,0,0,1,0,2025-08-03 20:52:41,0
TXN_202013,CUST_134,1,0.7872198059551689,0.04353987355391227,4,17,6,0,1,0,0,2025-08-17 04:57:29,0
TXN_202014,CUST_591,1,0.5807962529274004,0.052279322872083096,20,20,2,0,0,0,1,2025-08-20 20:51:10,0
TXN_202015,CUST_513,1,0.03947808631649381,0.7810913428427914,0,8,4,0,1,0,0,2025-08-08 00:05:02,0
TXN_202016,CUST_676,1,0.21679491468718634,0.03820667619088286,22,22,4,0,0,1,0,2025-08-22 22:37:37,0
TXN_202017,CUST_653,1,0.1368350618936099,0.02604698620317579,20,15,4,0,0,0,1,2025-08-15 20:07:28,0
TXN_202018,CUST_407,1,0.30311140849782536,0.021483168131862095,4,17,6,0,1,0,0,2025-08-17 04:44:07,0
TXN_202019,CUST_307,1,0.6995650719304115,0.014492308113045176,10,12,1,0,1,0,0,2025-08-12 10:51:14,0
TXN_202020,CUST_527,0,0.3623285379725661,0.0730036032480256,20,6,2,0,0,1,0,2025-08-06 20:38:58,0
TXN_202021,CUST_391,1,0.1448645031783205,0.00969068189701935,21,19,1,0,0,1,0,2025-08-19 21:38:05,0
TXN_202022,CUST_314,1,0.8645031783205085,0.039619536344760814,12,3,6,0,1,0,0,2025-08-03 12:55:06,0
TXN_202023,CUST_783,1,0.7407159585145533,0.006200497655508953,7,3,6,0,1,0,0,2025-08-03 07:46:23,0
TXN_202024,CUST_338,1,0.5312813650050184,0.006826492624677651,18,22,4,1,0,0,0,2025-08-22 18:00:29,0
TXN_202025,CUST_575,1,0.30612244897959184,0.03165296349690441,5,3,6,0,0,1,0,2025-08-03 05:25:00,0
TXN_202026,CUST_456,1,0.40381398461023754,0.0360768944242698,12,21,3,0,1,0,0,2025-08-21 12:30:04,0
TXN_202027,CUST_294,1,0.44697223151555704,0.01146375144656421,2,1,4,0,0,0,1,2025-08-01 02:14:13,0
TXN_202028,CUST_462,1,0.9421211107393777,0.08458276158834717,16,10,6,0,0,0,1,2025-08-10 16:10:33,0
TXN_202029,CUST_226,1,0.49447975911676145,0.032229997965691204,7,19,1,0,0,0,1,2025-08-19 07:28:28,0
TXN_202030,CUST_658,1,0.4620274339243894,0.02093411109186497,4,24,6,0,1,0,0,2025-08-24 04:04:26,0
TXN_202031,CUST_366,1,0.8056206088992974,0.005707395473091151,7,2,5,0,1,0,0,2025-08-02 07:10:34,1
TXN_202032,CUST_509,1,0.5741050518568083,0.0115476837329332,21,1,4,0,1,0,0,2025-08-01 21:15:14,0
TXN_202033,CUST_419,1,0.2970893275342924,0.017517367600927435,16,15,4,0,0,0,1,2025-08-15 16:19:51,0
TXN_202034,CUST_523,1,0.9675476748076279,0.029729515267615116,2,4,0,0,0,0,1,2025-08-04 02:27:09,0
TXN_202035,CUST_244,1,0.8588156574105051,0.00700484873321175,15,12,1,0,1,0,0,2025-08-12 15:43:33,0
TXN_202036,CUST_743,1,0.2967547674807628,0.5795454430206614,6,20,2,1,0,0,0,2025-08-20 06:49:41,0
TXN_202037,CUST_116,1,0.27601204416192704,0.043148189550856995,21,8,4,0,0,0,1,2025-08-08 21:13:49,0
TXN_202038,CUST_588,1,0.9130143860823018,0.05946602489242766,23,10,6,0,0,0,1,2025-08-10 23:18:50,0
TXN_202039,CUST_639,1,0.6607561057209769,1.0,6,18,0,0,1,0,0,2025-08-18 06:55:03,0
TXN_202040,CUST_282,1,0.04349280695884911,0.024455769940763736,7,21,3,0,1,0,0,2025-08-21 07:18:00,0
TXN_202041,CUST_675,1,0.7269989963198394,0.049656438923052236,4,10,6,0,1,0,0,2025-08-10 04:39:35,0
TXN_202042,CUST_636,1,0.7681498829039812,0.05668926508505365,1,5,1,0,1,0,0,2025-08-05 01:32:36,0
TXN_202043,CUST_328,1,0.1682837069253931,0.030037266984301404,12,22,4,0,1,0,0,2025-08-22 12:44:55,0
TXN_202044,CUST_312,0,0.19337571094011374,0.1243491794342537,12,2,5,0,1,0,0,2025-08-02 12:57:32,0
TXN_202045,CUST_340,0,0.7644697223151555,0.08084427766632853,6,10,6,0,0,1,0,2025-08-10 06:43:45,0
TXN_202046,CUST_422,0,0.031783205085312814,0.6076697533114696,18,5,1,0,1,0,0,2025-08-05 18:15:02,0
TXN_202047,CUST_201,1,0.7832050853128136,0.03516063363140835,4,9,5,0,0,0,1,2025-08-09 04:42:03,0
TXN_202048,CUST_656,1,0.608564737370358,0.04291737576334228,23,24,6,0,0,0,1,2025-08-24 23:01:18,0
TXN_202049,CUST_422,1,0.34894613583138173,0.12079954315656528,14,21,3,0,0,0,1,2025-08-21 14:58:46,0
TXN_202050,CUST_272,0,0.8969555035128806,0.013534081176999235,13,11,0,0,1,0,0,2025-08-11 13:10:09,0
TXN_202051,CUST_434,1,0.43191702910672464,0.02262674553363955,0,23,5,0,1,0,0,2025-08-23 00:02:53,0
TXN_202052,CUST_147,0,0.08263633322181331,0.8316605453801064,7,14,3,0,0,0,1,2025-08-14 07:06:58,1
TXN_202053,CUST_753,1,0.35764469722315156,0.011781994699046623,5,22,4,0,0,1,0,2025-08-22 05:15:18,0
TXN_202054,CUST_166,1,0.0622281699565072,0.008494646816261279,13,2,5,0,1,0,0,2025-08-02 13:46:42,0
TXN_202055,CUST_607,1,0.3044496487119438,0.11979585289873615,10,10,6,0,0,0,1,2025-08-10 10:27:41,0
TXN_202056,CUST_414,0,0.41786550685848106,0.011830955199428533,2,21,3,0,1,0,0,2025-08-21 02:38:19,1
TXN_202057,CUST_703,1,0.14954834392773503,0.07158724591554894,2,8,4,0,1,0,0,2025-08-08 02:46:00,0
TXN_202058,CUST_628,1,0.24355971896955503,0.9408074894457772,5,10,6,0,1,0,0,2025-08-10 05:00:46,0
TXN_202059,CUST_498,1,0.03947808631649381,0.06586586172806295,23,15,4,0,1,0,0,2025-08-15 23:31:00,0
TXN_202060,CUST_330,1,0.38507862161257944,0.050250959284832565,1,1,4,0,1,0,0,2025-08-01 01:33:56,0
TXN_202061,CUST_628,1,0.3636667781866845,0.030880087026589988,14,1,4,0,0,0,1,2025-08-01 14:58:23,0
TXN_202062,CUST_137,0,0.1997323519571763,0.005822802366848509,6,14,3,0,1,0,0,2025-08-14 06:40:15,0
TXN_202063,CUST_485,1,0.27969220475075274,0.3304309198989077,14,14,3,0,0,0,1,2025-08-14 14:15:34,0
TXN_202064,CUST_235,1,0.9387755102040816,0.005567508329142838,17,7,3,0,0,1,0,2025-08-07 17:35:15,0
TXN_202065,CUST_526,1,0.6326530612244898,0.009928490041731481,6,25,0,0,1,0,0,2025-08-25 06:26:23,0
TXN_202066,CUST_445,1,0.6630980260956841,0.8858703108386762,11,5,1,0,1,0,0,2025-08-05 11:40:19,0
TXN_202067,CUST_213,1,0.0026764804282368685,0.025592352985343774,9,19,1,1,0,0,0,2025-08-19 09:55:20,0
TXN_202068,CUST_265,1,0.961525593844095,0.022602265283448594,5,2,5,0,0,1,0,2025-08-02 05:51:20,0
TXN_202069,CUST_469,1,0.3947808631649381,0.028953141618701987,19,25,0,0,0,1,0,2025-08-25 19:19:26,0
TXN_202070,CUST_651,1,0.3245232519237203,0.0075853803805972465,20,16,5,0,1,0,0,2025-08-16 20:52:56,0
TXN_202071,CUST_666,1,0.7243225158916026,0.0472678659401348,7,18,0,0,1,0,0,2025-08-18 07:55:16,0
TXN_202072,CUST_158,1,0.5165607226497156,0.20793874230056786,0,22,4,0,0,0,1,2025-08-22 00:12:17,0
TXN_202073,CUST_764,0,0.7387085981933756,0.004416936570167967,23,18,0,0,0,0,1,2025-08-18 23:00:54,0
TXN_202074,CUST_198,0,0.20709267313482768,0.02405009722331363,20,13,2,0,0,0,1,2025-08-13 20:57:01,0
TXN_202075,CUST_223,1,0.006022080963532954,0.01291857774362666,8,9,5,0,1,0,0,2025-08-09 08:37:24,0
TXN_202076,CUST_611,1,0.03646704583472733,0.0036720375286432034,23,23,5,0,1,0,0,2025-08-23 23:39:03,0
TXN_202077,CUST_615,1,0.343593174974908,0.02492788905158929,7,11,0,0,1,0,0,2025-08-11 07:16:24,1
TXN_202078,CUST_495,1,0.7400468384074941,0.010974146442745119,2,10,6,0,1,0,0,2025-08-10 02:36:42,0
TXN_202079,CUST_256,0,0.9253931080628973,0.030845115240602912,18,22,4,0,0,0,1,2025-08-22 18:25:10,0
TXN_202080,CUST_560,1,0.8437604550016727,0.008784912639954026,19,6,2,1,0,0,0,2025-08-06 19:15:31,0
TXN_202081,CUST_799,0,0.25158916025426564,0.3759327106466951,16,19,1,0,1,0,0,2025-08-19 16:24:57,0
TXN_202082,CUST_483,1,0.8527935764469722,0.01947578761620381,16,24,6,0,1,0,0,2025-08-24 16:18:46,0
TXN_202083,CUST_546,0,0.3486115757778521,0.037430302541969725,20,3,6,0,0,0,1,2025-08-03 20:47:07,1
TXN_202084,CUST_473,1,0.548678487788558,0.623942125331257,12,5,1,0,1,0,0,2025-08-05 12:30:56,0
TXN_202085,CUST_707,1,0.9682167949146872,0.04246623972410898,5,21,3,0,1,0,0,2025-08-21 05:54:44,0
TXN_202086,CUST_506,1,0.7387085981933756,0.01174002855586213,13,25,0,0,0,0,1,2025-08-25 13:50:22,0
TXN_202087,CUST_528,1,0.9374372699899631,0.012897594672034413,7,11,0,0,0,0,1,2025-08-11 07:53:56,0
TXN_202088,CUST_279,1,0.9989963198394112,0.023815786257200208,19,22,4,0,0,0,1,2025-08-22 19:14:30,1
TXN_202089,CUST_367,0,0.32017397122783536,0.6889371895882418,11,21,3,0,0,0,1,2025-08-21 11:37:44,0
TXN_202090,CUST_401,0,0.19471395115423218,0.02244838942510545,4,25,0,0,0,1,0,2025-08-25 04:02:27,0
TXN_202091,CUST_474,0,0.5864837738374038,0.01984299136906813,5,6,2,0,0,0,1,2025-08-06 05:32:28,0
TXN_202092,CUST_676,1,0.7929073268651723,0.03429683051752752,7,3,6,0,0,0,1,2025-08-03 07:57:49,0
TXN_202093,CUST_423,0,0.3713616594178655,0.01425100278973434,23,16,5,0,1,0,0,2025-08-16 23:28:27,1
TXN_202094,CUST_427,1,0.9160254265640683,0.025931579309418435,1,7,3,0,0,1,0,2025-08-07 01:50:26,0
TXN_202095,CUST_473,1,0.9729006356641017,0.02301143517949741,7,22,4,0,1,0,0,2025-08-22 07:02:02,0
TXN_202096,CUST_567,1,0.6406825025092003,0.7584191339873686,17,1,4,0,0,0,1,2025-08-01 17:42:21,0
TXN_202097,CUST_488,1,0.39678822348611575,0.01697880209672643,22,17,6,0,0,1,0,2025-08-17 22:27:31,0
TXN_202098,CUST_160,1,0.65807962529274,0.028110321576413404,0,25,0,0,1,0,0,2025-08-25 00:26:22,0
TXN_202099,CUST_273,1,0.45935095349615257,0.026246325383302137,6,11,0,0,0,1,0,2025-08-11 06:37:41,0
TXN_202100,CUST_764,1,0.6510538641686182,0.058833035566061544,0,4,0,0,0,1,0,2025-08-04 00:31:09,0
TXN_202101,CUST_536,1,0.22515891602542656,0.0312892569226388,6,3,6,0,0,0,1,2025-08-03 06:03:33,1
TXN_202102,CUST_481,1,0.4225493476078956,0.02024516690791953,18,23,5,0,0,1,0,2025-08-23 18:25:21,0
TXN_202103,CUST_360,1,0.6055536968885915,0.08959421852029548,18,25,0,0,0,0,1,2025-08-25 18:58:15,0
TXN_202104,CUST_313,1,0.554700568752091,0.6866255545344959,6,25,0,0,0,1,0,2025-08-25 06:50:23,1
TXN_202105,CUST_139,1,0.22482435597189696,0.14652129175006123,13,25,0,0,0,0,1,2025-08-25 13:34:57,0
TXN_202106,CUST_665,1,0.921378387420542,1.0,11,11,0,0,1,0,0,2025-08-11 11:13:55,0
TXN_202107,CUST_182,1,0.5480093676814988,0.03165296349690441,18,8,4,0,1,0,0,2025-08-08 18:38:34,0
TXN_202108,CUST_191,1,0.4125125460020074,0.021577591954027205,21,3,6,0,0,0,1,2025-08-03 21:46:57,0
TXN_202109,CUST_488,1,0.742723318835731,0.010418095045550576,14,8,4,0,0,0,1,2025-08-08 14:38:45,0
TXN_202110,CUST_678,1,0.8604884576781532,0.010610439868479506,6,22,4,0,0,0,1,2025-08-22 06:06:26,0
TXN_202111,CUST_689,1,0.6390097022415523,0.026795382423299263,17,20,2,0,0,0,1,2025-08-20 17:47:18,0
TXN_202112,CUST_519,1,0.028772164603546337,0.051177711613490134,4,22,4,0,0,1,0,2025-08-22 04:11:03,0
TXN_202113,CUST_677,1,0.4295751087320174,0.010404106331155745,3,17,6,0,1,0,0,2025-08-17 03:26:37,0
TXN_202114,CUST_736,1,0.14419538307126128,0.030782166025826167,22,7,3,0,1,0,0,2025-08-07 22:56:44,0
TXN_202115,CUST_727,0,0.4924723987955838,0.02819425386278239,21,9,5,0,0,1,0,2025-08-09 21:48:18,0
TXN_202116,CUST_104,1,0.946135831381733,0.05266401251794096,12,18,0,0,0,0,1,2025-08-18 12:54:15,0
TXN_202117,CUST_228,0,0.44697223151555704,0.015104314367819043,13,16,5,0,1,0,0,2025-08-16 13:33:55,0
TXN_202118,CUST_573,0,0.7052525928404149,0.04320414440843632,12,22,4,0,0,0,1,2025-08-22 12:43:01,1
TXN_202119,CUST_602,1,0.1646035463365674,0.3218348549032839,6,2,5,0,1,0,0,2025-08-02 06:52:09,0
TXN_202120,CUST_256,0,0.9916359986617598,0.6860555144229066,18,5,1,0,0,0,1,2025-08-05 18:31:30,0
TXN_202121,CUST_115,1,0.5771160923385747,0.018989679790983423,15,16,5,1,0,0,0,2025-08-16 15:56:55,0
TXN_202122,CUST_175,1,0.5506858481097356,0.059214228033320694,4,2,5,0,1,0,0,2025-08-02 04:57:25,0
TXN_202123,CUST_638,1,0.744396119103379,0.04367276634066317,23,24,6,0,0,1,0,2025-08-24 23:56:26,0
TXN_202124,CUST_138,1,0.31917029106724654,0.7818327447057174,9,17,6,0,1,0,0,2025-08-17 09:46:38,0
TXN_202125,CUST_681,1,0.7346938775510203,0.012614323205539082,18,14,3,1,0,0,0,2025-08-14 18:01:17,0
TXN_202126,CUST_486,1,0.3726998996319839,0.014278980218524001,12,11,0,0,0,0,1,2025-08-11 12:07:39,1
TXN_202127,CUST_203,1,0.788892606222817,0.04874017813019079,13,8,4,0,1,0,0,2025-08-08 13:32:38,0
TXN_202128,CUST_445,1,0.5590498494479759,1.0,21,3,6,0,1,0,0,2025-08-03 21:42:59,1
TXN_202129,CUST_228,1,0.9116761458681834,0.03062479298888432,8,9,5,0,1,0,0,2025-08-09 08:46:07,0
TXN_202130,CUST_642,0,0.4095015055202409,0.7082206323815167,15,7,3,0,0,0,1,2025-08-07 15:19:54,1
TXN_202131,CUST_657,1,0.6868517898962864,0.610561920012601,6,21,3,0,0,1,0,2025-08-21 06:55:47,0
TXN_202132,CUST_741,0,0.22415523586483774,0.017003282346917385,1,25,0,0,1,0,0,2025-08-25 01:34:37,0
TXN_202133,CUST_602,1,0.7922382067581131,0.014198545110753722,23,19,1,0,1,0,0,2025-08-19 23:16:17,0
TXN_202134,CUST_317,0,0.5356306457009032,0.02533006459044069,10,6,2,0,0,0,1,2025-08-06 10:52:08,1
TXN_202135,CUST_785,1,0.3328872532619605,0.000982707186236895,20,5,1,0,0,0,1,2025-08-05 20:55:17,0
TXN_202136,CUST_294,1,0.38842422214787553,0.013764894964513951,17,9,5,0,0,1,0,2025-08-09 17:30:27,0
TXN_202137,CUST_245,1,0.42188022750083637,0.024693578085475867,14,8,4,0,0,0,1,2025-08-08 14:45:58,0
TXN_202138,CUST_322,0,0.6617597858815657,0.04993621321094886,13,15,4,0,1,0,0,2025-08-15 13:46:01,0
TXN_202139,CUST_228,0,0.5557042489126798,0.020713788840146376,16,13,2,0,0,0,1,2025-08-13 16:03:04,0
TXN_202140,CUST_650,1,0.2753429240548678,0.21606268818536611,12,5,1,0,1,0,0,2025-08-05 12:27:11,0
TXN_202141,CUST_718,1,0.2813650050184008,0.01912606975633303,23,5,1,0,0,1,0,2025-08-05 23:09:07,0
TXN_202142,CUST_174,1,0.19705587152893944,0.03711205928948731,17,10,6,0,0,0,1,2025-08-10 17:52:56,0
TXN_202143,CUST_181,0,0.38608230177316827,0.029914865733346632,19,2,5,0,0,0,1,2025-08-02 19:19:36,1
TXN_202144,CUST_680,1,0.6236199397791904,0.010197772793831984,10,24,6,0,0,0,1,2025-08-24 10:44:33,0
TXN_202145,CUST_438,1,0.05888256942121111,0.28852073157199326,18,11,0,0,1,0,0,2025-08-11 18:51:38,0
TXN_202146,CUST_674,0,0.5296085647373704,0.06354373513852098,19,25,0,0,0,0,1,2025-08-25 19:26:44,0
TXN_202147,CUST_359,1,0.4416192706590833,0.09988641513629257,20,13,2,0,1,0,0,2025-08-13 20:37:39,0
TXN_202148,CUST_345,1,0.26229508196721313,0.029327339728763717,16,15,4,0,1,0,0,2025-08-15 16:30:50,0
TXN_202149,CUST_167,1,0.03379056540649047,0.027896993681892225,18,6,2,0,0,0,1,2025-08-06 18:31:14,0
TXN_202150,CUST_278,1,0.4496487119437939,0.019346392008051622,9,24,6,1,0,0,0,2025-08-24 09:38:02,0
TXN_202151,CUST_418,1,0.3174974907995985,0.011012615407330905,7,25,0,0,1,0,0,2025-08-25 07:00:37,0
TXN_202152,CUST_137,0,0.016728002676480426,0.011575661161722862,8,20,2,0,1,0,0,2025-08-20 08:13:15,1
TXN_202153,CUST_294,1,0.2151221144195383,0.01760829424449384,4,7,3,0,1,0,0,2025-08-07 04:16:20,0
TXN_202154,CUST_324,1,0.6945466711274674,0.34448258350851574,6,11,0,0,0,0,1,2025-08-11 06:09:59,0
TXN_202155,CUST_604,0,0.9916359986617598,0.016513677343098294,4,4,0,0,1,0,0,2025-08-04 04:33:02,0
TXN_202156,CUST_548,1,0.29909668785547006,0.0463725882188656,19,1,4,0,0,0,1,2025-08-01 19:45:48,0
TXN_202157,CUST_344,1,0.24757443961191034,0.07665116052647786,22,5,1,0,0,0,1,2025-08-05 22:21:39,0
TXN_202158,CUST_368,1,0.05252592840414855,0.0213957386668944,2,19,1,1,0,0,0,2025-08-19 02:17:09,0
TXN_202159,CUST_583,1,0.6781532285045165,0.04861427970063731,23,11,0,0,0,1,0,2025-08-11 23:48:08,0
TXN_202160,CUST_562,1,0.6279692204750753,0.023543006326500998,7,1,4,0,1,0,0,2025-08-01 07:19:56,0
TXN_202161,CUST_264,0,0.3372365339578454,0.013897787751264847,20,8,4,1,0,0,0,2025-08-08 20:39:39,1
TXN_202162,CUST_573,1,0.20541987286717964,0.024214464617452896,10,18,0,0,1,0,0,2025-08-18 10:49:32,0
TXN_202163,CUST_706,1,0.2930746068919371,0.08877238154959914,1,8,4,0,1,0,0,2025-08-08 01:22:47,0
TXN_202164,CUST_439,1,0.7035797925727668,0.027547275822021444,7,5,1,1,0,0,0,2025-08-05 07:35:24,0
TXN_202165,CUST_170,1,0.2499163599866176,0.2582561479787759,21,19,1,1,0,0,0,2025-08-19 21:45:09,0
TXN_202166,CUST_669,0,0.4349280695884911,0.006466283229010747,22,20,2,0,1,0,0,2025-08-20 22:31:55,0
TXN_202167,CUST_124,1,0.7929073268651723,0.08044909648467453,17,7,3,0,0,0,1,2025-08-07 17:17:44,0
TXN_202168,CUST_578,1,0.23218467714954832,0.21832186556013136,19,24,6,0,1,0,0,2025-08-24 19:36:31,0
TXN_202169,CUST_219,1,0.4018066242890599,0.009134630499824808,5,8,4,0,0,1,0,2025-08-08 05:44:02,0
TXN_202170,CUST_262,1,0.6182669789227166,0.027424874571066668,4,13,2,0,0,1,0,2025-08-13 04:19:55,0
TXN_202171,CUST_341,0,0.31415189026430246,0.08588720920566519,10,14,3,0,0,1,0,2025-08-14 10:54:06,1
TXN_202172,CUST_136,1,0.09601873536299765,0.022958977500516793,10,12,1,0,0,0,1,2025-08-12 10:11:04,0
TXN_202173,CUST_430,1,0.45834727333556374,0.008344268136516841,6,23,5,0,1,0,0,2025-08-23 06:57:20,0
TXN_202174,CUST_365,1,0.19270659083305453,0.04303278265709964,14,11,0,0,0,0,1,2025-08-11 14:21:10,0
TXN_202175,CUST_340,1,0.49079959852793575,0.049418630778340106,6,23,5,0,1,0,0,2025-08-23 06:06:13,0
TXN_202176,CUST_644,1,0.6032117765138842,0.17227101777234688,5,25,0,0,0,0,1,2025-08-25 05:34:07,0
TXN_202177,CUST_631,1,0.25928404148544665,0.01004389693548884,19,7,3,0,0,0,1,2025-08-07 19:31:50,0
TXN_202178,CUST_334,1,0.6286383405821345,0.029726018089016412,4,5,1,0,1,0,0,2025-08-05 04:32:09,0
TXN_202179,CUST_118,1,0.4493141518902643,0.028774785510167884,1,1,4,0,1,0,0,2025-08-01 01:01:29,0
TXN_202180,CUST_175,0,0.9805955168952827,0.038692784016103245,20,9,5,0,0,0,1,2025-08-09 20:43:44,0
TXN_202181,CUST_429,1,0.8842422214787554,0.7162781318729394,22,20,2,0,1,0,0,2025-08-20 22:16:14,0
TXN_202182,CUST_650,1,0.06390097022415524,0.017569825279908052,13,2,5,0,0,0,1,2025-08-02 13:21:53,0
TXN_202183,CUST_553,1,0.19672131147540983,0.01215269563050965,14,24,6,0,0,0,1,2025-08-24 14:19:18,0
TXN_202184,CUST_592,1,0.4268986283037805,0.00861704806721605,9,10,6,0,1,0,0,2025-08-10 09:49:18,0
TXN_202185,CUST_139,0,0.12713282034125126,0.07896279558022372,16,8,4,0,0,0,1,2025-08-08 16:03:36,0
TXN_202186,CUST_740,0,0.8387420541987286,0.037328884362607194,11,1,4,1,0,0,0,2025-08-01 11:52:14,0
TXN_202187,CUST_488,1,0.571763131482101,0.009382930180333062,21,25,0,1,0,0,0,2025-08-25 21:19:00,0
TXN_202188,CUST_654,1,0.8926062228169956,0.04852335305707091,5,11,0,0,1,0,0,2025-08-11 05:26:53,0
TXN_202189,CUST_128,1,0.4774171963867514,0.6000249208946943,16,2,5,0,0,0,1,2025-08-02 16:42:58,0
TXN_202190,CUST_185,0,0.8169956507193041,0.015709326265395496,5,24,6,0,1,0,0,2025-08-24 05:06:18,0
TXN_202191,CUST_593,1,0.8802275008364001,0.3616397417137762,23,2,5,1,0,0,0,2025-08-02 23:12:04,0
TXN_202192,CUST_472,1,0.6614252258280361,0.04278798015519009,13,7,3,0,1,0,0,2025-08-07 13:41:38,0
TXN_202193,CUST_699,1,0.429909668785547,0.008162414849384035,10,24,6,1,0,0,0,2025-08-24 10:39:48,0
TXN_202194,CUST_324,1,0.516226162596186,0.009159110750015763,18,16,5,0,0,0,1,2025-08-16 18:30:31,0
TXN_202195,CUST_753,0,0.28404148544663765,0.035234074381981215,14,12,1,0,0,0,1,2025-08-12 14:55:26,0
TXN_202196,CUST_545,1,0.8129809300769488,0.029572142230673268,22,6,2,0,0,0,1,2025-08-06 22:48:43,0
TXN_202197,CUST_476,1,0.6851789896286383,0.03380023115651101,16,19,1,0,1,0,0,2025-08-19 16:17:49,0
TXN_202198,CUST_281,1,0.015055202408832385,0.45992444905186064,5,22,4,0,0,0,1,2025-08-22 05:46:09,0
TXN_202199,CUST_322,1,0.10237537638006021,0.015436546334696287,12,4,0,0,0,1,0,2025-08-04 12:50:21,0
TXN_202200,CUST_396,1,0.7346938775510203,0.4692654130890092,2,11,0,0,0,0,1,2025-08-11 02:21:28,1
TXN_202201,CUST_249,1,0.6262964202074273,0.9971820084569472,16,6,2,1,0,0,0,2025-08-06 16:59:08,0
TXN_202202,CUST_608,0,0.09668785547005687,0.00807848256301505,13,20,2,0,0,1,0,2025-08-20 13:08:29,0
TXN_202203,CUST_128,1,0.34894613583138173,0.6523147353025736,1,2,5,0,0,0,1,2025-08-02 01:33:16,0
TXN_202204,CUST_658,1,0.7765138842422215,0.0060850907617515946,22,20,2,0,1,0,0,2025-08-20 22:26:17,0
TXN_202205,CUST_438,1,0.9544998327199732,0.7085493671697952,7,15,4,0,1,0,0,2025-08-15 07:25:12,0
TXN_202206,CUST_188,1,0.8052860488457678,0.026421184313237527,19,15,4,0,0,1,0,2025-08-15 19:52:23,0
TXN_202207,CUST_323,0,0.1405152224824356,0.03793739343878236,6,7,3,1,0,0,0,2025-08-07 06:27:09,0
TXN_202208,CUST_581,1,0.2529274004683841,0.01731802842080109,2,13,2,1,0,0,0,2025-08-13 02:33:46,0
TXN_202209,CUST_750,1,0.6463700234192037,0.027068162353998473,7,15,4,0,1,0,0,2025-08-15 07:46:52,0
TXN_202210,CUST_343,1,0.508531281365005,0.08414211708490998,15,7,3,0,1,0,0,2025-08-07 15:07:40,0
TXN_202211,CUST_173,1,0.06557377049180327,0.03860535455113555,13,17,6,0,0,1,0,2025-08-17 13:18:00,0
TXN_202212,CUST_377,1,0.012713282034125126,0.025197171803689793,2,15,4,0,0,1,0,2025-08-15 02:31:03,0
TXN_202213,CUST_667,1,0.6614252258280361,0.029963826233728542,10,2,5,0,1,0,0,2025-08-02 10:33:48,0
TXN_202214,CUST_123,0,0.955503512880562,0.04700208036663301,6,3,6,0,0,0,1,2025-08-03 06:39:12,0
TXN_202215,CUST_222,1,0.1716293074606892,0.050890942968396094,13,19,1,0,0,0,1,2025-08-19 13:48:22,0
TXN_202216,CUST_148,1,0.1284710605553697,0.026456156099224606,5,23,5,0,1,0,0,2025-08-23 05:38:08,0
TXN_202217,CUST_605,1,0.4810973569755771,0.025340556126236813,23,11,0,0,1,0,0,2025-08-11 23:31:21,0
TXN_202218,CUST_564,0,0.12947474071595852,0.020262652800913068,19,12,1,0,0,1,0,2025-08-12 19:10:21,0
TXN_202219,CUST_514,1,0.9009702241552359,0.9966224598811539,23,21,3,0,0,0,1,2025-08-21 23:33:58,0
TXN_202220,CUST_389,1,0.40715958514553363,0.027830547288516777,9,23,5,0,1,0,0,2025-08-23 09:35:40,0
TXN_202221,CUST_661,1,0.14218802275008363,0.0816836005300184,10,3,6,0,0,0,1,2025-08-03 10:03:47,1
TXN_202222,CUST_410,1,0.04248912679826029,0.9203839664293235,12,17,6,0,0,0,1,2025-08-17 12:27:53,0
TXN_202223,CUST_665,1,0.1254600200736032,0.01858050989493461,7,18,0,0,0,0,1,2025-08-18 07:19:36,0
TXN_202224,CUST_459,1,0.4994981599197056,0.04647750357682683,20,22,4,0,1,0,0,2025-08-22 20:56:31,0
TXN_202225,CUST_270,1,0.5590498494479759,0.24852699711717074,5,10,6,0,0,1,0,2025-08-10 05:27:15,0
TXN_202226,CUST_202,1,0.7199732351957177,0.018702911145889383,21,15,4,0,0,0,1,2025-08-15 21:13:03,0
TXN_202227,CUST_457,0,0.9029775844764135,0.04551577946218219,14,24,6,0,1,0,0,2025-08-24 14:52:35,0
TXN_202228,CUST_294,1,0.5828036132485781,0.06427814264424961,2,19,1,0,1,0,0,2025-08-19 02:14:02,0
TXN_202229,CUST_294,1,0.7126129140180663,0.02732695357030285,17,5,1,0,0,1,0,2025-08-05 17:26:47,0
TXN_202230,CUST_318,1,0.9949815991970559,0.046939131151856266,10,5,1,0,0,1,0,2025-08-05 10:22:30,0
TXN_202231,CUST_780,1,0.5386416861826697,0.0392977959136797,8,7,3,1,0,0,0,2025-08-07 08:14:19,0
TXN_202232,CUST_588,1,0.7718300434928069,0.175824151228634,19,9,5,0,1,0,0,2025-08-09 19:36:43,0
TXN_202233,CUST_651,1,0.7791903646704583,0.017209615884241147,9,4,0,0,1,0,0,2025-08-04 09:13:24,0
TXN_202234,CUST_716,0,0.24054867848778855,0.007144735877160062,8,8,4,0,0,1,0,2025-08-08 08:40:01,0
TXN_202235,CUST_213,1,0.0016728002676480425,0.0025949065202411975,0,20,2,0,0,0,1,2025-08-20 00:25:16,0
TXN_202236,CUST_544,1,0.7631314821010371,0.059196742140327156,21,2,5,0,0,0,1,2025-08-02 21:02:53,0
TXN_202237,CUST_702,1,0.10505185680829708,0.013467634783623787,19,19,1,0,1,0,0,2025-08-19 19:10:27,0
TXN_202238,CUST_291,1,0.7413850786216125,0.0822221660342194,4,22,4,0,1,0,0,2025-08-22 04:02:39,0
TXN_202239,CUST_577,1,0.5506858481097356,0.9079479993323186,19,19,1,0,1,0,0,2025-08-19 19:10:50,0
TXN_202240,CUST_297,1,0.9665439946470391,0.06746407234767243,15,3,6,0,1,0,0,2025-08-03 15:25:47,0
TXN_202241,CUST_449,1,0.12612914018066243,0.023021926715293534,0,21,3,0,0,0,1,2025-08-21 00:10:54,0
TXN_202242,CUST_383,1,0.4349280695884911,0.6290619947997653,14,24,6,0,0,0,1,2025-08-24 14:33:33,1
TXN_202243,CUST_270,0,0.5597189695550351,0.020318607658492395,19,22,4,1,0,0,0,2025-08-22 19:26:47,0
TXN_202244,CUST_725,1,0.9735697557711609,0.0630681188490967,2,22,4,0,0,1,0,2025-08-22 02:58:29,1
TXN_202245,CUST_466,0,0.3911007025761124,0.061830117625154134,17,13,2,0,0,0,1,2025-08-13 17:33:09,0
TXN_202246,CUST_108,1,0.6266309802609569,0.014219528182345967,18,11,0,0,0,0,1,2025-08-11 18:20:23,0
TXN_202247,CUST_476,1,0.8320508531281364,0.012124718201719988,22,14,3,1,0,0,0,2025-08-14 22:04:07,0
TXN_202248,CUST_471,0,0.35396453663432587,0.14526230745452642,15,6,2,0,1,0,0,2025-08-06 15:57:33,0
TXN_202249,CUST_736,1,0.5383071261291401,0.007693792917157189,23,11,0,1,0,0,0,2025-08-11 23:07:33,0
TXN_202250,CUST_180,1,0.3355637336901974,0.005270248148252675,9,24,6,0,1,0,0,2025-08-24 09:42:09,0
TXN_202251,CUST_474,1,0.3295416527266644,0.017258576384623057,15,11,0,0,0,1,0,2025-08-11 15:27:42,0
TXN_202252,CUST_437,1,0.3084643693542991,0.005112875111310822,12,15,4,1,0,0,0,2025-08-15 12:54:40,0
TXN_202253,CUST_799,1,0.8089662094345935,0.027449354821257623,6,14,3,0,1,0,0,2025-08-14 06:53:21,0
TXN_202254,CUST_607,1,0.6062228169956507,0.014569246042216748,22,4,0,0,0,0,1,2025-08-04 22:10:29,0
TXN_202255,CUST_203,1,0.23318835731013715,0.014621703721197365,8,11,0,0,1,0,0,2025-08-11 08:33:57,0
TXN_202256,CUST_436,1,0.32418869187019067,0.020119268478366047,15,9,5,0,0,0,1,2025-08-09 15:31:46,0
TXN_202257,CUST_208,0,0.7738374038139846,0.023368147396565606,13,10,6,0,0,1,0,2025-08-10 13:23:01,0
TXN_202258,CUST_401,1,0.8166610906657745,0.026617026314765164,8,24,6,0,0,0,1,2025-08-24 08:54:44,0
TXN_202259,CUST_242,1,0.2117765138842422,0.04190319396971701,3,9,5,0,0,1,0,2025-08-09 03:26:03,0
TXN_202260,CUST_111,0,0.030444964871194375,0.02173146781237035,15,12,1,0,0,0,1,2025-08-12 15:59:08,1
TXN_202261,CUST_320,1,0.005352960856473736,0.04512409545912691,4,8,4,0,0,1,0,2025-08-08 04:04:43,0
TXN_202262,CUST_525,1,0.05654064904650385,0.3990385696483576,4,3,6,0,1,0,0,2025-08-03 04:58:09,0
TXN_202263,CUST_543,1,0.10270993643358982,0.04715945340357486,3,23,5,0,0,1,0,2025-08-23 03:47:29,0
TXN_202264,CUST_765,1,0.7106055536968886,0.2464181984221499,16,5,1,0,0,1,0,2025-08-05 16:52:43,0
TXN_202265,CUST_545,1,0.6600869856139177,0.024214464617452896,14,14,3,0,0,1,0,2025-08-14 14:32:20,0
TXN_202266,CUST_298,1,0.22482435597189696,0.05489870964251525,0,22,4,0,0,0,1,2025-08-22 00:21:28,0
TXN_202267,CUST_739,0,0.12780194044831047,0.2878632619954362,12,9,5,0,0,1,0,2025-08-09 12:58:24,0
TXN_202268,CUST_388,1,0.27634660421545665,0.023931193150957566,15,6,2,0,1,0,0,2025-08-06 15:21:21,0
TXN_202269,CUST_335,1,0.2348611575777852,0.008298804814733642,17,9,5,0,1,0,0,2025-08-09 17:24:41,0
TXN_202270,CUST_157,1,0.9715623954499832,0.5784333402262722,4,6,2,0,0,1,0,2025-08-06 04:38:58,0
TXN_202271,CUST_506,1,0.8129809300769488,0.025655302200120515,22,12,1,0,1,0,0,2025-08-12 22:34:55,0
TXN_202272,CUST_130,1,0.9123452659752426,0.9993047958663628,12,17,6,0,0,1,0,2025-08-17 12:41:26,0
TXN_202273,CUST_154,1,0.6988959518233523,0.022745649605995615,7,16,5,0,0,0,1,2025-08-16 07:53:18,0
TXN_202274,CUST_574,1,0.9732351957176313,0.010848248013191637,4,7,3,0,0,0,1,2025-08-07 04:20:30,0
TXN_202275,CUST_292,1,0.2927400468384075,0.032216009251296376,13,7,3,0,0,1,0,2025-08-07 13:55:13,0
TXN_202276,CUST_657,1,0.6309802609568418,0.02929586512137535,13,9,5,0,0,0,1,2025-08-09 13:34:09,0
TXN_202277,CUST_119,1,0.6851789896286383,0.01640876198513706,7,24,6,0,1,0,0,2025-08-24 07:41:06,0
TXN_202278,CUST_628,0,0.8701906992305118,0.046323627718483695,18,16,5,0,1,0,0,2025-08-16 18:37:02,0
TXN_202279,CUST_756,1,0.1722984275677484,0.01413209871737827,9,3,6,0,0,1,0,2025-08-03 09:24:21,0
TXN_202280,CUST_327,1,0.47641351622616257,0.02344158814713847,10,25,0,0,1,0,0,2025-08-25 10:39:13,0
TXN_202281,CUST_132,1,0.5011709601873536,0.022350468424341633,4,1,4,0,0,1,0,2025-08-01 04:37:56,0
TXN_202282,CUST_127,1,0.6303111408497826,0.8443588008720144,16,9,5,1,0,0,0,2025-08-09 16:19:02,1
TXN_202283,CUST_110,1,0.6942121110739378,0.022430903532111912,17,3,6,0,1,0,0,2025-08-03 17:55:33,0
TXN_202284,CUST_774,1,0.7668116426898628,0.027291981784315772,14,3,6,0,1,0,0,2025-08-03 14:45:04,1
TXN_202285,CUST_488,1,0.6202743392438943,0.028592932223035078,0,22,4,1,0,0,0,2025-08-22 00:16:15,0
TXN_202286,CUST_197,1,0.23820675811308128,0.06819847985340106,5,15,4,1,0,0,0,2025-08-15 05:16:24,0
TXN_202287,CUST_518,1,0.6440281030444964,0.02139224148829569,17,18,0,0,0,0,1,2025-08-18 17:20:27,0
TXN_202288,CUST_679,1,0.8802275008364001,0.009799094433579292,14,17,6,0,1,0,0,2025-08-17 14:17:00,0
TXN_202289,CUST_103,0,0.14988290398126464,0.0029376300229145627,23,4,0,0,1,0,0,2025-08-04 23:19:43,0
TXN_202290,CUST_514,1,0.4225493476078956,0.03265315657613485,13,21,3,1,0,0,0,2025-08-21 13:28:22,0
TXN_202291,CUST_658,1,0.5088658414185346,0.03574116527879385,0,7,3,0,0,0,1,2025-08-07 00:37:40,0
TXN_202292,CUST_773,1,0.24155235864837737,0.015579930657243307,12,8,4,0,0,0,1,2025-08-08 12:38:29,1
TXN_202293,CUST_134,1,0.6078956172632988,0.012306571488852794,7,17,6,0,0,1,0,2025-08-17 07:28:50,0
TXN_202294,CUST_353,1,0.6584141853462696,0.009519320145682669,2,10,6,0,0,0,1,2025-08-10 02:15:45,0
TXN_202295,CUST_678,1,0.5108732017397123,0.011956853628982012,8,14,3,0,0,0,1,2025-08-14 08:26:55,0
TXN_202296,CUST_127,1,0.14018066242890598,0.015747795229981282,15,16,5,0,0,0,1,2025-08-16 15:46:52,0
TXN_202297,CUST_638,1,0.7293409166945467,0.01709420899048379,22,22,4,1,0,0,0,2025-08-22 22:16:57,0
TXN_202298,CUST_576,1,0.13583138173302106,0.009987942077909515,1,12,1,0,0,0,1,2025-08-12 01:59:12,0
TXN_202299,CUST_513,0,0.7075945132151221,0.3393697083972049,17,11,0,0,0,0,1,2025-08-11 17:20:33,0
TXN_202300,CUST_537,1,0.20675811308129807,0.3082308301543105,19,23,5,0,0,0,1,2025-08-23 19:38:24,1
TXN_202301,CUST_227,1,0.4710605553696888,0.016520671700295708,20,4,0,0,1,0,0,2025-08-04 20:26:56,0
TXN_202302,CUST_270,1,0.5680829708932753,0.018328713035827646,14,20,2,1,0,0,0,2025-08-20 14:09:19,0
TXN_202303,CUST_555,1,0.4596855135496822,0.03148509892416644,6,10,6,0,0,1,0,2025-08-10 06:27:45,0
TXN_202304,CUST_597,1,0.9381063900970223,0.02533006459044069,5,19,1,0,1,0,0,2025-08-19 05:38:58,0
TXN_202305,CUST_511,1,0.8936099029775845,0.008624042424413468,10,16,5,0,0,1,0,2025-08-16 10:00:23,0
TXN_202306,CUST_641,1,0.5553696888591502,0.0202766415153079,4,1,4,1,0,0,0,2025-08-01 04:18:04,0
TXN_202307,CUST_152,1,0.10505185680829708,0.039696474273932386,14,25,0,1,0,0,0,2025-08-25 14:33:43,0
TXN_202308,CUST_795,0,0.4058213449314152,0.027631208108390433,1,25,0,0,0,1,0,2025-08-25 01:24:37,0
TXN_202309,CUST_559,1,0.04449648711943794,0.0841001509417255,2,17,6,0,1,0,0,2025-08-17 02:22:02,0
TXN_202310,CUST_343,1,0.6058882569421211,0.018111887962707764,13,6,2,0,1,0,0,2025-08-06 13:42:22,0
TXN_202311,CUST_536,1,0.10839745734359317,0.015709326265395496,19,3,6,0,0,1,0,2025-08-03 19:56:47,0
TXN_202312,CUST_403,1,0.8190030110404818,0.022256044602176523,11,24,6,0,1,0,0,2025-08-24 11:50:04,0
TXN_202313,CUST_491,1,0.832385413181666,0.025676285271712763,2,7,3,0,0,0,1,2025-08-07 02:13:58,0
TXN_202314,CUST_584,1,0.7815322850451656,0.04821560134038462,0,21,3,0,0,0,1,2025-08-21 00:53:47,0
TXN_202315,CUST_636,1,0.6868517898962864,0.013079447959167219,20,3,6,0,1,0,0,2025-08-03 20:45:31,0
TXN_202316,CUST_203,1,0.11408497825359651,0.04385112244919727,15,11,0,0,0,0,1,2025-08-11 15:20:35,0
TXN_202317,CUST_197,1,0.6788223486115758,0.011026604121725736,13,21,3,0,0,1,0,2025-08-21 13:55:43,0
TXN_202318,CUST_711,1,0.4774171963867514,0.03505571827344712,14,2,5,0,0,1,0,2025-08-02 14:00:20,0
TXN_202319,CUST_213,0,0.8979591836734694,0.00893878849829717,12,21,3,0,0,1,0,2025-08-21 12:57:26,0
TXN_202320,CUST_510,1,0.9524924723987955,0.7556773459659817,13,22,4,0,0,1,0,2025-08-22 13:06:18,0
TXN_202321,CUST_393,1,0.6115757778521245,0.6657473983002102,19,23,5,0,0,0,1,2025-08-23 19:06:28,0
TXN_202322,CUST_549,1,0.3168283706925393,0.03248529200339687,17,19,1,0,0,1,0,2025-08-19 17:09:49,0
TXN_202323,CUST_733,1,0.3757109401137504,0.038500439193174314,7,6,2,0,1,0,0,2025-08-06 07:31:48,0
TXN_202324,CUST_176,1,0.9836065573770492,0.06370110817546282,1,7,3,0,0,0,1,2025-08-07 01:57:30,0
TXN_202325,CUST_788,0,0.08263633322181331,0.4841983657054916,12,6,2,0,0,0,1,2025-08-06 12:15:16,0
TXN_202326,CUST_538,1,0.18534626965540313,0.012498916311781724,16,19,1,0,0,1,0,2025-08-19 16:18:30,0
TXN_202327,CUST_501,1,0.7126129140180663,0.03193623496339975,16,7,3,0,1,0,0,2025-08-07 16:41:07,0
TXN_202328,CUST_790,1,0.7377049180327868,0.013131905638147836,20,12,1,0,0,0,1,2025-08-12 20:32:08,0
TXN_202329,CUST_384,1,0.570090331214453,0.05702849140912831,12,2,5,0,1,0,0,2025-08-02 12:13:47,0
TXN_202330,CUST_672,1,0.9916359986617598,0.01112802230108826,10,20,2,0,0,0,1,2025-08-20 10:54:32,0
TXN_202331,CUST_662,1,0.5878220140515222,0.46508628466355334,20,24,6,0,1,0,0,2025-08-24 20:49:10,0
TXN_202332,CUST_674,1,0.4730679156908665,0.3871271793411588,21,16,5,0,0,1,0,2025-08-16 21:49:47,0
TXN_202333,CUST_181,1,0.6587487453997992,0.016205925626412005,8,18,0,0,1,0,0,2025-08-18 08:54:01,0
TXN_202334,CUST_295,1,0.28069588491134156,0.014195047932155012,4,2,5,0,1,0,0,2025-08-02 04:03:32,0
TXN_202335,CUST_362,1,0.6784877885580461,0.014779076758139217,7,23,5,0,1,0,0,2025-08-23 07:24:51,0
TXN_202336,CUST_564,0,0.9852793576446972,1.0,17,4,0,1,0,0,0,2025-08-04 17:33:12,0
TXN_202337,CUST_175,1,0.8006022080963533,0.024746035764456484,6,21,3,0,0,1,0,2025-08-21 06:18:47,0
TXN_202338,CUST_131,0,0.6560722649715623,0.8643032104204451,13,14,3,0,0,0,1,2025-08-14 13:38:43,0
TXN_202339,CUST_254,1,0.8424222147875543,0.13708590389074757,4,4,0,0,0,0,1,2025-08-04 04:13:49,0
TXN_202340,CUST_448,1,0.42522582803613246,0.03625175335420519,2,5,1,0,0,0,1,2025-08-05 02:14:05,1
TXN_202341,CUST_400,1,0.09401137504182,0.025641313485725684,12,10,6,0,1,0,0,2025-08-10 12:10:56,0
TXN_202342,CUST_718,0,0.16293074606891936,0.8728153431296999,21,13,2,0,0,0,1,2025-08-13 21:21:30,1
TXN_202343,CUST_734,1,0.8792238206758113,0.7394084711247929,9,17,6,0,0,0,1,2025-08-17 09:45:33,0
TXN_202344,CUST_465,1,0.5433255269320842,0.9158446286082008,20,9,5,0,1,0,0,2025-08-09 20:14:44,0
TXN_202345,CUST_733,1,0.8089662094345935,0.014995901831259102,18,21,3,0,1,0,0,2025-08-21 18:18:35,0
TXN_202346,CUST_627,1,0.5690866510538641,1.0,20,11,0,0,0,0,1,2025-08-11 20:24:03,0
TXN_202347,CUST_615,1,0.03579792572766812,0.05606327011588495,16,11,0,0,0,0,1,2025-08-11 16:03:11,0
TXN_202348,CUST_694,0,0.8849113415858146,0.016457722485518966,12,2,5,0,1,0,0,2025-08-02 12:25:14,1
TXN_202349,CUST_792,1,0.2579458012713282,0.041955651648697634,11,14,3,0,1,0,0,2025-08-14 11:29:40,0
TXN_202350,CUST_360,1,0.43593174974907994,0.049726382495026394,13,25,0,0,0,0,1,2025-08-25 13:51:21,0
TXN_202351,CUST_475,1,0.7755102040816326,0.018524555037355284,12,6,2,0,0,0,1,2025-08-06 12:25:45,0
TXN_202352,CUST_367,0,0.47206423553027765,0.03409049698020376,9,8,4,0,0,0,1,2025-08-08 09:37:07,0
TXN_202353,CUST_242,1,0.5473402475744396,0.11586152697518985,21,10,6,0,1,0,0,2025-08-10 21:41:07,0
TXN_202354,CUST_489,1,0.33422549347607894,0.03377225372772135,14,22,4,0,0,0,1,2025-08-22 14:14:00,0
TXN_202355,CUST_619,0,0.3442622950819672,0.0220671969578463,6,6,2,0,0,0,1,2025-08-06 06:48:34,0
TXN_202356,CUST_401,1,0.6252927400468384,0.021094981307405527,22,2,5,0,1,0,0,2025-08-02 22:36:30,0
TXN_202357,CUST_646,0,0.984610237537638,0.021969275957082483,0,4,0,0,0,1,0,2025-08-04 00:46:28,0
TXN_202358,CUST_134,1,0.007360321177651388,0.044176360058877095,12,23,5,0,0,0,1,2025-08-23 12:20:20,0
TXN_202359,CUST_603,1,0.28772164603546335,0.011439271196373255,14,14,3,0,0,1,0,2025-08-14 14:38:10,0
TXN_202360,CUST_677,1,0.4426229508196721,0.03287347882785344,1,12,1,0,0,0,1,2025-08-12 01:36:57,0
TXN_202361,CUST_322,1,0.775175644028103,0.02867336733080536,2,20,2,1,0,0,0,2025-08-20 02:25:51,0
TXN_202362,CUST_791,1,0.8260287721646036,0.029753995517806074,6,18,0,0,0,0,1,2025-08-18 06:49:19,0
TXN_202363,CUST_266,1,0.33757109401137503,0.06593230812143841,22,10,6,0,0,1,0,2025-08-10 22:37:58,0
TXN_202364,CUST_601,0,0.2308464369354299,0.8704512503969734,5,2,5,0,0,1,0,2025-08-02 05:07:55,0
TXN_202365,CUST_778,1,0.9765807962529274,0.022986954929306455,15,5,1,0,1,0,0,2025-08-05 15:05:13,1
TXN_202366,CUST_291,1,0.21846771495483439,0.01650318580730217,6,16,5,0,1,0,0,2025-08-16 06:49:23,0
TXN_202367,CUST_395,1,0.819672131147541,0.10187630975895731,0,21,3,0,1,0,0,2025-08-21 00:12:53,0
TXN_202368,CUST_462,1,0.423887587822014,0.01851756068015787,15,25,0,0,0,1,0,2025-08-25 15:50:19,0
TXN_202369,CUST_499,1,0.3174974907995985,0.019608680402954708,21,16,5,1,0,0,0,2025-08-16 21:40:23,0
TXN_202370,CUST_489,1,0.2315155570424891,0.014845523151514665,13,12,1,0,1,0,0,2025-08-12 13:30:26,0
TXN_202371,CUST_726,0,0.17397122783539645,0.04284393501276942,5,18,0,0,1,0,0,2025-08-18 05:35:56,0
TXN_202372,CUST_430,1,0.6845098695215791,0.013054967708976264,15,6,2,0,0,1,0,2025-08-06 15:45:37,0
TXN_202373,CUST_634,0,0.25526932084309134,0.0329888857216108,20,18,0,0,0,0,1,2025-08-18 20:24:04,0
TXN_202374,CUST_486,1,0.7249916359986618,0.058525283849375255,3,4,0,1,0,0,0,2025-08-04 03:49:55,0
TXN_202375,CUST_362,1,0.8036132485781198,0.038839665517248975,22,21,3,0,1,0,0,2025-08-21 22:03:15,0
TXN_202376,CUST_715,1,0.6500501840080294,0.2356748657669195,0,15,4,0,0,0,1,2025-08-15 00:05:47,1
TXN_202377,CUST_529,1,0.30946804951488793,0.537754158766103,12,5,1,0,1,0,0,2025-08-05 12:01:06,1
TXN_202378,CUST_691,1,0.4379391100702576,0.008886330819316553,2,24,6,0,0,0,1,2025-08-24 02:55:34,0
TXN_202379,CUST_594,1,0.3148210103713616,0.030985002384551222,0,14,3,0,1,0,0,2025-08-14 00:47:07,0
TXN_202380,CUST_446,1,0.1809969889595182,0.6227041241073145,23,17,6,0,1,0,0,2025-08-17 23:12:20,0
TXN_202381,CUST_667,1,0.6848444295751087,0.040098649812783785,15,17,6,0,0,0,1,2025-08-17 15:10:51,0
TXN_202382,CUST_193,1,0.4021411843425895,0.007977064383652522,11,15,4,0,1,0,0,2025-08-15 11:36:21,0
TXN_202383,CUST_781,1,0.9116761458681834,0.02427391665363093,22,1,4,0,0,0,1,2025-08-01 22:31:59,0
TXN_202384,CUST_463,1,0.04750752760120442,0.02776060371654262,19,8,4,0,1,0,0,2025-08-08 19:44:53,0
TXN_202385,CUST_731,0,0.602542656406825,0.05567858047002709,14,10,6,0,1,0,0,2025-08-10 14:13:07,0
TXN_202386,CUST_620,1,0.3118099698895952,0.8108103665746104,17,20,2,0,1,0,0,2025-08-20 17:19:55,1
TXN_202387,CUST_201,1,0.819672131147541,0.027239524105335155,1,11,0,0,1,0,0,2025-08-11 01:33:08,0
TXN_202388,CUST_760,1,0.5286048845767816,0.08824780475979296,5,17,6,0,1,0,0,2025-08-17 05:53:58,0
TXN_202389,CUST_707,1,0.23017731682837067,0.028708339116792436,12,19,1,0,1,0,0,2025-08-19 12:19:13,0
TXN_202390,CUST_404,0,0.12646370023419204,0.03601044803089435,22,15,4,0,0,0,1,2025-08-15 22:23:38,0
TXN_202391,CUST_225,1,0.5637336901973904,0.7892292774419845,6,14,3,0,0,1,0,2025-08-14 06:54:36,1
TXN_202392,CUST_430,0,0.19371027099364335,0.012946555172416323,21,20,2,0,0,1,0,2025-08-20 21:38:15,0
TXN_202393,CUST_426,1,0.19471395115423218,0.6688249154670731,23,4,0,0,1,0,0,2025-08-04 23:45:10,0
TXN_202394,CUST_714,1,0.6958849113415858,0.021689501669185856,16,7,3,0,0,0,1,2025-08-07 16:59:36,0
TXN_202395,CUST_781,1,0.9913014386082302,0.0485198558784722,3,13,2,0,0,1,0,2025-08-13 03:27:09,0
TXN_202396,CUST_324,1,0.33824021411843425,0.3320780910188991,17,19,1,0,0,0,1,2025-08-19 17:05:16,0
TXN_202397,CUST_465,1,0.8561391769822683,0.05053073357272919,4,25,0,0,0,0,1,2025-08-25 04:44:03,0
TXN_202398,CUST_711,1,0.4857811977249916,0.039623033523359524,14,10,6,0,0,1,0,2025-08-10 14:29:45,0
TXN_202399,CUST_712,1,0.3171629307460689,0.02403261133032009,17,5,1,0,1,0,0,2025-08-05 17:27:20,0
TXN_202400,CUST_310,1,0.3251923720307795,0.08342169829357618,17,11,0,0,1,0,0,2025-08-11 17:36:01,0
TXN_202401,CUST_320,1,0.21579123452659751,0.017737689852646028,16,11,0,0,0,0,1,2025-08-11 16:40:43,0
TXN_202402,CUST_230,0,0.4563399130143861,0.011344847374208145,12,17,6,0,0,0,1,2025-08-17 12:52:35,0
TXN_202403,CUST_714,1,0.31013716962194715,0.375047924461222,9,13,2,0,0,0,1,2025-08-13 09:25:39,1
TXN_202404,CUST_249,1,0.2736701237872198,0.043361517445378174,12,10,6,0,0,0,1,2025-08-10 12:52:29,0
TXN_202405,CUST_707,1,0.6072264971562396,0.034454203554469376,19,9,5,0,1,0,0,2025-08-09 19:47:55,0
TXN_202406,CUST_273,0,0.6952157912345266,0.022256044602176523,12,2,5,0,1,0,0,2025-08-02 12:59:29,0
TXN_202407,CUST_284,1,0.4014720642355303,0.8252921831518594,10,23,5,0,0,1,0,2025-08-23 10:05:01,0
TXN_202408,CUST_683,1,0.41686182669789223,0.08867446054883532,13,22,4,0,0,1,0,2025-08-22 13:48:42,0
TXN_202409,CUST_664,1,0.07594513215122115,0.5332043294091842,22,12,1,0,1,0,0,2025-08-12 22:04:02,1
TXN_202410,CUST_653,1,0.41686182669789223,0.005511553471563514,22,12,1,0,0,0,1,2025-08-12 22:33:33,0
TXN_202411,CUST_546,1,0.28738708598193374,0.01611849616144431,18,14,3,0,1,0,0,2025-08-14 18:42:50,0
TXN_202412,CUST_676,1,0.18701906992305117,0.022941491607523252,16,4,0,1,0,0,0,2025-08-04 16:50:39,0
TXN_202413,CUST_560,1,0.024757443961191034,0.13798467879061546,18,4,0,0,1,0,0,2025-08-04 18:32:09,0
TXN_202414,CUST_186,1,0.7557711609233857,0.01039361479535962,6,7,3,0,0,0,1,2025-08-07 06:24:09,0
TXN_202415,CUST_401,0,0.6463700234192037,0.0013219335103115534,21,8,4,0,1,0,0,2025-08-08 21:44:48,1
TXN_202416,CUST_558,1,0.35764469722315156,0.014814048544126296,3,9,5,0,1,0,0,2025-08-09 03:48:19,0
TXN_202417,CUST_466,1,0.8390766142522582,0.025424488412605802,23,7,3,0,0,0,1,2025-08-07 23:02:18,0
TXN_202418,CUST_107,1,0.10438273670123786,0.02015074308575442,7,14,3,1,0,0,0,2025-08-14 07:18:32,0
TXN_202419,CUST_117,1,0.6370023419203746,0.041119825963606464,10,10,6,0,0,0,1,2025-08-10 10:25:38,0
TXN_202420,CUST_480,1,0.9852793576446972,0.853867629481901,5,19,1,0,1,0,0,2025-08-19 05:50:35,0
TXN_202421,CUST_200,0,0.7313482770157242,0.010131326400456536,14,2,5,1,0,0,0,2025-08-02 14:58:00,0
TXN_202422,CUST_416,1,0.15356306457009034,0.49342042567028405,15,5,1,0,0,1,0,2025-08-05 15:18:16,0
TXN_202423,CUST_497,1,0.4232184677149548,0.01775167856704086,13,16,5,1,0,0,0,2025-08-16 13:32:52,1
TXN_202424,CUST_249,1,0.09869521579123453,0.01662558705825694,21,1,4,0,0,1,0,2025-08-01 21:31:07,0
TXN_202425,CUST_595,1,0.03412512546002008,0.028225728470170762,12,9,5,0,0,0,1,2025-08-09 12:11:48,0
TXN_202426,CUST_688,1,0.1368350618936099,0.005466090149780312,22,14,3,0,0,0,1,2025-08-14 22:27:18,0
TXN_202427,CUST_446,0,0.7116092338574774,0.015093822832022919,22,10,6,0,0,0,1,2025-08-10 22:41:59,0
TXN_202428,CUST_554,0,0.45132151221144196,0.02043751173084846,0,6,2,0,1,0,0,2025-08-06 00:27:27,1
TXN_202429,CUST_691,1,0.8514553362328537,0.05458046639003284,7,6,2,0,1,0,0,2025-08-06 07:37:22,0
TXN_202430,CUST_508,1,0.5276012044161927,0.00585427697423688,18,23,5,0,1,0,0,2025-08-23 18:16:46,0
TXN_202431,CUST_721,0,0.773502843760455,0.013145894352542667,13,18,0,0,1,0,0,2025-08-18 13:58:16,0
TXN_202432,CUST_135,1,0.4894613583138173,0.018332210214426357,13,25,0,0,1,0,0,2025-08-25 13:20:11,0
TXN_202433,CUST_455,1,0.6279692204750753,0.019989872870213858,1,12,1,0,0,0,1,2025-08-12 01:00:28,0
TXN_202434,CUST_479,1,0.9069923051187688,0.35911128158691047,1,2,5,0,0,0,1,2025-08-02 01:53:18,0
TXN_202435,CUST_773,1,0.4496487119437939,0.1295354952961374,13,22,4,0,1,0,0,2025-08-22 13:30:52,0
TXN_202436,CUST_414,1,0.3215122114419538,0.9193907677072906,2,18,0,1,0,0,0,2025-08-18 02:25:25,0
TXN_202437,CUST_653,1,0.046503847440615594,0.024906905979997045,1,4,0,1,0,0,0,2025-08-04 01:41:03,0
TXN_202438,CUST_302,1,0.587152893944463,0.035286532060961835,6,10,6,1,0,0,0,2025-08-10 06:30:16,0
TXN_202439,CUST_213,1,0.876881900301104,0.04199412061328342,6,17,6,1,0,0,0,2025-08-17 06:00:29,1
TXN_202440,CUST_404,0,0.9521579123452659,0.011337853017010732,4,19,1,0,0,0,1,2025-08-19 04:17:35,0
TXN_202441,CUST_634,1,0.5396453663432585,0.01277519342107964,12,20,2,1,0,0,0,2025-08-20 12:06:01,0
TXN_202442,CUST_275,1,0.9371027099364335,0.022112660279629503,23,19,1,0,1,0,0,2025-08-19 23:08:07,1
TXN_202443,CUST_723,1,0.4128471060555369,0.007193696377541972,10,12,1,0,0,0,1,2025-08-12 10:07:28,0
TXN_202444,CUST_516,0,0.6523921043827366,0.01845461146538113,9,15,4,0,1,0,0,2025-08-15 09:01:47,1
TXN_202445,CUST_350,1,0.2890598862495818,0.05117421443489143,15,14,3,0,0,0,1,2025-08-14 15:18:33,0
TXN_202446,CUST_647,1,0.28772164603546335,0.730801914593373,8,8,4,1,0,0,0,2025-08-08 08:17:29,0
TXN_202447,CUST_565,1,0.20173971227835397,0.9281197254896653,10,19,1,0,1,0,0,2025-08-19 10:49:25,1
TXN_202448,CUST_144,1,0.17832050853128137,0.048586302271847646,23,11,0,0,0,0,1,2025-08-11 23:26:34,0
TXN_202449,CUST_729,1,0.29508196721311475,0.017150163848063116,5,14,3,0,0,0,1,2025-08-14 05:50:03,1
TXN_202450,CUST_671,1,0.9675476748076279,0.03748276022095034,12,17,6,0,1,0,0,2025-08-17 12:43:09,0
TXN_202451,CUST_211,1,0.9387755102040816,0.4975366048809632,14,11,0,0,1,0,0,2025-08-11 14:13:25,0
TXN_202452,CUST_281,1,0.8009367681498829,0.062018965269484354,20,22,4,0,0,0,1,2025-08-22 20:06:23,0
TXN_202453,CUST_656,1,0.5373034459685513,0.06436906928781601,18,17,6,0,0,0,1,2025-08-17 18:39:18,0
TXN_202454,CUST_288,1,0.1451990632318501,0.7907015896320404,15,16,5,0,1,0,0,2025-08-16 15:09:41,0
TXN_202455,CUST_564,0,0.16627634660421545,0.05086646271820514,0,12,1,0,0,1,0,2025-08-12 00:45:18,0
TXN_202456,CUST_187,1,0.43994647039143525,0.033240682580717766,3,12,1,0,0,0,1,2025-08-12 03:08:09,0
TXN_202457,CUST_507,1,0.4810973569755771,0.13039230405282082,1,23,5,1,0,0,0,2025-08-23 01:59:13,0
TXN_202458,CUST_126,1,0.8972900635664102,0.017024265418509633,13,20,2,0,0,0,1,2025-08-20 13:46:08,0
TXN_202459,CUST_774,1,0.1445299431247909,1.0,17,8,4,0,1,0,0,2025-08-08 17:40:00,0
TXN_202460,CUST_468,1,0.47273335563733687,0.0036860262430380352,15,10,6,0,1,0,0,2025-08-10 15:02:32,0
TXN_202461,CUST_799,1,0.7420541987286717,0.14559803660000237,20,10,6,0,0,0,1,2025-08-10 20:09:06,0
TXN_202462,CUST_533,1,0.5075276012044162,0.06738014006130344,15,2,5,1,0,0,0,2025-08-02 15:25:56,0
TXN_202463,CUST_782,1,0.013716962194713949,0.02617987898992669,22,13,2,0,0,0,1,2025-08-13 22:02:58,0
TXN_202464,CUST_260,1,0.20240883238541318,0.7317216725648331,2,21,3,0,0,0,1,2025-08-21 02:47:47,0
TXN_202465,CUST_589,1,0.671796587487454,0.3040691876218482,14,5,1,0,0,1,0,2025-08-05 14:51:22,0
TXN_202466,CUST_229,1,0.6199397791903647,0.037717071187063765,13,2,5,0,0,0,1,2025-08-02 13:49:23,0
TXN_202467,CUST_188,0,0.17330210772833723,0.03714703107547439,20,4,0,1,0,0,0,2025-08-04 20:40:18,0
TXN_202468,CUST_610,1,0.40849782535965207,0.015961123124502458,17,18,0,0,1,0,0,2025-08-18 17:48:01,0
TXN_202469,CUST_516,1,0.03646704583472733,0.6323633313969454,5,24,6,0,0,1,0,2025-08-24 05:56:23,0
TXN_202470,CUST_468,1,0.007025761124121779,0.03491932830809751,17,15,4,1,0,0,0,2025-08-15 17:29:02,0
TXN_202471,CUST_182,1,0.4633656741385078,0.048250573126371696,15,7,3,0,1,0,0,2025-08-07 15:38:54,0
TXN_202472,CUST_724,0,0.38541318166610905,0.02585813855884557,14,4,0,0,0,0,1,2025-08-04 14:15:44,0
TXN_202473,CUST_425,1,0.399130143860823,0.41386310972828,13,25,0,0,0,0,1,2025-08-25 13:46:44,0
TXN_202474,CUST_711,1,0.516226162596186,0.07590276430635438,14,3,6,0,1,0,0,2025-08-03 14:51:44,0
TXN_202475,CUST_433,1,0.5664101706256273,0.011124525122489553,16,15,4,0,1,0,0,2025-08-15 16:05:31,0
TXN_202476,CUST_792,1,0.7213114754098361,0.909570690202119,10,18,0,0,1,0,0,2025-08-18 10:43:55,0
TXN_202477,CUST_645,1,0.6467045834727333,0.004745671358446502,17,12,1,0,1,0,0,2025-08-12 17:05:54,0
TXN_202478,CUST_187,0,0.9447975911676145,0.04202209804207308,10,20,2,0,1,0,0,2025-08-20 10:46:24,1
TXN_202479,CUST_682,1,0.27634660421545665,0.02916996669182187,5,19,1,0,0,0,1,2025-08-19 05:16:57,0
TXN_202480,CUST_201,1,0.445299431247909,0.030117702092071687,13,1,4,0,0,0,1,2025-08-01 13:52:38,0
TXN_202481,CUST_520,1,0.2609568417530947,0.06312057652807733,17,2,5,0,1,0,0,2025-08-02 17:42:15,0
TXN_202482,CUST_774,1,0.11676145868183338,0.023934690329556273,13,7,3,0,0,1,0,2025-08-07 13:29:17,0
TXN_202483,CUST_740,1,0.12211441953830712,0.03279304372008316,6,4,0,1,0,0,0,2025-08-04 06:03:55,0
TXN_202484,CUST_289,1,0.9314151890264302,0.044316247202825405,5,11,0,0,1,0,0,2025-08-11 05:47:01,0
TXN_202485,CUST_259,1,0.9521579123452659,0.033114784151164284,10,17,6,1,0,0,0,2025-08-17 10:56:58,0
TXN_202486,CUST_381,1,0.48310471729675475,0.006648136516143553,0,25,0,0,0,0,1,2025-08-25 00:40:39,0
TXN_202487,CUST_765,1,0.28805620608899296,0.005934712082007159,7,9,5,0,0,0,1,2025-08-09 07:43:38,0
TXN_202488,CUST_260,1,0.41217798594847777,0.043123709300666044,6,22,4,0,1,0,0,2025-08-22 06:22:50,0
TXN_202489,CUST_750,1,0.18200066912010704,0.03872076144489291,14,7,3,0,1,0,0,2025-08-07 14:18:26,0
TXN_202490,CUST_510,1,0.11876881900301103,0.027284987427118358,21,23,5,0,1,0,0,2025-08-23 21:58:48,0
TXN_202491,CUST_215,1,0.8909334225493476,0.016377287377748687,2,14,3,0,1,0,0,2025-08-14 02:13:22,0
TXN_202492,CUST_477,1,0.6831716293074607,0.022476366853895115,11,6,2,1,0,0,0,2025-08-06 11:22:09,0
TXN_202493,CUST_339,1,0.2535965205754433,0.031397669459198745,18,25,0,0,0,1,0,2025-08-25 18:16:29,0
TXN_202494,CUST_213,0,0.320508531281365,0.014849020330113375,8,8,4,0,1,0,0,2025-08-08 08:36:34,0
TXN_202495,CUST_741,1,0.4703914352626296,0.023738848328028635,15,6,2,0,0,0,1,2025-08-06 15:48:53,0
TXN_202496,CUST_670,0,0.5265975242556039,0.6157622245888795,5,23,5,0,1,0,0,2025-08-23 05:44:50,1
TXN_202497,CUST_392,0,0.7644697223151555,0.05591988579333793,0,25,0,0,0,0,1,2025-08-25 00:08:15,0
TXN_202498,CUST_663,1,0.9240548678487789,0.029820441911181522,23,22,4,0,0,0,1,2025-08-22 23:51:25,0
TXN_202499,CUST_266,1,0.1338240214118434,0.017951017747167203,17,19,1,0,0,0,1,2025-08-19 17:09:47,0
TXN_202500,CUST_376,0,0.45031783205085313,0.09116095453251657,11,18,0,0,0,0,1,2025-08-18 11:26:54,1
TXN_202501,CUST_691,1,0.7293409166945467,0.0789068407226444,22,13,2,0,0,0,1,2025-08-13 22:31:44,0
TXN_202502,CUST_348,1,0.8517898962863834,0.9562999906380528,11,6,2,0,0,0,1,2025-08-06 11:48:03,0
TXN_202503,CUST_199,1,0.13047842087654735,0.024732047050061653,19,10,6,0,0,0,1,2025-08-10 19:49:56,0
TXN_202504,CUST_254,0,0.19437939110070257,0.07088081583860996,18,14,3,0,0,0,1,2025-08-14 18:44:20,0
TXN_202505,CUST_587,1,0.7413850786216125,0.25138069485371634,19,7,3,0,0,0,1,2025-08-07 19:42:03,1
TXN_202506,CUST_160,1,0.947808631649381,1.0,3,22,4,0,0,0,1,2025-08-22 03:30:23,0
TXN_202507,CUST_397,1,0.8484442957510873,0.09355302469403272,7,1,4,0,0,0,1,2025-08-01 07:44:10,0
TXN_202508,CUST_443,0,0.47607895617263296,0.030016283912709156,5,3,6,0,1,0,0,2025-08-03 05:55:37,0
TXN_202509,CUST_529,1,0.07561057209769154,0.01009285743587075,5,20,2,0,0,0,1,2025-08-20 05:20:37,0
TXN_202510,CUST_504,0,0.2569421211107394,0.02392419879376015,6,23,5,0,0,0,1,2025-08-23 06:19:23,0
TXN_202511,CUST_686,1,0.9722315155570425,0.021087986950208113,5,6,2,0,1,0,0,2025-08-06 05:40:42,0
TXN_202512,CUST_186,0,0.1214452994312479,0.01347812631941991,12,24,6,0,0,0,1,2025-08-24 12:38:07,0
TXN_202513,CUST_426,1,0.7450652392104382,0.009921495684534067,5,7,3,0,1,0,0,2025-08-07 05:28:06,0
TXN_202514,CUST_369,1,0.4700568752091,0.01653815759328925,16,4,0,0,0,0,1,2025-08-04 16:56:00,0
TXN_202515,CUST_164,1,0.5951823352291736,0.6862863282104212,22,19,1,1,0,0,0,2025-08-19 22:06:11,0
TXN_202516,CUST_152,1,0.35362997658079626,0.02593857366661585,22,14,3,0,1,0,0,2025-08-14 22:07:51,0
TXN_202517,CUST_564,0,0.7604550016728002,0.33168990419444255,13,19,1,1,0,0,0,2025-08-19 13:05:11,0
TXN_202518,CUST_466,1,0.8574774171963867,0.025001329802162155,19,1,4,0,0,1,0,2025-08-01 19:51:58,0
TXN_202519,CUST_679,1,0.5784543325526932,0.008344268136516841,2,9,5,1,0,0,0,2025-08-09 02:11:00,0
TXN_202520,CUST_716,1,0.03713616594178655,0.011218948944654663,11,24,6,0,0,1,0,2025-08-24 11:31:31,0
TXN_202521,CUST_379,1,0.15356306457009034,0.00903321232046228,18,15,4,0,0,0,1,2025-08-15 18:16:23,0
TXN_202522,CUST_327,1,0.5583807293409166,0.9844312952860584,9,13,2,0,1,0,0,2025-08-13 09:13:52,0
TXN_202523,CUST_749,1,0.3522917363666778,0.07896978993742114,6,5,1,0,0,0,1,2025-08-05 06:04:09,0
TXN_202524,CUST_154,1,0.03579792572766812,0.010683880619052368,11,13,2,0,1,0,0,2025-08-13 11:12:31,0
TXN_202525,CUST_501,1,0.6728002676480428,0.8301182896180762,11,20,2,0,1,0,0,2025-08-20 11:55:08,0
TXN_202526,CUST_185,1,0.23419203747072598,0.1307979767702709,5,25,0,0,0,0,1,2025-08-25 05:03:47,0
TXN_202527,CUST_568,1,0.21646035463365673,0.013439657354834125,2,10,6,0,0,1,0,2025-08-10 02:38:50,0
TXN_202528,CUST_203,1,0.5597189695550351,0.06800263785187344,3,8,4,0,1,0,0,2025-08-08 03:12:20,0
TXN_202529,CUST_599,1,0.19705587152893944,0.6601798899710675,3,9,5,1,0,0,0,2025-08-09 03:37:26,0
TXN_202530,CUST_671,1,0.7293409166945467,0.0333910612604622,5,15,4,0,0,0,1,2025-08-15 05:42:28,0
TXN_202531,CUST_298,1,0.8651722984275677,0.022861056499752973,18,21,3,0,1,0,0,2025-08-21 18:10:35,0
TXN_202532,CUST_306,1,0.7223151555704249,0.02834113536392812,14,24,6,0,0,0,1,2025-08-24 14:25:33,0
TXN_202533,CUST_155,1,0.9979926396788223,0.39007180372127076,17,12,1,0,1,0,0,2025-08-12 17:15:53,0
TXN_202534,CUST_155,0,0.6557377049180327,0.026770902173108308,22,17,6,0,0,1,0,2025-08-17 22:04:49,0
TXN_202535,CUST_457,0,0.2709936433589829,0.033786242442116185,1,9,5,0,1,0,0,2025-08-09 01:51:42,0
TXN_202536,CUST_620,1,0.42054198728671793,0.019066617720154996,7,8,4,0,1,0,0,2025-08-08 07:20:48,0
TXN_202537,CUST_332,1,0.9815991970558715,0.010641914475867875,3,15,4,1,0,0,0,2025-08-15 03:11:24,0
TXN_202538,CUST_724,1,0.4821010371361659,0.17651659259117816,17,23,5,0,0,0,1,2025-08-23 17:27:24,1
TXN_202539,CUST_370,1,0.0705921712947474,0.023994142365734304,13,25,0,1,0,0,0,2025-08-25 13:14:01,0
TXN_202540,CUST_550,1,0.3676814988290398,0.451146530769104,3,16,5,0,1,0,0,2025-08-16 03:51:59,1
TXN_202541,CUST_788,1,0.05955168952827033,0.0744374464734958,19,8,4,0,1,0,0,2025-08-08 19:39:28,0
TXN_202542,CUST_210,1,0.12211441953830712,0.7085248869196042,11,2,5,0,0,1,0,2025-08-02 11:27:35,0
TXN_202543,CUST_783,1,0.3245232519237203,0.039168400305527505,21,5,1,0,1,0,0,2025-08-05 21:44:51,0
TXN_202544,CUST_236,1,0.25526932084309134,0.20670074107662528,18,1,4,0,0,1,0,2025-08-01 18:22:45,0
TXN_202545,CUST_691,0,0.33522917363666777,0.06750603849085693,9,14,3,0,1,0,0,2025-08-14 09:02:36,1
TXN_202546,CUST_291,1,0.4095015055202409,0.04006717520539541,14,23,5,0,1,0,0,2025-08-23 14:39:13,0
TXN_202547,CUST_757,1,0.5339578454332553,0.012817159564264134,0,12,1,0,0,0,1,2025-08-12 00:24:49,0
TXN_202548,CUST_256,1,0.18333890933422547,0.008536612959445772,12,21,3,0,1,0,0,2025-08-21 12:56:28,0
TXN_202549,CUST_383,0,0.4563399130143861,0.02809983004061728,22,2,5,0,0,0,1,2025-08-02 22:01:36,1
TXN_202550,CUST_618,1,0.3369019739043158,0.01402368618081833,21,21,3,0,0,1,0,2025-08-21 21:28:58,0
TXN_202551,CUST_157,1,0.8380729340916694,0.03834656333483117,19,7,3,1,0,0,0,2025-08-07 19:13:33,0
TXN_202552,CUST_124,1,0.19371027099364335,0.09091265485200832,3,16,5,0,1,0,0,2025-08-16 03:47:15,0
TXN_202553,CUST_162,1,0.43292070926731346,0.027994914682656045,5,22,4,0,0,1,0,2025-08-22 05:43:24,0
TXN_202554,CUST_332,1,0.8628303780528604,0.03200617853537391,20,1,4,0,0,0,1,2025-08-01 20:49:14,0
TXN_202555,CUST_405,1,0.1211107393777183,0.022542813247270563,5,22,4,0,1,0,0,2025-08-22 05:24:46,0
TXN_202556,CUST_217,1,0.8153228504516561,0.02633725202686854,11,13,2,0,0,0,1,2025-08-13 11:22:08,0
TXN_202557,CUST_163,1,0.09969889595182335,0.4378817323442053,7,3,6,0,1,0,0,2025-08-03 07:28:46,0
TXN_202558,CUST_512,0,0.09836065573770492,0.02030811612269627,11,11,0,0,1,0,0,2025-08-11 11:55:56,1
TXN_202559,CUST_439,1,0.7838742054198728,0.05593737168633147,12,16,5,0,0,0,1,2025-08-16 12:01:21,0
TXN_202560,CUST_688,1,0.09200401472064235,0.02361994425567257,13,10,6,0,0,0,1,2025-08-10 13:52:56,0
TXN_202561,CUST_158,1,0.6005352960856474,0.05542678361092013,9,17,6,0,1,0,0,2025-08-17 09:29:30,0
TXN_202562,CUST_634,1,0.5242556038808966,0.016723508059020762,19,11,0,0,1,0,0,2025-08-11 19:26:32,0
TXN_202563,CUST_453,1,0.625627300100368,0.01089021415637613,5,15,4,0,1,0,0,2025-08-15 05:48:10,0
TXN_202564,CUST_408,1,0.8762127801940448,0.015698834729599372,21,8,4,0,1,0,0,2025-08-08 21:33:25,0
TXN_202565,CUST_752,1,0.4422883907661425,0.00538915222060874,7,18,0,0,0,1,0,2025-08-18 07:47:00,0
TXN_202566,CUST_775,1,0.73502843760455,0.20935859681164323,22,11,0,0,0,0,1,2025-08-11 22:47:56,0
TXN_202567,CUST_365,1,0.5941786550685848,0.06005704807560928,8,16,5,0,0,0,1,2025-08-16 08:31:16,0
TXN_202568,CUST_555,1,0.060220809635329546,0.4932735441691383,22,10,6,0,0,0,1,2025-08-10 22:47:10,0
TXN_202569,CUST_192,1,0.9541652726664436,0.006501255014997824,0,11,0,0,0,0,1,2025-08-11 00:18:03,0
TXN_202570,CUST_587,1,0.9287387085981933,0.024252933582038682,9,25,0,0,1,0,0,2025-08-25 09:52:04,0
TXN_202571,CUST_155,1,0.014386082301773167,0.19118026245556002,18,11,0,0,0,0,1,2025-08-11 18:26:44,0
TXN_202572,CUST_438,1,0.5449983271997323,0.0346010850556151,8,22,4,0,0,0,1,2025-08-22 08:56:09,0
TXN_202573,CUST_251,1,0.3479424556707929,0.008865347747724305,17,25,0,0,0,1,0,2025-08-25 17:55:09,0
TXN_202574,CUST_151,1,0.22348611575777852,0.01859799578792815,18,1,4,0,1,0,0,2025-08-01 18:06:16,0
TXN_202575,CUST_386,0,0.5342924054867849,0.032044647499959694,8,14,3,0,1,0,0,2025-08-14 08:39:49,0
TXN_202576,CUST_755,0,0.8721980595516895,0.416807734108392,0,11,0,0,1,0,0,2025-08-11 00:11:24,1
TXN_202577,CUST_713,1,0.11174305787888926,0.035185113881599304,23,15,4,0,1,0,0,2025-08-15 23:54:39,1
TXN_202578,CUST_438,1,0.4024757443961191,0.6139262058245579,17,21,3,0,0,1,0,2025-08-21 17:19:50,0
TXN_202579,CUST_637,1,0.6249581799933088,0.014376901219287818,0,12,1,0,0,0,1,2025-08-12 00:10:47,0
TXN_202580,CUST_285,1,0.9963198394111743,0.08015183630378438,17,18,0,0,0,1,0,2025-08-18 17:21:05,0
TXN_202581,CUST_570,1,0.15155570424891268,0.05094689782597542,16,10,6,0,0,0,1,2025-08-10 16:22:08,0
TXN_202582,CUST_485,1,0.8173302107728337,0.01678995445239621,5,21,3,0,1,0,0,2025-08-21 05:50:41,0
TXN_202583,CUST_150,1,0.08096353295416527,0.07011143654689424,7,13,2,0,0,1,0,2025-08-13 07:57:57,0
TXN_202584,CUST_772,0,0.2656406825025092,0.02200774492166827,6,4,0,0,0,1,0,2025-08-04 06:08:08,0
TXN_202585,CUST_439,1,0.5751087320173971,0.038381535120818246,10,23,5,0,0,0,1,2025-08-23 10:14:41,0
TXN_202586,CUST_268,1,0.4335898293743727,0.019559719902572797,15,9,5,0,0,1,0,2025-08-09 15:08:48,0
TXN_202587,CUST_619,1,0.19805955168952827,0.07294415121184757,23,4,0,1,0,0,0,2025-08-04 23:39:08,0
TXN_202588,CUST_311,1,0.20709267313482768,0.00794558977626415,0,25,0,0,1,0,0,2025-08-25 00:29:57,0
TXN_202589,CUST_621,1,0.4657075945132151,0.02615889591833444,6,8,4,0,0,0,1,2025-08-08 06:49:57,0
TXN_202590,CUST_670,1,0.15523586483773838,0.4618304113881564,6,8,4,0,0,0,1,2025-08-08 06:39:09,0
TXN_202591,CUST_265,1,0.06992305118768818,0.06765991434920007,17,12,1,0,1,0,0,2025-08-12 17:53:42,0
TXN_202592,CUST_368,1,0.9685513549682168,0.03209710517894031,2,19,1,1,0,0,0,2025-08-19 02:51:28,0
TXN_202593,CUST_500,1,0.06925393108062897,0.024375334832993457,17,3,6,0,0,0,1,2025-08-03 17:08:27,0
TXN_202594,CUST_123,1,0.38976246236199397,0.013757900607316537,18,2,5,0,1,0,0,2025-08-02 18:40:19,0
TXN_202595,CUST_495,0,0.6627634660421545,0.007246154056522589,19,18,0,0,0,1,0,2025-08-18 19:43:17,0
TXN_202596,CUST_198,1,0.9722315155570425,0.019070114898753703,17,13,2,0,0,0,1,2025-08-13 17:27:39,0
TXN_202597,CUST_625,1,0.11809969889595182,0.08507936094936368,20,24,6,0,1,0,0,2025-08-24 20:56:23,0
TXN_202598,CUST_300,1,0.579458012713282,1.0,10,7,3,0,0,0,1,2025-08-07 10:20:32,0
TXN_202599,CUST_403,1,0.3519571763131482,0.009564783467465868,6,5,1,0,1,0,0,2025-08-05 06:15:12,0
TXN_202600,CUST_526,1,0.09334225493476078,0.055877919650153436,13,20,2,0,0,1,0,2025-08-20 13:42:50,0
TXN_202601,CUST_349,1,0.710270993643359,0.04595292678702066,13,7,3,0,0,1,0,2025-08-07 13:08:33,0
TXN_202602,CUST_618,0,0.9688859150217464,0.02478800190764098,8,22,4,0,1,0,0,2025-08-22 08:05:02,0
TXN_202603,CUST_603,0,0.4496487119437939,0.4164859936773109,21,17,6,0,1,0,0,2025-08-17 21:07:01,0
TXN_202604,CUST_426,1,0.6500501840080294,0.028232722827368176,7,6,2,0,0,0,1,2025-08-06 07:00:37,0
TXN_202605,CUST_657,1,0.7540983606557377,0.05377261813373133,15,4,0,0,0,0,1,2025-08-04 15:24:13,0
TXN_202606,CUST_199,1,0.41150886584141855,0.010502027331919562,7,11,0,0,0,0,1,2025-08-11 07:09:21,0
TXN_202607,CUST_744,1,0.9832719973235196,0.4162971460329807,14,3,6,0,0,1,0,2025-08-03 14:41:08,0
TXN_202608,CUST_231,1,0.6276346604215457,0.010103348971666874,17,12,1,0,0,0,1,2025-08-12 17:31:58,0
TXN_202609,CUST_708,1,0.8658414185346269,0.03848645047877948,3,23,5,0,0,1,0,2025-08-23 03:55:42,0
TXN_202610,CUST_730,0,0.7380394780863164,0.0075574029518075845,16,7,3,0,0,0,1,2025-08-07 16:19:58,1
TXN_202611,CUST_762,1,0.7246570759451322,0.03831858590604151,1,3,6,0,0,0,1,2025-08-03 01:57:04,0
TXN_202612,CUST_145,1,0.6988959518233523,0.0276172193939956,12,6,2,1,0,0,0,2025-08-06 12:09:35,0
TXN_202613,CUST_516,1,0.7002341920374707,0.017804136246021476,8,20,2,0,1,0,0,2025-08-20 08:40:34,0
TXN_202614,CUST_344,1,0.90598862495818,0.024756527300252608,17,8,4,0,1,0,0,2025-08-08 17:59:27,0
TXN_202615,CUST_239,1,0.7691535630645701,0.008060996670021508,13,22,4,0,1,0,0,2025-08-22 13:56:34,0
TXN_202616,CUST_255,1,0.540983606557377,0.05667877354925753,0,13,2,0,0,0,1,2025-08-13 00:27:00,0
TXN_202617,CUST_363,1,0.38106390097022413,0.029334334085961138,5,2,5,0,1,0,0,2025-08-02 05:10:32,0
TXN_202618,CUST_506,1,0.9247239879558381,0.2294883568258054,16,24,6,0,0,1,0,2025-08-24 16:51:26,0
TXN_202619,CUST_338,0,0.788892606222817,0.029128000548637373,10,3,6,0,1,0,0,2025-08-03 10:38:02,0
TXN_202620,CUST_116,1,0.9986617597858816,0.12562564962278205,18,21,3,0,0,0,1,2025-08-21 18:53:47,0
TXN_202621,CUST_793,1,0.5413181666109066,0.04157445918143848,14,12,1,0,1,0,0,2025-08-12 14:58:40,0
TXN_202622,CUST_157,1,0.12445633991301439,0.6935114991953516,11,9,5,0,1,0,0,2025-08-09 11:49:11,0
TXN_202623,CUST_516,1,0.1137504182000669,0.018381170714808263,5,7,3,0,1,0,0,2025-08-07 05:15:56,0
TXN_202624,CUST_170,1,0.7664770826363332,0.010634920118670458,2,6,2,0,0,0,1,2025-08-06 02:44:13,0
TXN_202625,CUST_313,1,0.1716293074606892,0.036356668712166425,9,9,5,0,0,0,1,2025-08-09 09:13:50,0
TXN_202626,CUST_149,1,0.3546336567413851,0.024473255833757274,20,9,5,0,1,0,0,2025-08-09 20:09:01,1
TXN_202627,CUST_540,1,0.5005018400802944,0.0202311781935247,15,12,1,0,1,0,0,2025-08-12 15:34:25,0
TXN_202628,CUST_289,1,0.7557711609233857,0.047628075335801705,7,24,6,0,1,0,0,2025-08-24 07:51:31,0
TXN_202629,CUST_426,1,0.7413850786216125,0.014765088043744386,22,16,5,0,1,0,0,2025-08-16 22:53:04,0
TXN_202630,CUST_258,1,0.0274339243894279,0.029568645052074558,11,20,2,0,1,0,0,2025-08-20 11:01:30,0
TXN_202631,CUST_795,1,0.6186015389762463,0.03163198042531217,23,25,0,0,1,0,0,2025-08-25 23:54:05,0
TXN_202632,CUST_151,1,0.1686182669789227,0.040878520640295624,14,8,4,0,0,0,1,2025-08-08 14:11:17,0
TXN_202633,CUST_359,0,0.21244563399130142,0.08285165818198681,20,6,2,0,1,0,0,2025-08-06 20:08:51,0
TXN_202634,CUST_121,1,0.5500167280026764,0.029330836907362427,2,1,4,0,1,0,0,2025-08-01 02:49:01,0
TXN_202635,CUST_541,0,0.1254600200736032,0.5320432661144131,23,24,6,0,0,1,0,2025-08-24 23:36:19,0
TXN_202636,CUST_218,1,0.43258614921378385,0.7797868952254733,16,2,5,0,0,0,1,2025-08-02 16:03:49,0
TXN_202637,CUST_597,1,0.9531615925058547,0.9859490707978976,8,12,1,0,0,0,1,2025-08-12 08:55:34,1
TXN_202638,CUST_732,1,0.3506189360990298,0.019335900472255498,0,20,2,0,0,1,0,2025-08-20 00:05:42,0
TXN_202639,CUST_244,1,0.2345265975242556,0.8424633300715147,8,7,3,0,1,0,0,2025-08-07 08:49:10,1
TXN_202640,CUST_269,1,0.978588156574105,0.01127140662363528,16,6,2,0,1,0,0,2025-08-06 16:02:07,0
TXN_202641,CUST_731,1,0.664101706256273,0.011771503163250499,10,17,6,0,1,0,0,2025-08-17 10:09:57,0
TXN_202642,CUST_698,1,0.04884576781532285,0.01464618397138832,17,19,1,0,1,0,0,2025-08-19 17:12:51,0
TXN_202643,CUST_646,1,0.10739377718300434,0.053279515951313534,19,6,2,0,0,0,1,2025-08-06 19:21:11,1
TXN_202644,CUST_428,1,0.9534961525593844,0.08187594535294733,5,7,3,0,0,1,0,2025-08-07 05:40:37,0
TXN_202645,CUST_349,1,0.17631314821010372,1.0,5,22,4,0,1,0,0,2025-08-22 05:50:07,1
TXN_202646,CUST_504,1,0.5135496821679492,0.010110343328864287,9,19,1,0,0,0,1,2025-08-19 09:33:53,0
TXN_202647,CUST_726,1,0.82903981264637,0.005105880754113406,22,17,6,0,0,0,1,2025-08-17 22:12:59,1
TXN_202648,CUST_321,1,0.06523921043827366,0.44464177857550746,14,1,4,0,0,0,1,2025-08-01 14:45:47,0
TXN_202649,CUST_284,1,0.4014720642355303,0.030782166025826167,20,23,5,0,0,1,0,2025-08-23 20:09:02,0
TXN_202650,CUST_575,1,0.7571094011375041,0.021259348701544795,21,23,5,0,0,1,0,2025-08-23 21:52:21,0
TXN_202651,CUST_655,1,0.2228169956507193,0.3570374546778768,4,11,0,0,0,0,1,2025-08-11 04:19:05,0
TXN_202652,CUST_764,1,0.8022750083640013,0.1365648242795401,12,25,0,0,0,0,1,2025-08-25 12:46:00,0
TXN_202653,CUST_305,1,0.3017731682837069,0.04853034741426832,16,4,0,0,1,0,0,2025-08-04 16:23:46,0
TXN_202654,CUST_158,0,0.7929073268651723,0.010239738937016477,5,22,4,0,0,1,0,2025-08-22 05:52:12,1
TXN_202655,CUST_414,0,0.6711274673803947,0.4529615664618334,19,24,6,0,0,1,0,2025-08-24 19:50:58,1
TXN_202656,CUST_358,1,0.5644028103044496,0.01085873954898776,2,23,5,0,0,0,1,2025-08-23 02:20:11,0
TXN_202657,CUST_579,1,0.7862161257945801,0.433181524307542,12,2,5,0,0,1,0,2025-08-02 12:04:09,0
TXN_202658,CUST_566,1,0.5680829708932753,0.03820667619088286,1,5,1,0,0,0,1,2025-08-05 01:51:42,0
TXN_202659,CUST_565,1,0.4483104717296755,0.019129566934931737,6,17,6,0,0,0,1,2025-08-17 06:29:18,0
TXN_202660,CUST_688,1,0.8417530946804951,0.01947578761620381,21,1,4,1,0,0,0,2025-08-01 21:13:51,0
TXN_202661,CUST_560,1,0.33422549347607894,0.028274688970552665,1,12,1,0,1,0,0,2025-08-12 01:20:26,0
TXN_202662,CUST_776,1,0.33489461358313816,0.07593773609234146,23,10,6,0,1,0,0,2025-08-10 23:45:45,0
TXN_202663,CUST_298,0,0.9943124790899966,0.01876935753926483,10,24,6,0,0,1,0,2025-08-24 10:54:23,0
TXN_202664,CUST_282,1,0.06122448979591837,0.009970456184915974,23,21,3,0,1,0,0,2025-08-21 23:35:57,0
TXN_202665,CUST_651,1,0.16761458681833388,0.17345656131730883,7,16,5,0,0,1,0,2025-08-16 07:39:54,0
TXN_202666,CUST_616,1,0.5493476078956172,0.30533866345317917,4,1,4,0,0,0,1,2025-08-01 04:26:26,0
TXN_202667,CUST_237,0,0.8959518233522917,0.012589842955348127,1,5,1,0,0,0,1,2025-08-05 01:13:43,0
TXN_202668,CUST_459,1,0.3091334894613583,0.008305799171931055,23,18,0,1,0,0,0,2025-08-18 23:22:44,0
TXN_202669,CUST_776,1,0.7781866845098695,0.027652191179982674,16,3,6,0,0,1,0,2025-08-03 16:56:36,0
TXN_202670,CUST_495,0,0.5480093676814988,0.05863019920733649,1,25,0,1,0,0,0,2025-08-25 01:09:32,0
TXN_202671,CUST_365,1,0.23686851789896285,0.023399622003953978,18,21,3,0,0,0,1,2025-08-21 18:37:03,0
TXN_202672,CUST_215,0,0.8778855804616928,0.9344601102891225,14,5,1,0,0,0,1,2025-08-05 14:40:40,1
TXN_202673,CUST_407,0,0.8491134158581465,0.043221630301429864,10,22,4,0,0,0,1,2025-08-22 10:34:37,0
TXN_202674,CUST_695,1,0.6845098695215791,0.049866269638974704,16,17,6,0,0,1,0,2025-08-17 16:49:03,0
TXN_202675,CUST_444,1,0.8093007694881231,0.030897572919583526,22,9,5,0,0,0,1,2025-08-09 22:06:41,0
TXN_202676,CUST_492,1,0.6754767480762797,0.06098380040426684,23,11,0,0,0,0,1,2025-08-11 23:18:53,0
TXN_202677,CUST_597,1,0.6825025092004015,0.020990065949444293,15,6,2,0,1,0,0,2025-08-06 15:08:53,0
TXN_202678,CUST_357,1,0.9979926396788223,0.09002437148793653,23,18,0,0,1,0,0,2025-08-18 23:39:27,0
TXN_202679,CUST_515,0,0.5406490465038474,0.02283307907096331,20,25,0,0,0,0,1,2025-08-25 20:02:15,0
TXN_202680,CUST_543,1,0.4158581465373034,0.01725158202742564,22,17,6,0,0,0,1,2025-08-17 22:19:56,0
TXN_202681,CUST_395,0,0.7842087654734025,0.6698705718680867,1,5,1,0,0,1,0,2025-08-05 01:52:10,0
TXN_202682,CUST_781,1,0.042154566744730684,0.021511145560651757,4,16,5,0,0,0,1,2025-08-16 04:01:22,0
TXN_202683,CUST_248,1,0.7908999665439946,0.019489776330598643,13,14,3,0,0,0,1,2025-08-14 13:28:34,0
TXN_202684,CUST_672,1,0.19638675142188022,1.0,23,2,5,0,1,0,0,2025-08-02 23:45:42,0
TXN_202685,CUST_405,1,0.17731682837069254,0.7506309172480463,18,21,3,0,1,0,0,2025-08-21 18:58:53,0
TXN_202686,CUST_278,1,0.941786550685848,0.03574116527879385,19,7,3,0,1,0,0,2025-08-07 19:19:35,0
TXN_202687,CUST_503,0,0.7741719638675142,0.056472440011933765,12,6,2,0,0,0,1,2025-08-06 12:59:03,0
TXN_202688,CUST_371,1,0.5844764135162261,0.019115578220536906,19,6,2,0,0,0,1,2025-08-06 19:09:39,0
TXN_202689,CUST_235,0,0.7303445968551355,0.019066617720154996,18,18,0,0,1,0,0,2025-08-18 18:13:52,0
TXN_202690,CUST_596,1,0.21378387420541986,0.011495226053952583,20,9,5,0,0,0,1,2025-08-09 20:43:23,0
TXN_202691,CUST_562,1,0.41418534626965536,0.013708940106934627,6,18,0,0,0,1,0,2025-08-18 06:37:59,0
TXN_202692,CUST_442,1,0.22348611575777852,0.06911474064626252,4,13,2,0,1,0,0,2025-08-13 04:50:00,0
TXN_202693,CUST_596,0,0.11709601873536299,0.026631015029159995,17,15,4,0,0,0,1,2025-08-15 17:17:54,0
TXN_202694,CUST_173,1,0.8544663767146202,0.02134328098791378,13,25,0,0,0,0,1,2025-08-25 13:12:35,0
TXN_202695,CUST_534,1,0.978588156574105,0.03326516283090872,11,15,4,0,1,0,0,2025-08-15 11:26:10,0
TXN_202696,CUST_113,1,0.22783539645366344,0.0027802569859727115,3,25,0,0,0,1,0,2025-08-25 03:06:58,0
TXN_202697,CUST_505,1,0.2903981264637002,0.02092711673466755,20,14,3,0,0,1,0,2025-08-14 20:06:52,0
TXN_202698,CUST_379,1,0.6925393108062897,0.0075189339872217984,4,10,6,0,0,0,1,2025-08-10 04:20:22,0
TXN_202699,CUST_335,1,0.04081632653061225,0.007386041200470901,4,22,4,0,0,0,1,2025-08-22 04:55:48,0
TXN_202700,CUST_411,1,0.015724322515891603,0.01668154191583627,5,16,5,0,1,0,0,2025-08-16 05:24:48,1
TXN_202701,CUST_752,1,0.8236868517898963,0.01918552179251106,18,14,3,0,1,0,0,2025-08-14 18:59:20,0
TXN_202702,CUST_564,1,0.5406490465038474,0.04268306479722886,21,8,4,0,0,0,1,2025-08-08 21:38:59,0
TXN_202703,CUST_616,1,0.9237203077952493,0.03529702359675796,18,21,3,0,0,0,1,2025-08-21 18:45:57,0
TXN_202704,CUST_402,1,0.11241217798594848,0.010592953975485965,14,11,0,0,1,0,0,2025-08-11 14:49:01,0
TXN_202705,CUST_662,1,0.6172632987621278,0.03000229519831433,6,7,3,0,0,0,1,2025-08-07 06:02:08,0
TXN_202706,CUST_512,1,0.47206423553027765,0.01637379019914998,13,24,6,0,1,0,0,2025-08-24 13:40:07,0
TXN_202707,CUST_663,1,0.6912010705921713,0.5529214223486988,4,15,4,0,1,0,0,2025-08-15 04:58:18,0
TXN_202708,CUST_686,1,0.9267313482770156,0.4565496717041076,21,5,1,0,1,0,0,2025-08-05 21:25:39,0
TXN_202709,CUST_191,0,0.5520240883238541,0.011044090014719274,7,17,6,0,0,0,1,2025-08-17 07:38:48,0
TXN_202710,CUST_349,1,0.34994981599197056,0.04534791488944421,12,9,5,0,1,0,0,2025-08-09 12:24:05,0
TXN_202711,CUST_730,1,0.06925393108062897,0.998213676143566,6,14,3,0,0,0,1,2025-08-14 06:26:09,1
TXN_202712,CUST_131,0,0.9976580796252927,0.07558102387527327,9,8,4,0,0,1,0,2025-08-08 09:17:20,0
TXN_202713,CUST_221,1,0.2308464369354299,0.2882269685697018,7,6,2,0,0,0,1,2025-08-06 07:02:10,0
TXN_202714,CUST_543,1,0.5439946470391435,0.09762374058292861,0,6,2,0,0,0,1,2025-08-06 00:07:42,0
TXN_202715,CUST_103,1,0.6540649046503847,0.17195627169846317,22,23,5,0,1,0,0,2025-08-23 22:51:47,0
TXN_202716,CUST_515,0,0.24355971896955503,0.029960329055129832,4,11,0,1,0,0,0,2025-08-11 04:36:33,0
TXN_202717,CUST_482,1,0.9521579123452659,0.021308309201926705,18,13,2,0,0,1,0,2025-08-13 18:33:00,0
TXN_202718,CUST_484,1,0.7858815657410505,0.03751423482833871,10,5,1,1,0,0,0,2025-08-05 10:07:16,1
TXN_202719,CUST_118,1,0.6115757778521245,0.054160804958187904,10,15,4,0,1,0,0,2025-08-15 10:33:09,0
TXN_202720,CUST_785,1,0.875209100033456,0.2787636032815985,10,2,5,0,0,1,0,2025-08-02 10:54:22,0
TXN_202721,CUST_258,1,0.1799933087989294,0.01426499150412917,6,17,6,0,1,0,0,2025-08-17 06:59:40,0
TXN_202722,CUST_341,1,0.2355302776848444,0.3792585274940662,21,14,3,0,1,0,0,2025-08-14 21:22:42,0
TXN_202723,CUST_678,1,0.961525593844095,0.037237957719040794,21,25,0,0,0,0,1,2025-08-25 21:45:56,0
TXN_202724,CUST_670,1,0.29909668785547006,0.6237322946153346,2,19,1,0,1,0,0,2025-08-19 02:29:25,1
TXN_202725,CUST_556,0,0.7992639678822349,0.058402882598420476,2,11,0,0,0,0,1,2025-08-11 02:23:15,1
TXN_202726,CUST_523,0,0.6393442622950819,0.007606363452189493,21,18,0,0,1,0,0,2025-08-18 21:19:22,1
TXN_202727,CUST_615,1,0.9541652726664436,0.032663648111930975,2,14,3,0,0,1,0,2025-08-14 02:34:26,0
TXN_202728,CUST_115,1,0.7075945132151221,0.032950416757025015,2,1,4,0,1,0,0,2025-08-01 02:17:33,0
TXN_202729,CUST_506,1,0.3720307795249247,0.08758683800463718,6,14,3,0,0,0,1,2025-08-14 06:27:31,0
TXN_202730,CUST_691,1,0.3987955838072934,0.05191211911921878,12,25,0,0,1,0,0,2025-08-25 12:56:14,0
TXN_202731,CUST_275,1,0.6112412177985949,0.026578557350179378,12,18,0,0,0,1,0,2025-08-18 12:25:11,0
TXN_202732,CUST_123,0,0.3365674138507862,0.319009134595528,19,23,5,0,0,1,0,2025-08-23 19:11:46,0
TXN_202733,CUST_384,1,0.7420541987286717,0.011460254267965504,5,17,6,0,0,1,0,2025-08-17 05:29:53,0
TXN_202734,CUST_657,1,0.32719973235195715,0.027736123466351667,15,10,6,0,1,0,0,2025-08-10 15:27:01,0
TXN_202735,CUST_689,0,0.8825694212111074,0.03991679652565098,14,10,6,0,1,0,0,2025-08-10 14:06:59,0
TXN_202736,CUST_121,1,0.13951154232184676,0.07500748658508519,4,14,3,0,0,0,1,2025-08-14 04:25:00,0
TXN_202737,CUST_684,1,0.8223486115757779,0.01959119450996117,12,14,3,0,0,0,1,2025-08-14 12:10:24,0
TXN_202738,CUST_637,1,0.5851455336232854,0.04678175811491442,15,15,4,0,0,0,1,2025-08-15 15:19:27,0
TXN_202739,CUST_383,1,0.6821679491468718,0.02912100619143996,20,11,0,0,0,0,1,2025-08-11 20:36:00,0
TXN_202740,CUST_301,1,0.014386082301773167,0.8119399552619929,3,16,5,0,0,0,1,2025-08-16 03:10:02,1
TXN_202741,CUST_389,1,0.7818668450986952,0.04812117751821951,10,2,5,0,1,0,0,2025-08-02 10:43:33,0
TXN_202742,CUST_254,0,0.0782870525259284,0.029110514655643835,16,4,0,0,1,0,0,2025-08-04 16:53:10,1
TXN_202743,CUST_547,1,0.7510873201739712,0.03720298593305372,3,18,0,0,1,0,0,2025-08-18 03:10:16,0
TXN_202744,CUST_565,1,0.6326530612244898,0.4201195622413683,9,6,2,0,1,0,0,2025-08-06 09:21:29,0
TXN_202745,CUST_664,1,0.23017731682837067,0.18537494598170504,19,3,6,0,1,0,0,2025-08-03 19:17:57,0
TXN_202746,CUST_425,1,0.9210438273670124,0.9243917331034427,15,4,0,1,0,0,0,2025-08-04 15:43:36,0
TXN_202747,CUST_670,1,1.0,0.018458108643979836,0,25,0,0,0,0,1,2025-08-25 00:32:16,0
TXN_202748,CUST_135,0,0.1291401806624289,0.07695891224316415,17,4,0,0,0,1,0,2025-08-04 17:23:42,0
TXN_202749,CUST_448,1,0.7758447641351622,0.015562444764249766,0,16,5,0,1,0,0,2025-08-16 00:09:30,0
TXN_202750,CUST_332,1,0.48277015724322514,0.02465510912089008,19,2,5,1,0,0,0,2025-08-02 19:24:45,0
TXN_202751,CUST_253,1,0.8350618936099029,0.0205004609456252,17,4,0,0,0,0,1,2025-08-04 17:12:53,0
TXN_202752,CUST_108,1,0.8280361324857812,0.005168829968890148,19,6,2,1,0,0,0,2025-08-06 19:42:52,0
TXN_202753,CUST_174,1,0.3937771830043493,0.02938679176494175,8,13,2,0,1,0,0,2025-08-13 08:55:57,0
TXN_202754,CUST_663,1,0.2539310806289729,0.04285442654856554,3,10,6,0,1,0,0,2025-08-10 03:55:24,0
TXN_202755,CUST_295,1,0.041820006691201075,0.008994743355876494,7,14,3,0,1,0,0,2025-08-14 07:44:19,0
TXN_202756,CUST_678,1,0.04918032786885246,0.9601538814538289,13,13,2,0,0,0,1,2025-08-13 13:42:07,0
TXN_202757,CUST_447,1,0.13482770157243223,0.021965778778483772,17,12,1,0,1,0,0,2025-08-12 17:41:49,0
TXN_202758,CUST_383,0,0.65807962529274,0.016590615272269866,2,14,3,0,1,0,0,2025-08-14 02:22:43,0
TXN_202759,CUST_184,1,0.18936099029775844,0.6507445021117537,9,16,5,0,0,0,1,2025-08-16 09:05:39,1
TXN_202760,CUST_635,1,0.11174305787888926,0.6036969584233375,2,12,1,0,1,0,0,2025-08-12 02:34:09,0
TXN_202761,CUST_797,1,0.6627634660421545,0.040766610925136976,0,20,2,0,0,0,1,2025-08-20 00:50:15,0
TXN_202762,CUST_122,1,0.8424222147875543,0.03741281664897619,22,23,5,0,0,0,1,2025-08-23 22:50:16,0
TXN_202763,CUST_188,1,0.493141518902643,0.04016859338475794,4,22,4,0,1,0,0,2025-08-22 04:48:07,0
TXN_202764,CUST_421,1,0.9755771160923385,0.010641914475867875,11,20,2,0,0,1,0,2025-08-20 11:04:21,0
TXN_202765,CUST_168,1,0.993977919036467,0.03313227004415782,11,10,6,1,0,0,0,2025-08-10 11:53:56,0
TXN_202766,CUST_486,1,0.21779859484777517,0.8185426284563533,1,22,4,0,0,0,1,2025-08-22 01:19:32,0
TXN_202767,CUST_621,1,0.6754767480762797,0.02157059759682979,11,5,1,0,1,0,0,2025-08-05 11:32:11,0
TXN_202768,CUST_315,1,0.49849447975911676,0.01699628798971997,7,9,5,0,0,0,1,2025-08-09 07:56:36,0
TXN_202769,CUST_414,1,0.5172298427567749,0.01573730369418516,4,13,2,0,1,0,0,2025-08-13 04:28:09,0
TXN_202770,CUST_391,1,0.8190030110404818,0.000332231966877242,6,21,3,0,0,1,0,2025-08-21 06:33:50,0
TXN_202771,CUST_689,1,0.25861492137838743,0.008200883813969821,7,18,0,0,0,0,1,2025-08-18 07:52:18,0
TXN_202772,CUST_273,1,0.9247239879558381,0.005857774152835587,0,7,3,0,0,0,1,2025-08-07 00:11:10,0
TXN_202773,CUST_756,1,0.06423553027768483,0.010722349583638154,12,19,1,0,1,0,0,2025-08-19 12:38:51,0
TXN_202774,CUST_198,1,0.40849782535965207,0.0735351743950292,19,6,2,0,1,0,0,2025-08-06 19:47:14,0
TXN_202775,CUST_393,1,0.6353295416527266,0.05339492284507089,18,2,5,0,0,0,1,2025-08-02 18:35:47,0
TXN_202776,CUST_470,1,0.5433255269320842,0.022969469036312917,6,14,3,0,0,0,1,2025-08-14 06:12:07,0
TXN_202777,CUST_640,1,0.9006356641017063,0.15714222315433687,5,11,0,0,1,0,0,2025-08-11 05:05:14,0
TXN_202778,CUST_460,1,0.3074606891937103,0.02163004963300782,13,24,6,1,0,0,0,2025-08-24 13:03:33,0
TXN_202779,CUST_347,1,0.12612914018066243,0.03837803794221954,21,25,0,0,0,0,1,2025-08-25 21:09:47,0
TXN_202780,CUST_697,1,0.2964202074272332,0.011729537020066006,20,13,2,0,1,0,0,2025-08-13 20:01:00,0
TXN_202781,CUST_322,1,0.7159585145533623,0.009029715141863574,8,11,0,0,1,0,0,2025-08-11 08:16:12,0
TXN_202782,CUST_698,1,0.0823017731682837,0.03021912027143421,15,20,2,0,1,0,0,2025-08-20 15:59:22,0
TXN_202783,CUST_604,1,0.6908665105386417,0.1052685729997039,15,23,5,0,1,0,0,2025-08-23 15:41:13,0
TXN_202784,CUST_782,1,0.3546336567413851,0.11870473317593931,10,23,5,0,0,0,1,2025-08-23 10:19:39,0
TXN_202785,CUST_563,1,0.6165941786550686,0.06983865661619504,16,24,6,0,0,0,1,2025-08-24 16:17:24,0
TXN_202786,CUST_668,1,0.5035128805620609,0.020542427088809694,4,1,4,0,0,0,1,2025-08-01 04:44:50,0
TXN_202787,CUST_639,1,0.7430578788892606,0.027634705286989136,0,23,5,0,1,0,0,2025-08-23 00:26:05,0
TXN_202788,CUST_230,1,0.9130143860823018,0.03038698484417219,8,19,1,0,1,0,0,2025-08-19 08:29:41,0
TXN_202789,CUST_617,1,0.6912010705921713,0.029586130945068095,10,3,6,0,1,0,0,2025-08-03 10:52:25,0
TXN_202790,CUST_205,0,0.9943124790899966,0.9236573255977141,10,20,2,0,0,0,1,2025-08-20 10:25:10,1
TXN_202791,CUST_352,1,0.4600200736032118,0.03395760419345287,0,12,1,0,1,0,0,2025-08-12 00:35:02,0
TXN_202792,CUST_435,1,0.571763131482101,0.09365094569479654,19,12,1,0,1,0,0,2025-08-12 19:36:44,0
TXN_202793,CUST_411,1,0.6159250585480094,0.7084094800258469,12,11,0,0,0,0,1,2025-08-11 12:17:08,0
TXN_202794,CUST_534,1,0.21779859484777517,0.9222514598010335,14,12,1,0,0,0,1,2025-08-12 14:51:32,1
TXN_202795,CUST_780,1,0.17631314821010372,0.6283170957582406,11,20,2,0,0,0,1,2025-08-20 11:53:05,0
TXN_202796,CUST_789,1,0.08798929407828705,0.035622261206437786,12,13,2,0,0,0,1,2025-08-13 12:04:14,0
TXN_202797,CUST_658,1,0.652057544329207,0.037279923862225284,20,23,5,0,1,0,0,2025-08-23 20:20:32,0
TXN_202798,CUST_265,1,0.27634660421545665,0.008407217351293583,0,3,6,0,0,0,1,2025-08-03 00:43:31,0
TXN_202799,CUST_731,1,0.9558380729340916,0.05012156367668038,1,14,3,0,1,0,0,2025-08-14 01:32:21,0
TXN_202800,CUST_160,1,0.16661090665774506,0.022906519821536176,11,17,6,0,1,0,0,2025-08-17 11:49:50,0
TXN_202801,CUST_628,0,0.24757443961191034,0.01795801210436462,12,19,1,0,1,0,0,2025-08-19 12:20:51,0
TXN_202802,CUST_671,1,0.19805955168952827,0.023543006326500998,7,2,5,1,0,0,0,2025-08-02 07:11:15,0
TXN_202803,CUST_441,1,0.9029775844764135,0.027578750429409812,7,20,2,0,1,0,0,2025-08-20 07:20:36,0
TXN_202804,CUST_492,1,0.9705587152893944,0.05119170032788497,13,18,0,0,0,0,1,2025-08-18 13:33:54,0
TXN_202805,CUST_697,1,0.6978922716627635,0.017531356315322266,19,8,4,0,0,0,1,2025-08-08 19:05:31,0
TXN_202806,CUST_787,1,0.2709936433589829,0.026683472708140612,19,16,5,0,0,0,1,2025-08-16 19:01:58,0
TXN_202807,CUST_685,1,0.6075610572097692,0.012124718201719988,3,22,4,0,0,1,0,2025-08-22 03:14:35,0
TXN_202808,CUST_762,0,0.2699899631983941,0.6528288205565836,1,6,2,0,0,0,1,2025-08-06 01:56:20,0
TXN_202809,CUST_458,1,0.06189360990297759,0.4267921790077028,14,12,1,0,0,1,0,2025-08-12 14:49:55,0
TXN_202810,CUST_790,0,0.0622281699565072,0.01384533007228423,16,7,3,1,0,0,0,2025-08-07 16:19:30,1
TXN_202811,CUST_485,1,0.7681498829039812,0.37520879467676255,13,16,5,0,0,1,0,2025-08-16 13:06:40,1
TXN_202812,CUST_123,1,0.9611910337905654,0.01389429057266614,20,18,0,0,0,0,1,2025-08-18 20:33:41,0
TXN_202813,CUST_128,1,0.3218467714954834,0.024025616973122676,1,18,0,0,0,0,1,2025-08-18 01:39:54,0
TXN_202814,CUST_366,1,0.6336567413850785,0.024938380587385414,2,9,5,0,0,1,0,2025-08-09 02:37:29,0
TXN_202815,CUST_635,0,0.08531281365005018,0.010530004760709224,11,24,6,0,0,1,0,2025-08-24 11:37:06,0
TXN_202816,CUST_236,0,0.16226162596186014,0.0202311781935247,13,22,4,0,1,0,0,2025-08-22 13:26:11,0
TXN_202817,CUST_312,0,0.3041150886584142,0.028708339116792436,23,18,0,0,1,0,0,2025-08-18 23:50:34,0
TXN_202818,CUST_727,1,0.9688859150217464,0.02438232919019087,3,14,3,0,0,0,1,2025-08-14 03:27:43,0
TXN_202819,CUST_725,0,0.9180327868852459,0.017293548170610136,12,9,5,1,0,0,0,2025-08-09 12:25:30,1
TXN_202820,CUST_472,1,0.41820006691201067,0.3115566470016817,6,16,5,0,0,1,0,2025-08-16 06:05:37,0
TXN_202821,CUST_401,0,0.6574105051856808,0.04566266096332792,11,3,6,0,1,0,0,2025-08-03 11:33:19,1
TXN_202822,CUST_758,0,0.5684175309468049,0.2812431029080823,16,4,0,0,0,0,1,2025-08-04 16:54:11,1
TXN_202823,CUST_376,1,0.2930746068919371,0.011575661161722862,12,2,5,0,1,0,0,2025-08-02 12:42:30,0
TXN_202824,CUST_617,1,0.696554031448645,0.043627303018879966,3,17,6,0,0,1,0,2025-08-17 03:19:28,0
TXN_202825,CUST_104,1,0.8166610906657745,0.035237571560579925,2,7,3,0,0,0,1,2025-08-07 02:23:56,0
TXN_202826,CUST_141,0,0.3593174974907996,0.10161052418545552,1,12,1,0,0,1,0,2025-08-12 01:30:56,1
TXN_202827,CUST_381,1,0.8337236533957845,0.02064384526817222,18,4,0,0,1,0,0,2025-08-04 18:04:20,0
TXN_202828,CUST_494,1,0.6483773837403813,0.012565362705157172,4,22,4,0,1,0,0,2025-08-22 04:09:58,0
TXN_202829,CUST_366,1,0.29441284710605553,0.7813955973808789,23,7,3,0,0,1,0,2025-08-07 23:18:20,0
TXN_202830,CUST_357,1,0.7417196386751421,0.8969388811035863,1,21,3,0,1,0,0,2025-08-21 01:12:36,1
TXN_202831,CUST_494,1,0.23051187688190028,0.026477139170816854,16,16,5,0,0,0,1,2025-08-16 16:36:44,0
TXN_202832,CUST_145,0,0.5637336901973904,0.5964892733314008,7,9,5,0,0,1,0,2025-08-09 07:22:38,1
TXN_202833,CUST_256,1,0.49381063900970223,0.20302520636938337,23,11,0,0,1,0,0,2025-08-11 23:53:07,0
TXN_202834,CUST_134,1,0.04115088658414186,0.010820270584401975,23,6,2,0,0,0,1,2025-08-06 23:29:35,0
TXN_202835,CUST_701,1,0.9732351957176313,0.7407059243849136,22,16,5,0,0,0,1,2025-08-16 22:28:13,0
TXN_202836,CUST_472,1,0.8952827032452325,0.0286908532237989,3,3,6,0,0,1,0,2025-08-03 03:08:44,0
TXN_202837,CUST_288,1,0.753763800602208,0.019119075399135613,20,12,1,0,1,0,0,2025-08-12 20:47:51,0
TXN_202838,CUST_295,1,0.21311475409836064,0.008826878783138519,21,16,5,0,0,1,0,2025-08-16 21:21:35,0
TXN_202839,CUST_355,1,0.18634994981599196,0.004388959141378305,0,10,6,0,1,0,0,2025-08-10 00:47:50,1
TXN_202840,CUST_358,1,0.10505185680829708,0.056615824334480785,16,9,5,0,1,0,0,2025-08-09 16:15:48,0
TXN_202841,CUST_252,1,0.8056206088992974,0.026949258281642408,2,9,5,0,0,1,0,2025-08-09 02:09:18,0
TXN_202842,CUST_623,1,0.17397122783539645,0.026872320352470835,23,9,5,0,0,1,0,2025-08-09 23:29:43,0
TXN_202843,CUST_116,1,0.31348277015724324,0.023682893470449308,12,4,0,0,1,0,0,2025-08-04 12:22:56,0
TXN_202844,CUST_490,0,0.7995985279357645,0.010176789722239735,14,12,1,0,0,0,1,2025-08-12 14:04:54,0
TXN_202845,CUST_148,1,0.7631314821010371,0.02405009722331363,16,23,5,0,1,0,0,2025-08-23 16:16:43,0
TXN_202846,CUST_717,1,0.2428905988624958,0.06688354070028693,14,2,5,0,0,0,1,2025-08-02 14:56:38,0
TXN_202847,CUST_357,0,0.2505854800936768,0.03269162554072064,20,4,0,0,1,0,0,2025-08-04 20:40:04,0
TXN_202848,CUST_366,1,0.5356306457009032,0.019898946226647455,6,13,2,0,1,0,0,2025-08-13 06:20:52,0
TXN_202849,CUST_751,1,0.9421211107393777,0.020608873482185142,3,2,5,0,0,0,1,2025-08-02 03:48:04,0
TXN_202850,CUST_158,1,0.4088323854131817,0.033880666264281295,14,21,3,0,1,0,0,2025-08-21 14:38:43,0
TXN_202851,CUST_626,1,0.49079959852793575,0.012421978382610152,14,25,0,0,0,1,0,2025-08-25 14:02:21,0
TXN_202852,CUST_624,1,0.49749079959852793,0.021434207631480184,9,19,1,0,0,0,1,2025-08-19 09:41:18,0
TXN_202853,CUST_722,0,0.10739377718300434,0.8185601143493468,22,11,0,0,0,0,1,2025-08-11 22:22:08,0
TXN_202854,CUST_729,1,0.6560722649715623,0.025896607523431356,22,13,2,0,0,0,1,2025-08-13 22:18:03,0
TXN_202855,CUST_233,1,0.24188691870190698,0.021633546811606532,11,17,6,0,1,0,0,2025-08-17 11:37:52,0
TXN_202856,CUST_513,1,0.3680160588825694,0.017290050992011426,16,17,6,0,0,1,0,2025-08-17 16:15:40,0
TXN_202857,CUST_712,1,0.4740715958514553,0.05157988715234153,10,11,0,0,1,0,0,2025-08-11 10:44:34,0
TXN_202858,CUST_178,1,0.6831716293074607,0.026568065814383257,13,16,5,1,0,0,0,2025-08-16 13:59:39,0
TXN_202859,CUST_781,1,0.05821344931415189,0.5740408839062953,11,9,5,0,1,0,0,2025-08-09 11:20:05,0
TXN_202860,CUST_695,1,0.09902977584476413,0.007910617990277074,22,1,4,0,0,0,1,2025-08-01 22:00:21,1
TXN_202861,CUST_245,1,0.9953161592505855,0.021514642739250467,21,6,2,0,1,0,0,2025-08-06 21:37:42,0
TXN_202862,CUST_792,0,0.8407494145199063,0.01164210755509831,12,18,0,0,0,0,1,2025-08-18 12:24:21,0
TXN_202863,CUST_284,1,0.17698226831716293,1.0,21,11,0,0,1,0,0,2025-08-11 21:51:16,0
TXN_202864,CUST_670,1,0.8527935764469722,0.07429056497235008,8,20,2,0,1,0,0,2025-08-20 08:37:09,0
TXN_202865,CUST_764,1,0.990632318501171,0.07493054865591361,1,22,4,0,1,0,0,2025-08-22 01:38:33,0
TXN_202866,CUST_531,1,0.6912010705921713,0.019982878513016444,19,22,4,0,0,0,1,2025-08-22 19:18:11,0
TXN_202867,CUST_327,1,0.6935429909668785,0.020220686657728575,5,19,1,0,1,0,0,2025-08-19 05:55:18,0
TXN_202868,CUST_349,1,0.1793241886918702,0.02147617377466468,23,21,3,0,0,0,1,2025-08-21 23:26:02,0
TXN_202869,CUST_442,1,0.810304449648712,0.005466090149780312,19,14,3,0,0,1,0,2025-08-14 19:16:56,0
TXN_202870,CUST_266,1,0.37403813984610235,0.056426976690150565,5,12,1,0,1,0,0,2025-08-12 05:57:40,0
TXN_202871,CUST_223,1,0.9638675142188022,0.09197229996741678,22,18,0,0,0,1,0,2025-08-18 22:17:16,0
TXN_202872,CUST_790,1,0.10170625627300099,0.013205346388720701,7,19,1,0,0,0,1,2025-08-19 07:50:52,0
TXN_202873,CUST_184,0,0.9976580796252927,0.49112977368813043,17,5,1,0,0,1,0,2025-08-05 17:57:01,1
TXN_202874,CUST_306,1,0.42556038808966207,0.01891973621900927,4,17,6,0,1,0,0,2025-08-17 04:59:49,0
TXN_202875,CUST_259,0,0.6955503512880562,0.012355531989234704,21,23,5,0,0,1,0,2025-08-23 21:11:07,1
TXN_202876,CUST_386,0,0.8678487788558046,0.7936077450475666,17,23,5,0,0,0,1,2025-08-23 17:41:10,0
TXN_202877,CUST_342,1,0.21278019404483103,0.03342253586785057,8,12,1,0,0,0,1,2025-08-12 08:38:02,0
TXN_202878,CUST_265,1,0.4412847106055537,0.030971013670156394,23,2,5,0,1,0,0,2025-08-02 23:04:21,0
TXN_202879,CUST_563,1,0.6326530612244898,0.05105531036253536,19,9,5,0,1,0,0,2025-08-09 19:23:51,0
TXN_202880,CUST_292,1,0.9488123118099698,0.05177922633246788,3,12,1,0,0,0,1,2025-08-12 03:44:57,0
TXN_202881,CUST_223,1,0.8337236533957845,0.0349577972726833,12,8,4,0,1,0,0,2025-08-08 12:10:27,0
TXN_202882,CUST_426,1,0.4228839076614252,0.014223025360944674,16,14,3,0,0,0,1,2025-08-14 16:14:42,0
TXN_202883,CUST_329,1,0.6099029775844764,0.030086227484683314,13,22,4,0,1,0,0,2025-08-22 13:29:32,0
TXN_202884,CUST_246,1,0.2345265975242556,0.06800963220907084,5,6,2,0,1,0,0,2025-08-06 05:19:27,0
TXN_202885,CUST_512,0,0.47574439611910335,0.028393593042908734,23,16,5,1,0,0,0,2025-08-16 23:21:54,0
TXN_202886,CUST_705,1,0.4312479089996654,0.048607285343439895,7,22,4,0,1,0,0,2025-08-22 07:55:17,0
TXN_202887,CUST_235,0,0.18701906992305117,0.017003282346917385,1,24,6,0,1,0,0,2025-08-24 01:23:16,0
TXN_202888,CUST_738,0,0.1722984275677484,0.05886451017344991,5,2,5,0,1,0,0,2025-08-02 05:53:36,0
TXN_202889,CUST_211,1,0.3556373369019739,0.39292200427921764,18,17,6,0,1,0,0,2025-08-17 18:36:32,1
TXN_202890,CUST_308,1,0.6513884242221478,0.05483925760633722,12,5,1,0,1,0,0,2025-08-05 12:12:59,0
TXN_202891,CUST_406,1,0.9140180662428906,0.016163959483227512,11,25,0,0,0,0,1,2025-08-25 11:13:03,0
TXN_202892,CUST_104,1,0.057878889260622284,0.009945975934725019,13,22,4,0,1,0,0,2025-08-22 13:27:13,0
TXN_202893,CUST_548,0,0.22783539645366344,0.02286805085695039,5,10,6,0,1,0,0,2025-08-10 05:56:17,0
TXN_202894,CUST_279,0,0.11274673803947809,0.01590866544552184,2,12,1,0,0,0,1,2025-08-12 02:23:06,0
TXN_202895,CUST_589,1,0.813650050184008,0.027022699032215273,23,16,5,0,0,0,1,2025-08-16 23:29:54,0
TXN_202896,CUST_661,1,0.5510204081632653,0.01239050377522178,14,7,3,0,1,0,0,2025-08-07 14:50:04,0
TXN_202897,CUST_762,1,0.6841753094680495,0.018048938747931023,14,8,4,0,0,0,1,2025-08-08 14:09:37,0
TXN_202898,CUST_103,1,0.6065573770491803,0.04092398396207883,9,15,4,0,0,1,0,2025-08-15 09:39:39,0
TXN_202899,CUST_591,1,0.7186349949815992,0.6753226733034723,23,17,6,0,1,0,0,2025-08-17 23:25:46,1
TXN_202900,CUST_637,0,0.29575108732017397,0.07303507785541398,12,22,4,0,0,1,0,2025-08-22 12:53:49,0
TXN_202901,CUST_343,1,0.12077617932418869,0.06392492760578013,4,9,5,0,1,0,0,2025-08-09 04:07:57,0
TXN_202902,CUST_136,1,0.5105386416861827,0.018986182612384717,23,8,4,0,0,0,1,2025-08-08 23:01:51,0
TXN_202903,CUST_745,1,0.7835396453663432,0.02291351417873359,23,19,1,0,0,1,0,2025-08-19 23:42:35,0
TXN_202904,CUST_489,1,0.4409501505520241,0.04940813924254398,8,1,4,1,0,0,0,2025-08-01 08:01:21,0
TXN_202905,CUST_446,1,0.634994981599197,0.823022514241298,6,21,3,0,0,0,1,2025-08-21 06:42:16,1
TXN_202906,CUST_539,1,0.3944463031114085,0.04253618329608313,16,8,4,0,0,1,0,2025-08-08 16:25:59,0
TXN_202907,CUST_153,1,0.3007694881231181,0.011456757089366797,17,10,6,0,0,1,0,2025-08-10 17:02:44,0
TXN_202908,CUST_205,1,0.9270659083305453,0.0008742946496769531,17,3,6,0,0,0,1,2025-08-03 17:53:53,0
TXN_202909,CUST_734,1,0.15155570424891268,0.03486337345051819,22,15,4,0,1,0,0,2025-08-15 22:23:31,0
TXN_202910,CUST_603,1,0.04750752760120442,0.014244008432536922,16,10,6,0,1,0,0,2025-08-10 16:28:58,0
TXN_202911,CUST_554,1,0.7634660421545667,0.04455055816893883,19,22,4,0,1,0,0,2025-08-22 19:30:51,0
TXN_202912,CUST_474,1,0.9675476748076279,0.03269162554072064,7,17,6,0,0,1,0,2025-08-17 07:04:26,0
TXN_202913,CUST_419,1,0.2428905988624958,0.15189995243487386,16,12,1,0,1,0,0,2025-08-12 16:13:42,0
TXN_202914,CUST_400,1,0.8072934091669455,0.7786852839668804,5,23,5,0,0,0,1,2025-08-23 05:20:32,0
TXN_202915,CUST_691,1,0.5774506523921044,0.6414804760037768,6,23,5,0,0,1,0,2025-08-23 06:29:49,1
TXN_202916,CUST_348,0,0.10337905654064904,0.004308524033608026,0,14,3,0,1,0,0,2025-08-14 00:07:30,0
TXN_202917,CUST_447,1,0.07293409166945466,0.05789579170160784,21,14,3,1,0,0,0,2025-08-14 21:40:36,0
TXN_202918,CUST_205,1,0.8186684509869522,0.058521786670776545,1,16,5,1,0,0,0,2025-08-16 01:35:21,0
TXN_202919,CUST_583,1,0.7822014051522248,0.29496603172941177,3,23,5,0,0,1,0,2025-08-23 03:27:07,0
TXN_202920,CUST_229,1,0.19337571094011374,0.05813359984631998,10,19,1,0,0,0,1,2025-08-19 10:48:51,0
TXN_202921,CUST_568,1,0.5838072934091669,0.03748625739954905,21,6,2,0,0,0,1,2025-08-06 21:42:35,0
TXN_202922,CUST_641,1,0.8089662094345935,0.05652839486951309,3,4,0,0,0,0,1,2025-08-04 03:38:51,0
TXN_202923,CUST_349,1,0.8016058882569421,0.03498927188007167,8,4,0,1,0,0,0,2025-08-04 08:37:49,0
TXN_202924,CUST_132,0,0.2268317162930746,0.03871376708769549,7,9,5,0,1,0,0,2025-08-09 07:31:12,0
TXN_202925,CUST_372,1,0.6303111408497826,0.029848419339971184,9,3,6,0,0,1,0,2025-08-03 09:17:18,0
TXN_202926,CUST_783,1,0.5212445633991302,0.027970434432465087,3,8,4,0,1,0,0,2025-08-08 03:48:25,0
TXN_202927,CUST_500,1,0.4386082301773168,0.03365334965536528,23,15,4,0,0,0,1,2025-08-15 23:33:32,0
TXN_202928,CUST_366,1,0.7283372365339579,0.013614516284769517,6,16,5,0,1,0,0,2025-08-16 06:34:50,0
TXN_202929,CUST_459,1,0.6209434593509535,0.08594666124184322,0,18,0,0,1,0,0,2025-08-18 00:22:07,0
TXN_202930,CUST_609,1,0.010705921712947474,0.9552648257728352,20,22,4,0,0,1,0,2025-08-22 20:05:42,0
TXN_202931,CUST_171,1,0.4918032786885246,0.9347189015054269,12,13,2,0,1,0,0,2025-08-13 12:03:56,0
TXN_202932,CUST_236,1,0.5272666443626631,0.05810562241753031,3,5,1,1,0,0,0,2025-08-05 03:20:39,0
TXN_202933,CUST_455,1,0.7664770826363332,0.11148305936960767,15,7,3,0,0,0,1,2025-08-07 15:06:51,0
TXN_202934,CUST_321,1,0.3412512546002007,0.02445227276216503,23,14,3,0,1,0,0,2025-08-14 23:19:08,0
TXN_202935,CUST_154,1,0.5921712947474072,0.02547344891298771,2,2,5,0,1,0,0,2025-08-02 02:10:18,0
TXN_202936,CUST_290,0,0.7413850786216125,0.04110583724921164,7,8,4,0,0,0,1,2025-08-08 07:13:59,0
TXN_202937,CUST_217,1,0.36032117765138844,0.051230169292470755,9,12,1,0,1,0,0,2025-08-12 09:16:22,0
TXN_202938,CUST_542,1,0.8253596520575444,0.03713304236107956,18,15,4,0,0,0,1,2025-08-15 18:26:29,0
TXN_202939,CUST_655,1,0.9822683171629307,0.8441314842630984,23,15,4,1,0,0,0,2025-08-15 23:09:16,0
TXN_202940,CUST_562,1,0.6707929073268651,0.009379433001734355,3,16,5,0,0,1,0,2025-08-16 03:08:40,0
TXN_202941,CUST_231,1,0.0274339243894279,0.00020283635872505278,7,6,2,1,0,0,0,2025-08-06 07:55:16,0
TXN_202942,CUST_683,1,0.5466711274673803,0.004395953498575721,15,11,0,0,0,1,0,2025-08-11 15:29:31,0
TXN_202943,CUST_516,1,0.8919371027099364,0.01877285471786354,9,11,0,0,1,0,0,2025-08-11 09:14:00,0
TXN_202944,CUST_151,1,0.23352291736366676,0.8420017024964853,3,2,5,0,1,0,0,2025-08-02 03:31:28,0
TXN_202945,CUST_115,0,0.2315155570424891,0.6808237352392397,4,3,6,0,0,0,1,2025-08-03 04:03:10,0
TXN_202946,CUST_454,1,0.5824690531950485,0.03644409817713412,12,14,3,0,0,0,1,2025-08-14 12:19:49,0
TXN_202947,CUST_773,0,0.9882903981264637,0.004993971038954757,3,3,6,1,0,0,0,2025-08-03 03:07:45,0
TXN_202948,CUST_710,1,0.5383071261291401,0.018349696107419895,0,21,3,0,1,0,0,2025-08-21 00:55:10,0
TXN_202949,CUST_530,1,0.3365674138507862,0.05179671222546142,21,17,6,0,0,0,1,2025-08-17 21:13:28,0
TXN_202950,CUST_787,1,0.18200066912010704,0.17150163848063116,5,5,1,0,1,0,0,2025-08-05 05:56:27,1
TXN_202951,CUST_478,1,0.7858815657410505,0.019797528047284928,10,9,5,0,0,0,1,2025-08-09 10:36:54,0
TXN_202952,CUST_407,1,0.45466711274673804,0.01519174383278674,21,17,6,0,1,0,0,2025-08-17 21:36:08,0
TXN_202953,CUST_318,1,0.3864168618266979,0.02256729349746152,5,21,3,0,0,0,1,2025-08-21 05:55:27,0
TXN_202954,CUST_510,1,0.565741050518568,0.013621510641966931,14,13,2,0,1,0,0,2025-08-13 14:33:14,0
TXN_202955,CUST_686,1,0.03813984610237538,0.7206006446209423,10,25,0,0,1,0,0,2025-08-25 10:14:59,0
TXN_202956,CUST_175,1,0.9872867179658749,0.24568379091642129,17,15,4,0,0,0,1,2025-08-15 17:48:20,0
TXN_202957,CUST_310,1,0.9815991970558715,0.9958006229104576,0,24,6,0,1,0,0,2025-08-24 00:58:11,0
TXN_202958,CUST_543,1,0.2428905988624958,0.9924573201700929,10,6,2,0,1,0,0,2025-08-06 10:58:57,0
TXN_202959,CUST_203,1,0.990632318501171,0.0422529118295878,16,4,0,1,0,0,0,2025-08-04 16:15:12,0
TXN_202960,CUST_265,1,0.08196721311475409,0.06264146306005436,3,9,5,0,1,0,0,2025-08-09 03:40:11,0
TXN_202961,CUST_577,1,0.04516560722649716,0.010397111973958328,19,16,5,0,0,1,0,2025-08-16 19:04:54,0
TXN_202962,CUST_541,1,0.10070257611241216,0.04482683527823675,18,10,6,0,0,0,1,2025-08-10 18:47:11,0
TXN_202963,CUST_557,1,0.9013047842087655,0.014030680538015747,21,8,4,0,1,0,0,2025-08-08 21:13:14,0
TXN_202964,CUST_147,1,0.3686851789896286,0.006578192944169396,21,25,0,0,0,0,1,2025-08-25 21:11:07,0
TXN_202965,CUST_361,0,0.3409166945466711,0.37001198727908274,7,25,0,0,0,0,1,2025-08-25 07:51:45,0
TXN_202966,CUST_639,1,0.5516895282703245,0.03887813448183476,22,13,2,0,0,0,1,2025-08-13 22:36:14,0
TXN_202967,CUST_751,0,0.22181331549013047,0.007344075057286408,21,25,0,0,1,0,0,2025-08-25 21:59:27,0
TXN_202968,CUST_470,1,0.023419203747072598,0.011761011627454375,22,10,6,0,0,1,0,2025-08-10 22:40:23,0
TXN_202969,CUST_197,1,0.681164268986283,0.024732047050061653,17,21,3,0,0,1,0,2025-08-21 17:07:57,0
TXN_202970,CUST_687,1,0.0013382402141184344,0.049656438923052236,0,25,0,0,0,0,1,2025-08-25 00:58:58,0
TXN_202971,CUST_694,1,0.15122114419538307,0.8464186390666533,0,12,1,0,0,0,1,2025-08-12 00:12:04,0
TXN_202972,CUST_283,1,0.7136165941786551,0.10659050651001545,12,5,1,0,0,1,0,2025-08-05 12:21:56,0
TXN_202973,CUST_280,1,0.4807627969220475,0.0540698783146215,2,4,0,0,0,0,1,2025-08-04 02:44:49,0
TXN_202974,CUST_302,1,0.3225158916025426,0.04906891291846933,5,15,4,0,0,0,1,2025-08-15 05:37:27,0
TXN_202975,CUST_712,0,0.8347273335563733,0.026123924132347362,15,21,3,0,1,0,0,2025-08-21 15:49:56,0
TXN_202976,CUST_204,1,0.6560722649715623,0.014257997146931753,16,18,0,0,0,1,0,2025-08-18 16:08:09,0
TXN_202977,CUST_132,0,0.6242890598862496,0.04415887416588356,20,19,1,0,0,1,0,2025-08-19 20:43:49,1
TXN_202978,CUST_570,0,0.03646704583472733,0.06921266164702633,9,5,1,0,1,0,0,2025-08-05 09:59:34,0
TXN_202979,CUST_296,1,0.4419538307126129,0.018094402069714223,15,7,3,0,0,1,0,2025-08-07 15:45:09,0
TXN_202980,CUST_665,1,0.8501170960187353,0.3857632796876627,2,6,2,0,1,0,0,2025-08-06 02:45:59,1
TXN_202981,CUST_144,0,0.40448310471729676,0.02043751173084846,13,20,2,0,0,0,1,2025-08-20 13:38:47,0
TXN_202982,CUST_688,1,0.758113081298093,0.024280911010828347,15,9,5,0,0,0,1,2025-08-09 15:48:02,0
TXN_202983,CUST_791,1,0.6493810639009702,0.02561683323553473,12,12,1,0,0,1,0,2025-08-12 12:00:36,0
TXN_202984,CUST_189,1,0.2532619605219137,0.012341543274839873,10,6,2,0,0,1,0,2025-08-06 10:26:54,1
TXN_202985,CUST_490,0,0.9775844764135162,0.016891372631758737,0,14,3,0,1,0,0,2025-08-14 00:28:40,0
TXN_202986,CUST_469,0,0.7380394780863164,0.04709300701019941,0,15,4,0,0,1,0,2025-08-15 00:19:36,0
TXN_202987,CUST_467,1,0.1993977919036467,0.022088180029438548,19,8,4,0,0,0,1,2025-08-08 19:09:14,0
TXN_202988,CUST_444,0,0.8849113415858146,0.019517753759388305,17,22,4,0,0,0,1,2025-08-22 17:37:53,0
TXN_202989,CUST_595,1,0.06523921043827366,0.005525542185958345,7,5,1,0,0,0,1,2025-08-05 07:32:28,1
TXN_202990,CUST_119,1,0.406825025092004,0.014523782720433549,10,24,6,0,1,0,0,2025-08-24 10:04:00,0
TXN_202991,CUST_623,1,0.8016058882569421,0.8369168048139641,19,14,3,0,0,0,1,2025-08-14 19:43:45,0
TXN_202992,CUST_650,1,0.7661425225828036,0.02309187028726769,8,25,0,0,0,0,1,2025-08-25 08:41:27,0
TXN_202993,CUST_576,1,0.3335563733690197,0.03758068122171416,14,13,2,0,1,0,0,2025-08-13 14:17:30,0
TXN_202994,CUST_613,1,0.06155904984944798,0.03131373717282976,2,15,4,0,1,0,0,2025-08-15 02:43:01,0
TXN_202995,CUST_781,1,0.3292070926731348,0.8789563887490308,16,14,3,0,1,0,0,2025-08-14 16:52:53,0
TXN_202996,CUST_564,0,0.8280361324857812,0.009687184718420644,9,18,0,0,1,0,0,2025-08-18 09:27:51,0
TXN_202997,CUST_252,1,0.9284041485446637,0.01324031817470778,23,24,6,0,0,0,1,2025-08-24 23:14:18,0
TXN_202998,CUST_703,1,0.35296085647373704,0.014604217828203828,1,5,1,0,0,1,0,2025-08-05 01:12:02,0
TXN_202999,CUST_439,0,0.7236533957845434,0.03949363791520733,23,3,6,0,0,1,0,2025-08-03 23:34:18,0
TXN_203000,CUST_196,1,0.4386082301773168,0.41048483520192824,18,3,6,0,0,0,1,2025-08-03 18:44:10,1
TXN_203001,CUST_314,0,0.37838742054198726,0.009526314502880082,9,25,0,1,0,0,0,2025-08-25 09:12:53,0
TXN_203002,CUST_660,1,0.8216794914687187,0.008026024884034432,11,2,5,0,1,0,0,2025-08-02 11:08:36,0
TXN_203003,CUST_214,1,0.1485446637671462,0.047225899796950306,16,7,3,0,1,0,0,2025-08-07 16:48:11,0
TXN_203004,CUST_542,1,0.2582803613248578,0.008123945884798249,23,13,2,0,0,1,0,2025-08-13 23:52:20,0
TXN_203005,CUST_476,1,0.03379056540649047,0.016443733771124135,21,23,5,0,0,0,1,2025-08-23 21:30:18,0
TXN_203006,CUST_408,1,0.5339578454332553,0.21774832826994328,7,24,6,0,0,1,0,2025-08-24 07:09:49,0
TXN_203007,CUST_620,1,0.1759785881565741,0.053657211239973975,8,16,5,0,0,1,0,2025-08-16 08:51:26,0
TXN_203008,CUST_754,1,0.7514218802275008,0.03324767693791518,1,9,5,0,1,0,0,2025-08-09 01:26:20,0
TXN_203009,CUST_448,1,0.8036132485781198,0.04143806921608888,10,5,1,0,0,0,1,2025-08-05 10:45:32,0
TXN_203010,CUST_278,1,0.391435262629642,0.028414576114500982,14,16,5,0,1,0,0,2025-08-16 14:16:47,0
TXN_203011,CUST_536,1,0.7453997992639678,0.2166082480467645,7,4,0,0,0,0,1,2025-08-04 07:13:00,0
TXN_203012,CUST_754,0,0.7109401137504182,0.046862193222684694,5,4,0,0,0,1,0,2025-08-04 05:22:35,0
TXN_203013,CUST_582,1,0.921378387420542,0.0045218519281292014,19,7,3,0,1,0,0,2025-08-07 19:33:58,0
TXN_203014,CUST_679,1,0.4934760789561726,0.43069153314526204,4,17,6,0,0,0,1,2025-08-17 04:37:35,0
TXN_203015,CUST_309,1,0.6748076279692204,0.005777339045065308,20,5,1,0,1,0,0,2025-08-05 20:06:27,0
TXN_203016,CUST_237,1,0.8086316493810639,0.004976485145961217,18,6,2,0,1,0,0,2025-08-06 18:04:08,0
TXN_203017,CUST_101,0,0.4881231180996989,0.048208606983187206,7,3,6,0,0,0,1,2025-08-03 07:20:28,1
TXN_203018,CUST_622,0,0.08029441284710605,0.9966469401313449,19,9,5,1,0,0,0,2025-08-09 19:02:16,0
TXN_203019,CUST_703,1,0.31415189026430246,0.013089939494963343,0,19,1,0,1,0,0,2025-08-19 00:15:35,0
TXN_203020,CUST_304,1,0.6390097022415523,0.5923276307989385,15,4,0,0,0,0,1,2025-08-04 15:55:56,0
TXN_203021,CUST_782,1,0.08932753429240547,0.014184556396358888,12,13,2,0,1,0,0,2025-08-13 12:20:50,0
TXN_203022,CUST_530,1,0.2893944463031114,0.010411100688353159,11,5,1,1,0,0,0,2025-08-05 11:08:28,0
TXN_203023,CUST_175,1,0.41117430578788894,0.5522289809861547,2,23,5,0,1,0,0,2025-08-23 02:56:15,0
TXN_203024,CUST_636,1,0.3549682167949147,0.041007916248447816,15,23,5,0,1,0,0,2025-08-23 15:39:25,0
TXN_203025,CUST_719,1,0.913683506189361,0.06393192196297753,11,13,2,0,0,0,1,2025-08-13 11:00:45,0
TXN_203026,CUST_378,1,0.7571094011375041,0.015069342581831967,9,10,6,0,0,0,1,2025-08-10 09:11:00,0
TXN_203027,CUST_733,1,0.5938440950150552,0.04346992998193812,5,13,2,0,0,0,1,2025-08-13 05:02:47,0
TXN_203028,CUST_427,1,0.7116092338574774,0.017681734995066704,22,16,5,0,0,0,1,2025-08-16 22:25:35,0
TXN_203029,CUST_541,1,0.1057209769153563,0.010278207901602263,23,22,4,0,0,1,0,2025-08-22 23:38:42,0
TXN_203030,CUST_559,1,0.9638675142188022,0.0981518145513335,15,13,2,0,0,0,1,2025-08-13 15:56:56,0
TXN_203031,CUST_652,1,0.7648042823686851,0.0160240723392792,19,13,2,0,0,0,1,2025-08-13 19:16:20,0
TXN_203032,CUST_759,1,0.5276012044161927,0.009278014822371828,17,9,5,0,1,0,0,2025-08-09 17:32:28,0
TXN_203033,CUST_535,0,0.7832050853128136,0.05195408526240327,19,8,4,0,1,0,0,2025-08-08 19:54:53,0
TXN_203034,CUST_115,0,0.656406825025092,0.3307946264731733,0,20,2,0,0,0,1,2025-08-20 00:26:12,1
TXN_203035,CUST_247,0,0.5138842422214788,0.04143107485889146,21,4,0,0,1,0,0,2025-08-04 21:18:41,0
TXN_203036,CUST_483,0,0.9866175978588156,0.012880108779040875,12,7,3,0,0,0,1,2025-08-07 12:38:49,0
TXN_203037,CUST_534,1,0.8029441284710606,0.05188064451183041,13,14,3,0,1,0,0,2025-08-14 13:55:04,0
TXN_203038,CUST_312,1,0.6945466711274674,0.007130747162765231,16,23,5,0,0,1,0,2025-08-23 16:29:18,0
TXN_203039,CUST_385,1,0.08732017397122784,0.005217790469272058,23,14,3,0,0,1,0,2025-08-14 23:21:37,0
TXN_203040,CUST_217,1,0.8578119772499163,0.014432856076867145,22,25,0,0,0,1,0,2025-08-25 22:34:30,0
TXN_203041,CUST_264,1,0.6915356306457009,0.014464330684255514,20,1,4,0,0,1,0,2025-08-01 20:28:50,0
TXN_203042,CUST_173,1,0.3834058213449314,0.0499082357821592,13,23,5,0,0,0,1,2025-08-23 13:16:14,0
TXN_203043,CUST_392,0,0.9110070257611241,0.14237014075339507,9,4,0,1,0,0,0,2025-08-04 09:34:31,0
TXN_203044,CUST_279,1,0.4603546336567414,0.029712029374621578,15,16,5,0,0,1,0,2025-08-16 15:33:01,0
TXN_203045,CUST_216,1,0.06490465038474405,0.0363007138545871,17,10,6,0,1,0,0,2025-08-10 17:57:23,0
TXN_203046,CUST_287,1,0.4098360655737705,0.007956081312060274,10,21,3,0,0,1,0,2025-08-21 10:44:37,0
TXN_203047,CUST_711,1,0.35262629642020743,0.4209798681766504,18,13,2,0,1,0,0,2025-08-13 18:08:03,0
TXN_203048,CUST_518,1,0.22917363666778184,0.022525327354277022,16,3,6,0,0,0,1,2025-08-03 16:42:36,0
TXN_203049,CUST_111,1,0.30980260956841754,0.022077688493642424,4,8,4,1,0,0,0,2025-08-08 04:59:17,0
TXN_203050,CUST_158,1,0.06356641017062563,0.017835610853409845,3,14,3,0,1,0,0,2025-08-14 03:57:54,0
TXN_203051,CUST_395,1,0.3332218133154901,0.7297562581923593,16,22,4,0,0,1,0,2025-08-22 16:58:47,0
TXN_203052,CUST_793,1,0.6942121110739378,0.03393312394326191,17,23,5,0,0,1,0,2025-08-23 17:44:53,0
TXN_203053,CUST_161,1,0.5229173636667782,0.044176360058877095,8,22,4,0,0,1,0,2025-08-22 08:28:30,0
TXN_203054,CUST_644,0,0.3680160588825694,0.41546132034788946,22,18,0,0,0,1,0,2025-08-18 22:50:42,1
TXN_203055,CUST_598,0,0.335898293743727,0.020154240264353127,16,20,2,0,0,0,1,2025-08-20 16:27:50,0
TXN_203056,CUST_650,1,0.727333556373369,0.03370231015574719,11,6,2,0,0,0,1,2025-08-06 11:20:24,0
TXN_203057,CUST_113,1,0.29441284710605553,0.006071102047356764,7,18,0,0,1,0,0,2025-08-18 07:43:54,0
TXN_203058,CUST_203,1,0.8608230177316828,0.060445234900065835,21,23,5,0,1,0,0,2025-08-23 21:11:29,0
TXN_203059,CUST_779,1,0.704248912679826,0.03649305867751603,22,11,0,0,0,0,1,2025-08-11 22:52:49,0
TXN_203060,CUST_424,1,0.8588156574105051,0.039220857984508126,7,7,3,1,0,0,0,2025-08-07 07:19:55,0
TXN_203061,CUST_281,1,0.8394111743057878,0.017475401457742942,5,1,4,0,0,0,1,2025-08-01 05:37:21,0
TXN_203062,CUST_679,0,0.9006356641017063,0.07328687471452094,13,12,1,0,1,0,0,2025-08-12 13:17:44,0
TXN_203063,CUST_727,1,0.20408163265306123,0.045103112387534665,9,8,4,1,0,0,0,2025-08-08 09:31:50,0
TXN_203064,CUST_543,1,0.43292070926731346,0.025172691553498838,14,13,2,0,0,1,0,2025-08-13 14:27:15,0
TXN_203065,CUST_659,1,0.17765138842422215,0.0040812074246920176,8,7,3,0,1,0,0,2025-08-07 08:07:25,0
TXN_203066,CUST_471,1,0.6701237872198059,0.02067531987556059,8,11,0,0,1,0,0,2025-08-11 08:29:05,0
TXN_203067,CUST_712,1,0.7233188357310137,0.01887077571862736,22,22,4,0,1,0,0,2025-08-22 22:20:39,0
TXN_203068,CUST_607,1,0.05620608899297424,0.018535046573151408,15,9,5,1,0,0,0,2025-08-09 15:13:15,0
TXN_203069,CUST_648,0,0.8611575777852124,0.02945673533691591,20,15,4,0,1,0,0,2025-08-15 20:06:57,0
TXN_203070,CUST_132,1,0.39243894279023084,0.011495226053952583,4,8,4,0,0,0,1,2025-08-08 04:40:02,0
TXN_203071,CUST_441,1,0.32653061224489793,0.018255272285254785,14,16,5,0,0,0,1,2025-08-16 14:49:10,0
TXN_203072,CUST_678,0,0.9106724657075945,0.03672736964362945,7,11,0,1,0,0,0,2025-08-11 07:58:17,0
TXN_203073,CUST_664,1,0.18634994981599196,0.017454418386150694,12,20,2,0,0,1,0,2025-08-20 12:47:20,0
TXN_203074,CUST_750,0,0.09702241552358648,0.016090518732654647,5,18,0,0,1,0,0,2025-08-18 05:04:26,0
TXN_203075,CUST_270,1,0.7852124456339913,0.021168422057978392,21,20,2,0,1,0,0,2025-08-20 21:50:08,0
TXN_203076,CUST_682,1,0.7099364335898294,0.02438232919019087,19,10,6,0,0,0,1,2025-08-10 19:33:25,0
TXN_203077,CUST_570,1,0.20207427233188358,0.15992597731890829,5,17,6,1,0,0,0,2025-08-17 05:28:57,0
TXN_203078,CUST_148,1,0.3619939779190365,0.2940357822221555,21,25,0,0,1,0,0,2025-08-25 21:04:52,0
TXN_203079,CUST_315,1,0.736701237872198,0.5958912557910216,7,24,6,0,1,0,0,2025-08-24 07:29:03,0
TXN_203080,CUST_151,1,0.5018400802944128,0.027001715960623025,16,23,5,1,0,0,0,2025-08-23 16:32:05,0
TXN_203081,CUST_514,1,0.548678487788558,0.02897762186889294,23,21,3,0,0,1,0,2025-08-21 23:23:36,0
TXN_203082,CUST_103,1,0.0622281699565072,0.042036086756467916,6,7,3,0,0,0,1,2025-08-07 06:15:59,0
TXN_203083,CUST_314,1,0.802609568417531,0.9416782869168554,16,9,5,0,0,1,0,2025-08-09 16:51:53,0
TXN_203084,CUST_555,1,0.03579792572766812,0.015121800260812585,18,21,3,0,0,0,1,2025-08-21 18:32:09,0
TXN_203085,CUST_273,0,0.19003011040481765,0.03281402679167541,18,1,4,0,1,0,0,2025-08-01 18:52:14,0
TXN_203086,CUST_163,0,0.4954834392773503,0.0785081623623917,17,9,5,0,1,0,0,2025-08-09 17:48:22,0
TXN_203087,CUST_634,1,0.9140180662428906,0.019940912369831948,19,3,6,0,1,0,0,2025-08-03 19:21:16,0
TXN_203088,CUST_767,1,0.8353964536634325,0.013250809710503905,20,12,1,0,0,0,1,2025-08-12 20:50:57,0
TXN_203089,CUST_553,0,0.7089327534292406,0.6362626855345047,5,5,1,0,1,0,0,2025-08-05 05:28:13,1
TXN_203090,CUST_779,1,0.023419203747072598,0.08962919030628255,10,16,5,0,1,0,0,2025-08-16 10:52:06,0
TXN_203091,CUST_525,1,0.23251923720307793,0.38907510782063903,21,5,1,0,1,0,0,2025-08-05 21:37:16,0
TXN_203092,CUST_269,1,0.5292740046838408,0.957195268359322,10,22,4,0,1,0,0,2025-08-22 10:24:48,0
TXN_203093,CUST_770,1,0.5055202408832385,0.00959276089625553,8,9,5,0,0,0,1,2025-08-09 08:51:16,0
TXN_203094,CUST_430,0,0.46771495483439274,0.02661003195756775,22,12,1,0,1,0,0,2025-08-12 22:26:14,1
TXN_203095,CUST_621,1,0.4499832719973235,0.014939946973679778,4,18,0,0,1,0,0,2025-08-18 04:52:13,0
TXN_203096,CUST_571,1,0.004014720642355302,0.014723121900559893,16,16,5,0,1,0,0,2025-08-16 16:52:36,0
TXN_203097,CUST_199,1,0.2863834058213449,0.04685869604408599,23,7,3,0,0,0,1,2025-08-07 23:15:54,0
TXN_203098,CUST_481,1,0.6135831381733021,0.016643072951250483,13,23,5,0,1,0,0,2025-08-23 13:15:54,1
TXN_203099,CUST_604,1,0.1569086651053864,0.03873125298068903,20,3,6,0,0,0,1,2025-08-03 20:02:14,0
TXN_203100,CUST_379,1,0.09969889595182335,0.8345317290096455,13,13,2,0,0,0,1,2025-08-13 13:18:44,0
TXN_203101,CUST_576,1,0.4419538307126129,0.22919809100211266,10,24,6,0,0,0,1,2025-08-24 10:00:09,0
TXN_203102,CUST_435,1,0.8902643024422884,0.05631856415359062,8,12,1,0,1,0,0,2025-08-12 08:21:40,0
TXN_203103,CUST_248,1,0.6490465038474406,0.045585723034156346,11,21,3,0,1,0,0,2025-08-21 11:38:52,0
TXN_203104,CUST_618,1,0.5118768819003011,0.02793895982507672,4,16,5,0,1,0,0,2025-08-16 04:05:14,0
TXN_203105,CUST_425,1,0.8287052525928403,0.04015810184896182,6,20,2,0,0,0,1,2025-08-20 06:13:13,0
TXN_203106,CUST_290,1,0.9357644697223151,0.8634009383419784,22,15,4,0,1,0,0,2025-08-15 22:02:35,0
TXN_203107,CUST_628,1,0.022080963532954166,0.02195528724268765,5,2,5,0,0,0,1,2025-08-02 05:44:55,0
TXN_203108,CUST_602,0,0.4309133489461358,0.6852826379525921,17,12,1,0,0,0,1,2025-08-12 17:12:00,0
TXN_203109,CUST_649,1,0.29909668785547006,0.0037629641722096065,4,25,0,0,1,0,0,2025-08-25 04:13:02,0
TXN_203110,CUST_295,0,0.23820675811308128,0.025365036376427768,3,6,2,0,0,1,0,2025-08-06 03:18:29,1
TXN_203111,CUST_563,1,0.4630311140849782,0.10103348971666873,11,19,1,0,0,0,1,2025-08-19 11:09:59,0
TXN_203112,CUST_291,1,0.08163265306122448,0.006553712693978441,17,18,0,0,0,0,1,2025-08-18 17:54:57,0
TXN_203113,CUST_546,1,0.8206758113081298,0.012128215380318694,12,18,0,0,0,0,1,2025-08-18 12:43:45,0
TXN_203114,CUST_511,0,0.7363666778186684,0.07109414373313114,14,14,3,1,0,0,0,2025-08-14 14:59:07,0
TXN_203115,CUST_713,1,0.8002676480428237,0.6399871807421285,4,19,1,0,1,0,0,2025-08-19 04:05:02,0
TXN_203116,CUST_620,1,0.7919036467045835,0.031026968527735718,14,5,1,0,1,0,0,2025-08-05 14:57:03,0
TXN_203117,CUST_488,1,0.28370692539310804,0.03170192399728632,2,5,1,0,0,1,0,2025-08-05 02:26:29,0
TXN_203118,CUST_287,1,0.5219136835061894,0.012142204094713525,3,12,1,0,1,0,0,2025-08-12 03:28:57,0
TXN_203119,CUST_115,1,0.4386082301773168,0.0194268271158219,9,11,0,0,1,0,0,2025-08-11 09:29:19,0
TXN_203120,CUST_673,1,0.03211776513884242,0.02606447209616933,6,25,0,0,1,0,0,2025-08-25 06:32:34,0
TXN_203121,CUST_355,0,0.31549013047842084,0.029421763550928834,16,7,3,0,0,0,1,2025-08-07 16:04:49,0
TXN_203122,CUST_185,1,0.47273335563733687,0.15363455301983292,0,9,5,0,1,0,0,2025-08-09 00:34:26,0
TXN_203123,CUST_104,1,0.6925393108062897,0.030635284524680444,20,16,5,0,0,0,1,2025-08-16 20:32:31,0
TXN_203124,CUST_572,1,0.7410505185680829,0.5862984948947662,2,1,4,0,1,0,0,2025-08-01 02:27:35,1
TXN_203125,CUST_103,1,0.8564737370357979,0.04730283772612188,23,19,1,0,0,0,1,2025-08-19 23:22:06,0
TXN_203126,CUST_136,1,0.11107393777183004,0.009358449930142107,0,6,2,1,0,0,0,2025-08-06 00:47:03,0
TXN_203127,CUST_125,1,0.5152224824355972,0.06598476580041902,0,10,6,0,1,0,0,2025-08-10 00:55:52,0
TXN_203128,CUST_417,1,0.36032117765138844,0.02794945136087284,6,5,1,0,1,0,0,2025-08-05 06:11:02,0
TXN_203129,CUST_479,1,0.5915021746403479,0.02580917805846366,17,4,0,0,0,1,0,2025-08-04 17:05:02,0
TXN_203130,CUST_249,1,0.9217129474740716,0.16241596848118825,5,25,0,0,0,0,1,2025-08-25 05:20:03,0
TXN_203131,CUST_567,0,0.8725326196052191,0.013054967708976264,19,16,5,0,0,1,0,2025-08-16 19:46:12,1
TXN_203132,CUST_270,1,0.37336901973904313,0.03047791148773859,11,7,3,0,1,0,0,2025-08-07 11:57:14,0
TXN_203133,CUST_110,1,0.648711943793911,0.07442695493769969,14,21,3,0,1,0,0,2025-08-21 14:51:08,0
TXN_203134,CUST_443,1,0.6644362663098026,0.12480381265208575,3,18,0,0,1,0,0,2025-08-18 03:30:42,0
TXN_203135,CUST_349,1,0.6691201070592171,0.023658413220258356,6,21,3,0,0,0,1,2025-08-21 06:14:52,0
TXN_203136,CUST_183,1,0.8544663767146202,0.010099851793068163,17,18,0,0,0,0,1,2025-08-18 17:53:17,0
TXN_203137,CUST_284,1,0.9056540649046504,0.033831705763899385,9,17,6,0,0,1,0,2025-08-17 09:00:48,0
TXN_203138,CUST_768,1,0.8410839745734359,0.6532694650600208,16,12,1,0,1,0,0,2025-08-12 16:38:48,0
TXN_203139,CUST_162,1,0.6962194713951154,0.009897015434343112,2,9,5,0,1,0,0,2025-08-09 02:34:38,0
TXN_203140,CUST_567,1,0.9963198394111743,0.006892939018053099,10,2,5,0,0,0,1,2025-08-02 10:50:33,0
TXN_203141,CUST_530,0,0.6637671462027434,0.020311613301294978,8,2,5,0,0,0,1,2025-08-02 08:27:06,0
TXN_203142,CUST_779,0,0.5155570424891268,0.06809356449543984,6,19,1,0,1,0,0,2025-08-19 06:10:38,0
TXN_203143,CUST_187,1,0.20140515222482436,0.019989872870213858,11,14,3,0,1,0,0,2025-08-14 11:20:42,0
TXN_203144,CUST_723,1,0.0545332887253262,0.18183929841841145,5,6,2,1,0,0,0,2025-08-06 05:23:34,0
TXN_203145,CUST_328,1,0.8792238206758113,0.04908989599006157,19,25,0,0,0,0,1,2025-08-25 19:40:34,0
TXN_203146,CUST_578,0,0.9240548678487789,0.16238449387379988,18,14,3,0,1,0,0,2025-08-14 18:51:38,0
TXN_203147,CUST_444,0,0.6825025092004015,0.0421200190428369,2,11,0,1,0,0,0,2025-08-11 02:36:08,0
TXN_203148,CUST_572,1,0.20943459350953494,0.8631981019832534,3,16,5,0,1,0,0,2025-08-16 03:11:05,1
TXN_203149,CUST_355,1,0.13248578119772497,0.02066133116116576,8,14,3,0,1,0,0,2025-08-14 08:35:48,0
TXN_203150,CUST_666,1,0.4958179993308799,0.03562575838503649,12,22,4,0,0,0,1,2025-08-22 12:28:35,0
TXN_203151,CUST_559,0,0.22716627634660422,0.05849730642058559,12,9,5,1,0,0,0,2025-08-09 12:08:29,0
TXN_203152,CUST_439,1,0.587152893944463,0.05499313346468036,16,19,1,0,0,1,0,2025-08-19 16:47:40,0
TXN_203153,CUST_414,1,0.506858481097357,0.0858032769192962,2,6,2,0,0,1,0,2025-08-06 02:11:11,0
TXN_203154,CUST_624,1,0.21043827367012377,0.032303438716264066,13,4,0,0,0,0,1,2025-08-04 13:30:27,0
TXN_203155,CUST_330,1,0.32653061224489793,0.04218646543621235,15,19,1,0,0,1,0,2025-08-19 15:33:38,0
TXN_203156,CUST_318,0,0.47607895617263296,0.20042330549194476,4,11,0,0,1,0,0,2025-08-11 04:39:57,0
TXN_203157,CUST_679,0,0.3646704583472733,0.5521590374141805,17,24,6,0,0,0,1,2025-08-24 17:36:04,0
TXN_203158,CUST_446,1,0.616259618601539,0.03722396900464596,8,13,2,0,0,1,0,2025-08-13 08:06:18,0
TXN_203159,CUST_256,1,0.2860488457678153,0.05824201238287992,11,1,4,0,1,0,0,2025-08-01 11:48:00,0
TXN_203160,CUST_742,1,0.5480093676814988,0.037787014759037924,22,12,1,0,0,1,0,2025-08-12 22:33:50,0
TXN_203161,CUST_401,1,0.30712612914018067,0.987764106490627,10,20,2,0,0,1,0,2025-08-20 10:58:04,0
TXN_203162,CUST_563,0,0.3954499832719973,0.7865189640279859,2,18,0,0,1,0,0,2025-08-18 02:29:24,0
TXN_203163,CUST_707,1,0.8895951823352292,0.35832791358079996,6,25,0,0,1,0,0,2025-08-25 06:02:02,0
TXN_203164,CUST_633,1,0.5894948143191703,0.035877555244143454,3,4,0,0,1,0,0,2025-08-04 03:34:35,0
TXN_203165,CUST_715,0,0.853797256607561,0.1917223251383597,16,12,1,0,0,0,1,2025-08-12 16:22:01,0
TXN_203166,CUST_172,1,0.8430913348946135,0.032450320217409796,13,9,5,0,1,0,0,2025-08-09 13:32:30,0
TXN_203167,CUST_570,0,0.8755436600869856,0.04405745598652103,20,3,6,1,0,0,0,2025-08-03 20:32:25,0
TXN_203168,CUST_348,1,0.5981933757109401,0.03539494459752177,6,18,0,0,0,1,0,2025-08-18 06:38:47,0
TXN_203169,CUST_763,1,0.4499832719973235,0.4565986322044895,10,23,5,0,1,0,0,2025-08-23 10:31:01,0
TXN_203170,CUST_659,1,0.6891937102709936,0.005095389218317284,9,20,2,0,1,0,0,2025-08-20 09:26:06,1
TXN_203171,CUST_457,1,0.1291401806624289,0.05803567884555616,4,16,5,0,0,0,1,2025-08-16 04:11:01,0
TXN_203172,CUST_205,1,0.6269655403144865,0.01276120470668481,3,12,1,0,1,0,0,2025-08-12 03:36:19,0
TXN_203173,CUST_578,0,0.14018066242890598,0.02934132844315855,4,20,2,0,1,0,0,2025-08-20 04:53:49,0
TXN_203174,CUST_524,1,0.17129474740715958,0.02251833299707961,6,11,0,0,1,0,0,2025-08-11 06:16:05,0
TXN_203175,CUST_388,1,0.41418534626965536,0.15656518868555008,20,7,3,0,0,0,1,2025-08-07 20:11:32,0
TXN_203176,CUST_790,1,0.4968216794914687,0.9551284358074856,0,12,1,0,0,0,1,2025-08-12 00:22:19,0
TXN_203177,CUST_763,1,0.6664436266309802,0.03396459855065028,13,12,1,0,0,0,1,2025-08-12 13:49:58,0
TXN_203178,CUST_184,1,0.08129809300769487,0.01802096131914136,18,8,4,0,1,0,0,2025-08-08 18:47:21,0
TXN_203179,CUST_652,1,0.8163265306122449,0.011019609764528319,16,18,0,0,0,0,1,2025-08-18 16:21:51,0
TXN_203180,CUST_302,1,0.7892271662763466,0.014611212185401241,21,13,2,0,0,0,1,2025-08-13 21:08:19,0
TXN_203181,CUST_769,1,0.8578119772499163,0.0590813352465698,20,19,1,0,0,0,1,2025-08-19 20:58:15,0
TXN_203182,CUST_276,1,0.1137504182000669,0.12441562582762918,2,16,5,0,0,0,1,2025-08-16 02:48:52,0
TXN_203183,CUST_148,1,0.9842756774841084,0.02938679176494175,1,17,6,0,0,0,1,2025-08-17 01:48:40,0
TXN_203184,CUST_333,1,0.5918367346938775,0.01952824529518443,14,7,3,0,0,0,1,2025-08-07 14:40:44,1
TXN_203185,CUST_340,1,0.7333556373369019,0.032352399216645976,8,3,6,1,0,0,0,2025-08-03 08:58:52,0
TXN_203186,CUST_611,0,0.9695550351288056,0.23278619624438687,13,5,1,0,1,0,0,2025-08-05 13:11:37,0
TXN_203187,CUST_602,1,0.37872198059551687,0.018954708004996348,22,5,1,0,1,0,0,2025-08-05 22:33:39,0
TXN_203188,CUST_299,1,0.14218802275008363,0.03803531443954618,4,19,1,0,0,0,1,2025-08-19 04:27:13,0
TXN_203189,CUST_621,0,0.13215122114419536,0.05245068462341978,8,6,2,0,1,0,0,2025-08-06 08:27:56,0
TXN_203190,CUST_267,1,0.38909334225493475,0.00578783058086143,8,4,0,0,0,0,1,2025-08-04 08:01:20,0
TXN_203191,CUST_718,1,0.462361993977919,0.4942807316055662,20,2,5,0,0,0,1,2025-08-02 20:52:15,0
TXN_203192,CUST_723,1,0.25125460020073603,0.011435774017774548,14,11,0,0,1,0,0,2025-08-11 14:22:20,0
TXN_203193,CUST_156,1,0.5122114419538307,0.012177175880700605,17,17,6,0,0,1,0,2025-08-17 17:39:49,0
TXN_203194,CUST_267,1,0.9391100702576112,0.047967301659876366,3,9,5,0,0,0,1,2025-08-09 03:48:08,0
TXN_203195,CUST_400,1,0.3807293409166945,0.021409727381289233,11,24,6,0,0,0,1,2025-08-24 11:07:07,0
TXN_203196,CUST_224,1,0.3261960521913683,0.18636814470373805,1,13,2,0,1,0,0,2025-08-13 01:38:32,0
TXN_203197,CUST_314,1,0.34192037470725994,0.22173860905106887,10,5,1,0,1,0,0,2025-08-05 10:50:01,0
TXN_203198,CUST_112,1,0.2532619605219137,0.32072275210889484,6,4,0,1,0,0,0,2025-08-04 06:11:24,0
TXN_203199,CUST_230,1,0.614586818333891,0.8432816698636124,16,5,1,0,1,0,0,2025-08-05 16:57:30,0
TXN_203200,CUST_444,1,0.10137169621947138,0.026501619421007806,15,13,2,1,0,0,0,2025-08-13 15:13:30,0
TXN_203201,CUST_235,1,0.8524590163934426,0.009022720784666156,9,17,6,0,0,0,1,2025-08-17 09:00:43,0
TXN_203202,CUST_216,1,0.09869521579123453,0.026200862061518934,0,25,0,0,1,0,0,2025-08-25 00:19:52,0
TXN_203203,CUST_369,1,0.10103713616594177,0.002203222517185922,3,25,0,0,1,0,0,2025-08-25 03:57:43,0
TXN_203204,CUST_494,1,0.8865841418534627,0.05588841118594956,6,7,3,0,1,0,0,2025-08-07 06:44:03,0
TXN_203205,CUST_450,1,0.5155570424891268,0.8849785302960057,20,18,0,0,0,0,1,2025-08-18 20:21:13,0
TXN_203206,CUST_240,1,0.493141518902643,0.030198137199841962,0,9,5,0,1,0,0,2025-08-09 00:49:35,0
TXN_203207,CUST_199,1,0.25259284041485447,0.04506464342294888,9,12,1,0,1,0,0,2025-08-12 09:22:33,0
TXN_203208,CUST_284,1,0.04115088658414186,0.058833035566061544,21,6,2,0,0,0,1,2025-08-06 21:43:31,0
TXN_203209,CUST_673,1,0.44396119103379056,0.050635648930690426,18,4,0,0,1,0,0,2025-08-04 18:19:40,0
TXN_203210,CUST_182,0,0.5921712947474072,0.03152706506735094,18,10,6,0,1,0,0,2025-08-10 18:06:27,0
TXN_203211,CUST_303,1,0.30210772833723654,0.013904782108462264,5,19,1,0,1,0,0,2025-08-19 05:34:36,1
TXN_203212,CUST_546,1,0.9230511876881901,0.07457033926024671,1,18,0,0,1,0,0,2025-08-18 01:37:25,0
TXN_203213,CUST_208,1,0.9464703914352626,0.03637765178375867,19,5,1,0,1,0,0,2025-08-05 19:33:10,0
TXN_203214,CUST_164,1,0.45868183338909335,0.04517305595950882,10,9,5,0,1,0,0,2025-08-09 10:10:31,0
TXN_203215,CUST_130,1,0.10070257611241216,0.04372522401964379,16,6,2,0,1,0,0,2025-08-06 16:07:45,0
TXN_203216,CUST_259,0,0.164938106390097,0.050897937325593515,15,8,4,0,1,0,0,2025-08-08 15:18:14,0
TXN_203217,CUST_221,1,0.06891937102709936,0.31204625200550073,5,18,0,0,0,0,1,2025-08-18 05:53:02,0
TXN_203218,CUST_579,1,0.13616594178655067,0.012110729487325157,19,4,0,0,1,0,0,2025-08-04 19:31:56,0
TXN_203219,CUST_237,1,0.2499163599866176,0.9238566647778405,18,7,3,0,1,0,0,2025-08-07 18:52:32,0
TXN_203220,CUST_497,1,0.0903312144529943,0.013628504999164348,19,15,4,0,1,0,0,2025-08-15 19:00:15,0
TXN_203221,CUST_447,1,0.4031448645031783,0.01023624175841777,13,24,6,0,0,0,1,2025-08-24 13:58:15,0
TXN_203222,CUST_486,0,0.3519571763131482,0.022549807604467977,17,1,4,0,0,0,1,2025-08-01 17:39:20,1
TXN_203223,CUST_407,0,0.3054533288725326,0.041987126256086006,21,10,6,1,0,0,0,2025-08-10 21:31:45,1
TXN_203224,CUST_293,1,0.9789227166276346,0.016450728128321553,1,17,6,1,0,0,0,2025-08-17 01:02:29,0
TXN_203225,CUST_511,1,0.21646035463365673,0.027914479574885763,7,2,5,0,0,0,1,2025-08-02 07:06:43,0
TXN_203226,CUST_103,1,0.2546002007360321,0.011159496908476632,11,20,2,1,0,0,0,2025-08-20 11:48:36,0
TXN_203227,CUST_112,1,0.3542990966878555,0.7228493304599114,17,10,6,0,1,0,0,2025-08-10 17:30:53,0
TXN_203228,CUST_749,1,0.15623954499832718,0.014051663609607992,23,21,3,0,1,0,0,2025-08-21 23:28:08,0
TXN_203229,CUST_311,1,0.6808297089327534,0.01523720715456994,4,5,1,0,0,1,0,2025-08-05 04:35:22,0
TXN_203230,CUST_419,0,0.941786550685848,0.0399272880614471,20,9,5,0,0,0,1,2025-08-09 20:38:25,0
TXN_203231,CUST_116,1,0.38541318166610905,0.017167649741056654,4,9,5,0,0,0,1,2025-08-09 04:25:43,0
TXN_203232,CUST_686,1,0.6155904984944798,0.005850779795638171,23,17,6,0,0,0,1,2025-08-17 23:26:20,0
TXN_203233,CUST_551,1,0.016728002676480426,0.04640406282625397,6,25,0,0,0,0,1,2025-08-25 06:05:42,0
TXN_203234,CUST_253,1,0.8678487788558046,0.07913765451015911,0,7,3,0,0,0,1,2025-08-07 00:21:32,0
TXN_203235,CUST_164,1,0.226497156239545,0.005630457543919579,6,20,2,1,0,0,0,2025-08-20 06:10:07,0
TXN_203236,CUST_722,1,0.9762462361993978,0.015891179552528303,17,16,5,0,1,0,0,2025-08-16 17:54:26,0
TXN_203237,CUST_620,1,0.8541318166610906,0.01769922088806024,15,16,5,0,1,0,0,2025-08-16 15:02:45,0
TXN_203238,CUST_274,1,0.577785212445634,0.5663890571323226,15,1,4,0,1,0,0,2025-08-01 15:29:27,0
TXN_203239,CUST_485,1,0.4707259953161592,0.22356413627959437,12,21,3,0,1,0,0,2025-08-21 12:03:34,0
TXN_203240,CUST_516,1,0.8169956507193041,0.009319980965556321,22,24,6,0,0,1,0,2025-08-24 22:25:55,0
TXN_203241,CUST_662,1,0.2853797256607561,0.03677633014401136,14,20,2,1,0,0,0,2025-08-20 14:24:21,0
TXN_203242,CUST_358,1,0.11642689862830377,0.02616589027553186,0,5,1,0,0,0,1,2025-08-05 00:19:24,0
TXN_203243,CUST_455,1,0.23251923720307793,0.011295886873826235,22,12,1,0,0,1,0,2025-08-12 22:34:42,0
TXN_203244,CUST_107,1,0.03412512546002008,0.019594691688559877,18,20,2,1,0,0,0,2025-08-20 18:54:09,0
TXN_203245,CUST_260,1,0.7878889260622282,0.04409592495110681,20,25,0,0,1,0,0,2025-08-25 20:32:24,0
TXN_203246,CUST_148,1,0.06992305118768818,0.766410187085416,14,19,1,0,0,0,1,2025-08-19 14:44:58,0
TXN_203247,CUST_375,1,0.8216794914687187,0.008718466246578578,8,14,3,0,1,0,0,2025-08-14 08:13:40,0
TXN_203248,CUST_374,0,0.9745734359317497,0.002496985519477379,6,4,0,1,0,0,0,2025-08-04 06:16:44,0
TXN_203249,CUST_119,1,0.6744730679156908,0.05748662180555903,6,24,6,0,1,0,0,2025-08-24 06:34:49,0
TXN_203250,CUST_763,1,0.24188691870190698,0.028400587400106148,23,21,3,0,0,1,0,2025-08-21 23:50:54,0
TXN_203251,CUST_559,1,0.3870859819337571,0.013817352643494568,16,2,5,0,1,0,0,2025-08-02 16:02:32,0
TXN_203252,CUST_321,1,0.9953161592505855,0.02559934734254119,6,25,0,0,0,1,0,2025-08-25 06:55:47,0
TXN_203253,CUST_303,1,0.44663767146202743,0.8985965437593739,9,13,2,0,0,0,1,2025-08-13 09:17:00,0
TXN_203254,CUST_221,1,0.14185346269655402,0.033737281941734275,14,1,4,0,0,0,1,2025-08-01 14:28:35,0
TXN_203255,CUST_257,1,0.827367012378722,0.07073743151606295,10,15,4,0,1,0,0,2025-08-15 10:34:11,0
TXN_203256,CUST_240,1,0.47172967547674804,0.06501604732857696,8,3,6,0,0,0,1,2025-08-03 08:50:05,0
TXN_203257,CUST_155,1,0.9146871863499498,0.013355725068465139,2,7,3,0,0,0,1,2025-08-07 02:41:15,0
TXN_203258,CUST_303,1,0.007360321177651388,0.03491583112949881,19,1,4,1,0,0,0,2025-08-01 19:29:11,1
TXN_203259,CUST_136,1,0.08798929407828705,0.9064896758566574,4,23,5,0,0,0,1,2025-08-23 04:32:28,0
TXN_203260,CUST_157,1,0.6912010705921713,0.04840444898471484,22,2,5,1,0,0,0,2025-08-02 22:41:56,0
TXN_203261,CUST_781,0,0.09969889595182335,0.016272372019787453,11,25,0,0,1,0,0,2025-08-25 11:30:54,0
TXN_203262,CUST_361,0,0.6453663432586149,0.01399221157342996,17,12,1,0,0,1,0,2025-08-12 17:19:18,0
TXN_203263,CUST_284,1,0.04449648711943794,0.6716786132036187,17,8,4,1,0,0,0,2025-08-08 17:39:56,0
TXN_203264,CUST_691,1,0.9548343927735028,0.03861934326553038,18,19,1,1,0,0,0,2025-08-19 18:00:24,0
TXN_203265,CUST_635,1,0.941786550685848,0.06797116324448506,11,12,1,0,1,0,0,2025-08-12 11:28:27,0
TXN_203266,CUST_570,0,0.04115088658414186,0.03694419471674934,21,2,5,0,1,0,0,2025-08-02 21:11:48,0
TXN_203267,CUST_633,0,0.3044496487119438,0.06938052621976432,9,13,2,0,0,1,0,2025-08-13 09:41:31,0
TXN_203268,CUST_356,1,0.27601204416192704,0.012254113809872177,5,25,0,1,0,0,0,2025-08-25 05:44:25,0
TXN_203269,CUST_485,1,0.8631649381063901,0.5020025019515131,14,14,3,0,0,0,1,2025-08-14 14:11:48,0
TXN_203270,CUST_142,1,0.593174974907996,0.007249651235121296,8,19,1,0,1,0,0,2025-08-19 08:15:46,0
TXN_203271,CUST_610,1,0.7453997992639678,0.0725944333519768,9,8,4,0,0,1,0,2025-08-08 09:59:40,0
TXN_203272,CUST_330,1,0.8825694212111074,0.017475401457742942,8,19,1,0,0,1,0,2025-08-19 08:35:26,0
TXN_203273,CUST_212,0,0.6430244228839076,0.02769066014456846,17,17,6,0,1,0,0,2025-08-17 17:21:11,0
TXN_203274,CUST_531,1,0.9541652726664436,0.6356471821011321,22,24,6,1,0,0,0,2025-08-24 22:03:58,0
TXN_203275,CUST_151,1,0.39611910337905654,0.24298396903821884,12,23,5,0,1,0,0,2025-08-23 12:25:56,0
TXN_203276,CUST_367,1,0.08497825359652057,0.052328283372465006,2,10,6,0,1,0,0,2025-08-10 02:19:50,0
TXN_203277,CUST_435,1,0.08631649381063901,0.026379218170053034,2,11,0,1,0,0,0,2025-08-11 02:53:19,0
TXN_203278,CUST_389,1,0.882903981264637,0.04654394997020229,19,14,3,0,1,0,0,2025-08-14 19:25:57,0
TXN_203279,CUST_760,1,0.9568417530946804,0.01886727854002865,0,22,4,0,0,1,0,2025-08-22 00:46:06,0
TXN_203280,CUST_482,1,0.14252258280361324,0.1513893643594625,18,18,0,0,0,0,1,2025-08-18 18:48:41,0
TXN_203281,CUST_104,1,0.5971896955503513,0.4429666300267264,10,13,2,0,0,1,0,2025-08-13 10:25:15,0
TXN_203282,CUST_682,1,0.4496487119437939,0.4566930560266546,21,7,3,0,0,0,1,2025-08-07 21:44:11,1
TXN_203283,CUST_171,1,0.4165272666443626,0.008109957170403418,13,3,6,0,1,0,0,2025-08-03 13:40:33,0
TXN_203284,CUST_214,1,0.9314151890264302,0.03300287443600563,5,15,4,0,0,0,1,2025-08-15 05:50:25,0
TXN_203285,CUST_406,1,0.5720976915356306,0.08518777348592363,13,10,6,0,0,0,1,2025-08-10 13:11:52,0
TXN_203286,CUST_599,1,0.5125460020073603,0.03338756408186349,16,17,6,1,0,0,0,2025-08-17 16:54:35,0
TXN_203287,CUST_709,1,0.405152224824356,0.02119989666536676,16,3,6,1,0,0,0,2025-08-03 16:28:20,0
TXN_203288,CUST_163,1,0.5132151221144196,0.009302495072562783,9,11,0,0,1,0,0,2025-08-11 09:49:25,0
TXN_203289,CUST_133,1,0.2706590833054533,0.27030043107272556,8,18,0,0,0,0,1,2025-08-18 08:12:03,0
TXN_203290,CUST_508,0,0.305118768819003,0.009977450542113391,4,11,0,0,1,0,0,2025-08-11 04:01:06,0
TXN_203291,CUST_258,1,0.08497825359652057,0.87197602026601,3,18,0,0,1,0,0,2025-08-18 03:00:57,0
TXN_203292,CUST_472,1,0.06356641017062563,0.20363721262415724,4,5,1,0,0,0,1,2025-08-05 04:12:44,0
TXN_203293,CUST_130,1,0.6982268317162931,0.010215258686825521,22,13,2,0,0,0,1,2025-08-13 22:52:06,0
TXN_203294,CUST_676,1,0.5098695215791235,0.5803917602415487,13,4,0,0,0,0,1,2025-08-04 13:30:29,0
TXN_203295,CUST_594,0,0.05955168952827033,0.012397498132419197,8,11,0,0,0,1,0,2025-08-11 08:10:35,0
TXN_203296,CUST_714,1,0.11107393777183004,0.03050938609512696,0,2,5,0,0,0,1,2025-08-02 00:31:14,0
TXN_203297,CUST_451,1,0.045834727333556376,0.009407410430524017,19,24,6,0,0,0,1,2025-08-24 19:07:53,0
TXN_203298,CUST_193,1,0.14620274339243894,0.14862659326648334,2,2,5,0,0,0,1,2025-08-02 02:09:10,0
TXN_203299,CUST_789,1,0.2940782870525259,0.024085069009300707,9,10,6,0,0,0,1,2025-08-10 09:28:34,0
TXN_203300,CUST_546,0,0.47607895617263296,0.22324239584851324,19,11,0,0,0,0,1,2025-08-11 19:24:30,0
TXN_203301,CUST_388,1,0.40816326530612246,0.021661524240396194,0,6,2,0,1,0,0,2025-08-06 00:06:41,0
TXN_203302,CUST_693,1,0.3834058213449314,0.03506271263064453,22,2,5,0,0,0,1,2025-08-02 22:44:57,0
TXN_203303,CUST_301,1,0.22783539645366344,0.007903623633079657,13,6,2,0,0,1,0,2025-08-06 13:12:57,0
TXN_203304,CUST_106,1,0.4185346269655403,0.9854769516870721,6,17,6,0,0,0,1,2025-08-17 06:43:46,0
TXN_203305,CUST_721,1,0.8869187019069923,0.020206697943333744,20,24,6,0,1,0,0,2025-08-24 20:24:59,0
TXN_203306,CUST_707,1,0.5650719304115088,0.3369601523426952,11,24,6,0,0,1,0,2025-08-24 11:56:37,0
TXN_203307,CUST_293,0,0.4596855135496822,0.39150914412533966,0,7,3,0,1,0,0,2025-08-07 00:11:06,0
TXN_203308,CUST_144,1,0.9173636667781867,0.03370930451294461,7,17,6,0,0,0,1,2025-08-17 07:34:25,0
TXN_203309,CUST_579,1,0.6343258614921378,0.6287332600114868,0,17,6,1,0,0,0,2025-08-17 00:27:20,0
TXN_203310,CUST_623,1,0.8481097356975577,0.02073826909033733,22,21,3,0,0,1,0,2025-08-21 22:11:01,0
TXN_203311,CUST_544,1,0.0976915356306457,0.01149872323255129,12,13,2,0,1,0,0,2025-08-13 12:09:20,0
TXN_203312,CUST_369,1,0.5965205754432921,0.01070136651204591,7,6,2,1,0,0,0,2025-08-06 07:45:58,0
TXN_203313,CUST_690,1,0.057209769153563066,0.021371258416703447,11,17,6,1,0,0,0,2025-08-17 11:27:03,0
TXN_203314,CUST_111,0,0.22014051522248243,0.035450899455101104,14,21,3,1,0,0,0,2025-08-21 14:42:11,1
TXN_203315,CUST_115,1,0.49882903981264637,0.005182818683284979,3,6,2,0,1,0,0,2025-08-06 03:31:44,0
TXN_203316,CUST_127,1,0.5951823352291736,0.010232744579819063,16,9,5,0,1,0,0,2025-08-09 16:17:44,0
TXN_203317,CUST_742,1,0.7430578788892606,0.05645495411894023,18,14,3,0,1,0,0,2025-08-14 18:09:34,0
TXN_203318,CUST_456,1,0.7116092338574774,0.040976441641059444,7,24,6,0,1,0,0,2025-08-24 07:34:15,0
TXN_203319,CUST_404,0,0.2893944463031114,0.7317531471722215,13,12,1,0,0,0,1,2025-08-12 13:15:42,1
TXN_203320,CUST_313,1,0.48277015724322514,0.7463293875716357,13,13,2,0,1,0,0,2025-08-13 13:39:51,0
TXN_203321,CUST_516,1,0.9357644697223151,0.025368533555026475,6,13,2,0,1,0,0,2025-08-13 06:16:01,0
TXN_203322,CUST_328,1,0.8052860488457678,0.011575661161722862,7,7,3,0,1,0,0,2025-08-07 07:39:49,0
TXN_203323,CUST_709,1,0.4961525593844095,0.022263038959373937,4,10,6,0,0,0,1,2025-08-10 04:57:52,0
TXN_203324,CUST_660,1,0.7952492472398796,0.8709653356509834,9,5,1,0,1,0,0,2025-08-05 09:14:52,0
TXN_203325,CUST_216,1,0.31983941117430575,0.03401355905103219,11,23,5,0,1,0,0,2025-08-23 11:17:21,0
TXN_203326,CUST_497,1,0.5901639344262295,0.05091542321858705,23,9,5,1,0,0,0,2025-08-09 23:53:45,0
TXN_203327,CUST_252,1,0.4841083974573436,0.03979789245329491,3,14,3,0,1,0,0,2025-08-14 03:37:31,0
TXN_203328,CUST_406,1,0.2924054867848779,0.021563603239632374,1,17,6,0,0,0,1,2025-08-17 01:05:36,0
TXN_203329,CUST_135,0,0.984610237537638,0.07180057381007011,14,17,6,1,0,0,0,2025-08-17 14:12:34,1
TXN_203330,CUST_495,1,0.9882903981264637,0.004658241893478806,15,16,5,0,1,0,0,2025-08-16 15:12:45,0
TXN_203331,CUST_733,1,0.65807962529274,0.02714859746176875,7,4,0,0,1,0,0,2025-08-04 07:08:53,0
TXN_203332,CUST_510,1,0.664101706256273,0.015807247266159313,1,13,2,0,1,0,0,2025-08-13 01:55:43,0
TXN_203333,CUST_444,0,0.8798929407828705,0.020350082265880764,8,23,5,0,1,0,0,2025-08-23 08:52:17,1
TXN_203334,CUST_388,0,0.3726998996319839,0.00781969134671067,14,18,0,0,0,1,0,2025-08-18 14:43:48,0
TXN_203335,CUST_376,1,0.6912010705921713,0.08574732206171688,21,21,3,0,1,0,0,2025-08-21 21:13:57,0
TXN_203336,CUST_159,1,0.5968551354968217,0.0021053015164221034,20,23,5,0,0,1,0,2025-08-23 20:22:10,0
TXN_203337,CUST_547,1,0.9190364670458347,0.01918901897110977,18,24,6,0,1,0,0,2025-08-24 18:46:17,0
TXN_203338,CUST_528,1,0.5968551354968217,0.060662059973185724,9,9,5,0,0,0,1,2025-08-09 09:56:24,1
TXN_203339,CUST_542,1,0.8942790230846437,0.05758803998492156,20,18,0,0,0,1,0,2025-08-18 20:08:08,0
TXN_203340,CUST_400,0,0.5413181666109066,0.3404048732624224,10,25,0,0,0,0,1,2025-08-25 10:17:49,0
TXN_203341,CUST_552,1,0.06590833054533288,0.2464216956007486,6,16,5,0,1,0,0,2025-08-16 06:47:12,0
TXN_203342,CUST_581,1,0.5610572097691535,0.08233057857077934,0,19,1,1,0,0,0,2025-08-19 00:41:41,0
TXN_203343,CUST_434,1,0.2609568417530947,0.052775922233099605,17,4,0,0,1,0,0,2025-08-04 17:31:56,0
TXN_203344,CUST_291,1,0.616259618601539,0.9520684045336163,9,23,5,0,1,0,0,2025-08-23 09:55:44,0
TXN_203345,CUST_593,1,0.6935429909668785,0.014160076146167936,17,18,0,0,0,0,1,2025-08-18 17:34:13,0
TXN_203346,CUST_499,0,0.5894948143191703,0.04678875247211183,10,5,1,1,0,0,0,2025-08-05 10:55:07,0
TXN_203347,CUST_266,1,0.8427567748410839,0.01960168604575729,17,19,1,0,0,0,1,2025-08-19 17:35:02,0
TXN_203348,CUST_173,1,0.15925058548009366,0.056238129045820345,3,2,5,0,1,0,0,2025-08-02 03:48:07,0
TXN_203349,CUST_544,1,0.7263298762127802,0.031492093281363855,13,1,4,0,1,0,0,2025-08-01 13:11:15,0
TXN_203350,CUST_789,1,0.5844764135162261,0.009512325788485251,11,5,1,0,0,0,1,2025-08-05 11:01:04,0
TXN_203351,CUST_739,1,0.6433589829374372,0.016076530018259816,4,14,3,0,0,0,1,2025-08-14 04:35:30,0
TXN_203352,CUST_205,1,0.8548009367681498,0.4691709892668441,8,18,0,0,0,0,1,2025-08-18 08:04:09,0
TXN_203353,CUST_507,0,0.2679826028772164,0.02512023387451822,21,16,5,0,0,0,1,2025-08-16 21:34:56,0
TXN_203354,CUST_617,1,0.3081298093007695,0.03851442790756915,6,2,5,0,0,0,1,2025-08-02 06:31:42,0
TXN_203355,CUST_194,1,0.9642020742723318,0.26863927123833936,3,16,5,0,1,0,0,2025-08-16 03:25:22,0
TXN_203356,CUST_364,1,0.052860488457678156,0.019755561904100435,20,18,0,0,1,0,0,2025-08-18 20:44:46,0
TXN_203357,CUST_464,1,0.11040481766477082,0.02104602080702362,7,17,6,0,0,0,1,2025-08-17 07:39:53,0
TXN_203358,CUST_318,1,0.8049514887922382,0.039958762668835475,14,25,0,0,0,0,1,2025-08-25 14:31:37,0
TXN_203359,CUST_557,1,0.7858815657410505,0.04256416072487279,1,13,2,0,0,1,0,2025-08-13 01:48:37,0
TXN_203360,CUST_387,1,0.7129474740715959,0.0053541804346216625,1,5,1,0,1,0,0,2025-08-05 01:13:27,0
TXN_203361,CUST_255,0,0.9344262295081966,0.03751423482833871,1,3,6,0,0,1,0,2025-08-03 01:16:58,0
TXN_203362,CUST_666,1,0.7283372365339579,0.07523130601540248,4,8,4,0,1,0,0,2025-08-08 04:09:29,0
TXN_203363,CUST_557,1,0.10137169621947138,0.02204971106485276,14,7,3,0,0,0,1,2025-08-07 14:31:17,0
TXN_203364,CUST_102,0,0.45834727333556374,0.01658362091507245,8,7,3,1,0,0,0,2025-08-07 08:12:55,0
TXN_203365,CUST_176,1,0.2964202074272332,0.010977643621343826,2,15,4,0,0,0,1,2025-08-15 02:48:05,0
TXN_203366,CUST_374,1,0.3174974907995985,0.05669625944225107,5,15,4,0,0,1,0,2025-08-15 05:53:54,0
TXN_203367,CUST_238,1,0.18367346938775508,0.03626923924719873,1,16,5,0,1,0,0,2025-08-16 01:08:34,1
TXN_203368,CUST_714,1,0.4235530277684844,0.020857173162693397,6,7,3,0,0,0,1,2025-08-07 06:44:20,0
TXN_203369,CUST_340,1,0.27601204416192704,0.0071167584483704,12,23,5,0,1,0,0,2025-08-23 12:33:56,0
TXN_203370,CUST_116,1,0.7748410839745734,0.5111860929517198,10,24,6,0,1,0,0,2025-08-24 10:57:38,0
TXN_203371,CUST_681,0,0.8819003011040482,0.062029456805280485,7,19,1,0,0,0,1,2025-08-19 07:12:00,0
TXN_203372,CUST_322,1,0.6326530612244898,0.0064173227286288366,20,11,0,0,0,0,1,2025-08-11 20:17:05,0
TXN_203373,CUST_428,1,0.6249581799933088,0.030397476379968313,13,24,6,1,0,0,0,2025-08-24 13:26:03,0
TXN_203374,CUST_697,1,0.15088658414185346,0.019563217081171504,14,6,2,0,0,0,1,2025-08-06 14:04:32,0
TXN_203375,CUST_612,0,0.6423553027768484,0.013876804679672602,4,2,5,1,0,0,0,2025-08-02 04:37:56,0
TXN_203376,CUST_729,1,0.9585145533623285,0.015020382081450057,23,6,2,1,0,0,0,2025-08-06 23:46:06,0
TXN_203377,CUST_151,1,0.2716627634660421,0.006228475084298615,3,20,2,0,0,1,0,2025-08-20 03:25:48,0
TXN_203378,CUST_639,0,0.4616928738708598,0.012324057381846332,2,14,3,0,1,0,0,2025-08-14 02:32:17,0
TXN_203379,CUST_118,1,0.8507862161257945,0.00986903800555345,20,7,3,0,1,0,0,2025-08-07 20:30:09,1
TXN_203380,CUST_748,1,0.5028437604550017,0.053115148557174266,0,9,5,0,1,0,0,2025-08-09 00:34:12,0
TXN_203381,CUST_440,1,0.19237203077952492,0.03794089061738106,11,10,6,0,0,0,1,2025-08-10 11:04:16,0
TXN_203382,CUST_190,1,0.5841418534626965,0.08498493712719857,4,1,4,0,0,0,1,2025-08-01 04:03:48,0
TXN_203383,CUST_121,1,0.7761793241886918,0.011802977770638868,21,6,2,0,0,0,1,2025-08-06 21:44:38,0
TXN_203384,CUST_353,1,0.8283706925393108,0.03626574206860002,22,8,4,0,0,1,0,2025-08-08 22:02:16,0
TXN_203385,CUST_122,1,0.01605888256942121,0.5090807914352976,20,7,3,0,0,0,1,2025-08-07 20:09:47,0
TXN_203386,CUST_547,1,0.8183338909334226,0.021525134275046588,7,13,2,1,0,0,0,2025-08-13 07:39:08,0
TXN_203387,CUST_564,1,0.5938440950150552,0.025655302200120515,23,17,6,0,1,0,0,2025-08-17 23:28:08,0
TXN_203388,CUST_401,0,0.7253261960521914,0.7077100443061053,13,10,6,0,1,0,0,2025-08-10 13:21:45,1
TXN_203389,CUST_174,1,0.6938775510204082,0.21045321371303877,17,5,1,0,1,0,0,2025-08-05 17:43:11,0
TXN_203390,CUST_196,1,0.7858815657410505,0.02640369842024399,16,4,0,0,0,0,1,2025-08-04 16:34:53,0
TXN_203391,CUST_719,1,0.13148210103713615,0.02527760691146007,20,5,1,0,0,1,0,2025-08-05 20:46:13,0
TXN_203392,CUST_244,1,0.014720642355302776,0.2137790305604099,9,1,4,0,0,1,0,2025-08-01 09:35:57,0
TXN_203393,CUST_172,0,0.31013716962194715,0.7000442288177378,23,16,5,0,1,0,0,2025-08-16 23:09:10,0
TXN_203394,CUST_366,1,0.7106055536968886,0.04473940581326905,21,11,0,0,0,0,1,2025-08-11 21:44:06,0
TXN_203395,CUST_769,0,0.15423218467714955,0.4611834333473954,11,21,3,0,0,0,1,2025-08-21 11:05:02,0
TXN_203396,CUST_466,1,0.8885915021746403,0.010505524510518272,4,3,6,0,0,0,1,2025-08-03 04:36:34,0
TXN_203397,CUST_266,1,0.6169287387085982,0.020444506088045874,18,10,6,0,0,0,1,2025-08-10 18:46:13,0
TXN_203398,CUST_304,0,0.7985948477751756,0.021920315456700572,0,11,0,0,0,0,1,2025-08-11 00:34:36,0
TXN_203399,CUST_354,1,0.7336901973904315,0.08500941737738953,1,2,5,0,0,0,1,2025-08-02 01:51:17,0
TXN_203400,CUST_651,1,0.8568082970893275,0.01501338772425264,4,15,4,0,1,0,0,2025-08-15 04:34:04,0
TXN_203401,CUST_241,1,0.4998327199732352,0.0569375647655619,15,17,6,1,0,0,0,2025-08-17 15:24:49,0
TXN_203402,CUST_760,1,0.8548009367681498,0.021692998847784563,22,18,0,0,1,0,0,2025-08-18 22:04:05,0
TXN_203403,CUST_712,1,0.8159919705587153,0.0502684451778261,3,2,5,0,0,0,1,2025-08-02 03:03:20,0
TXN_203404,CUST_303,1,0.08364001338240214,0.02056690733900065,20,11,0,0,1,0,0,2025-08-11 20:24:50,0
TXN_203405,CUST_267,1,0.7721646035463365,0.059878691967075175,8,2,5,0,1,0,0,2025-08-02 08:22:02,0
TXN_203406,CUST_306,1,0.8374038139846102,0.4005878197675852,2,19,1,0,1,0,0,2025-08-19 02:17:12,0
TXN_203407,CUST_653,1,0.3261960521913683,0.016601106808065987,11,25,0,0,1,0,0,2025-08-25 11:45:48,0
TXN_203408,CUST_726,1,0.5092004014720642,0.5661302659160182,18,4,0,0,0,1,0,2025-08-04 18:15:48,0
TXN_203409,CUST_764,1,0.571763131482101,0.4708741152444148,15,23,5,0,0,0,1,2025-08-23 15:06:57,0
TXN_203410,CUST_513,1,0.3750418200066912,0.04236132436614774,0,24,6,0,1,0,0,2025-08-24 00:26:44,0
TXN_203411,CUST_300,1,0.04884576781532285,0.4766619458252762,12,22,4,0,1,0,0,2025-08-22 12:54:04,1
TXN_203412,CUST_338,1,0.5292740046838408,0.016020575160680492,17,22,4,0,0,0,1,2025-08-22 17:20:10,0
TXN_203413,CUST_647,1,0.600869856139177,0.03409049698020376,10,18,0,0,0,0,1,2025-08-18 10:45:40,0
TXN_203414,CUST_481,1,0.4312479089996654,0.10541545450084962,6,4,0,0,0,1,0,2025-08-04 06:03:07,0
TXN_203415,CUST_155,1,0.15858146537303444,0.46028465844752753,4,25,0,0,1,0,0,2025-08-25 04:44:30,1
TXN_203416,CUST_395,1,0.7745065239210438,0.07749398056876644,12,16,5,0,0,1,0,2025-08-16 12:06:15,0
TXN_203417,CUST_697,1,0.6259618601538977,0.023046406965484486,4,21,3,0,1,0,0,2025-08-21 04:21:40,0
TXN_203418,CUST_545,1,0.03379056540649047,0.8566094175032879,13,7,3,0,1,0,0,2025-08-07 13:33:17,0
TXN_203419,CUST_181,1,0.65807962529274,0.043599325590090304,18,12,1,0,0,0,1,2025-08-12 18:42:04,0
TXN_203420,CUST_609,1,0.961525593844095,0.015387585834314377,17,14,3,0,1,0,0,2025-08-14 17:29:13,0
TXN_203421,CUST_133,1,0.6022080963532954,0.04028050309991659,5,2,5,0,1,0,0,2025-08-02 05:55:28,0
TXN_203422,CUST_533,1,0.6955503512880562,0.02307088721567544,4,13,2,0,1,0,0,2025-08-13 04:13:21,0
TXN_203423,CUST_488,1,0.8591502174640347,0.004857581073605152,11,19,1,0,0,1,0,2025-08-19 11:12:41,0
TXN_203424,CUST_162,1,0.22348611575777852,0.031397669459198745,10,19,1,0,1,0,0,2025-08-19 10:10:26,0
TXN_203425,CUST_227,1,0.02275008364001338,0.020444506088045874,18,3,6,0,1,0,0,2025-08-03 18:18:16,0
TXN_203426,CUST_594,1,0.4697223151555704,0.7664941193717849,10,18,0,0,0,1,0,2025-08-18 10:29:30,1
TXN_203427,CUST_328,1,0.5202408832385413,0.018930227754805393,12,17,6,0,0,0,1,2025-08-17 12:50:56,0
TXN_203428,CUST_121,1,0.35630645700903313,0.8446071005525226,5,2,5,0,0,1,0,2025-08-02 05:59:25,0
TXN_203429,CUST_719,1,0.7781866845098695,0.2229031695244386,7,22,4,0,1,0,0,2025-08-22 07:09:38,0
TXN_203430,CUST_291,1,0.09936433589829374,0.03291894214963664,16,3,6,0,1,0,0,2025-08-03 16:00:59,0
TXN_203431,CUST_250,0,0.0585480093676815,0.021420218917085353,1,19,1,0,0,1,0,2025-08-19 01:07:39,0
TXN_203432,CUST_150,1,0.012378721980595517,0.05257658305297326,15,9,5,0,1,0,0,2025-08-09 15:33:28,0
TXN_203433,CUST_137,0,0.3583138173302108,0.021280331773137044,3,18,0,0,1,0,0,2025-08-18 03:02:00,0
TXN_203434,CUST_486,1,0.01137504182000669,0.22520781022098704,9,21,3,0,1,0,0,2025-08-21 09:25:05,0
TXN_203435,CUST_658,1,0.3332218133154901,0.00494151335997414,20,3,6,0,0,0,1,2025-08-03 20:45:34,0
TXN_203436,CUST_506,1,0.7561057209769153,0.02104252362842491,9,18,0,0,1,0,0,2025-08-18 09:22:37,0
TXN_203437,CUST_649,1,0.5439946470391435,0.04421482902346288,6,11,0,0,0,0,1,2025-08-11 06:25:19,0
TXN_203438,CUST_380,0,0.3690197390431582,0.037213477468849836,23,4,0,0,1,0,0,2025-08-04 23:47:07,0
TXN_203439,CUST_312,1,0.7661425225828036,0.34226886945553364,19,21,3,1,0,0,0,2025-08-21 19:06:15,0
TXN_203440,CUST_148,0,0.4493141518902643,0.21881147056395045,8,25,0,1,0,0,0,2025-08-25 08:40:44,0
TXN_203441,CUST_433,1,0.1990632318501171,0.1003060765681375,13,1,4,0,0,0,1,2025-08-01 13:43:46,0
TXN_203442,CUST_353,1,0.8106390097022416,0.04035394385048945,7,22,4,0,1,0,0,2025-08-22 07:43:07,0
TXN_203443,CUST_477,1,0.2114419538307126,0.013443154533432831,1,8,4,0,1,0,0,2025-08-08 01:45:47,0
TXN_203444,CUST_251,0,0.5590498494479759,0.002294149160752325,5,1,4,0,0,1,0,2025-08-01 05:54:24,0
TXN_203445,CUST_675,1,0.8658414185346269,0.012313565846050208,15,10,6,0,0,0,1,2025-08-10 15:40:38,1
TXN_203446,CUST_491,1,0.8156574105051857,0.018237786392261243,21,5,1,0,0,0,1,2025-08-05 21:59:36,0
TXN_203447,CUST_490,1,0.8377383740381398,0.01455176014922321,4,21,3,0,0,0,1,2025-08-21 04:35:22,0
TXN_203448,CUST_690,0,0.3770491803278688,0.007963075669257691,15,11,0,0,1,0,0,2025-08-11 15:18:22,0
TXN_203449,CUST_634,1,0.8176647708263634,0.04106736828462585,6,3,6,0,1,0,0,2025-08-03 06:31:38,0
TXN_203450,CUST_567,1,0.33790565406490464,0.004095196139086849,19,24,6,0,0,1,0,2025-08-24 19:41:05,0
TXN_203451,CUST_273,0,0.13650050184008028,0.022406423281920957,22,6,2,0,1,0,0,2025-08-06 22:48:28,0
TXN_203452,CUST_276,1,0.7999330879892941,0.03399957033663736,22,25,0,0,0,0,1,2025-08-25 22:55:24,0
TXN_203453,CUST_226,0,0.4463031114084978,0.020902636484476596,4,21,3,0,0,1,0,2025-08-21 04:05:53,0
TXN_203454,CUST_438,0,0.37437269989963196,0.021776931134153552,16,1,4,0,0,1,0,2025-08-01 16:41:03,0
TXN_203455,CUST_460,1,0.46370023419203743,0.021311806380525412,20,6,2,0,1,0,0,2025-08-06 20:53:14,0
TXN_203456,CUST_240,1,0.5349615255938441,0.056542383583907924,8,11,0,0,1,0,0,2025-08-11 08:40:37,0
TXN_203457,CUST_192,1,0.7624623619939779,0.04424980080944996,4,21,3,0,0,0,1,2025-08-21 04:59:39,0
TXN_203458,CUST_476,1,0.26262964202074274,0.04594942960842196,21,15,4,0,0,0,1,2025-08-15 21:36:52,0
TXN_203459,CUST_475,1,0.8203412512546002,0.015055353867437133,14,22,4,0,0,0,1,2025-08-22 14:22:03,0
TXN_203460,CUST_112,1,0.2850451656072265,1.0,10,21,3,0,0,0,1,2025-08-21 10:59:48,0
TXN_203461,CUST_700,1,0.3362328537972566,0.007389538379069609,6,8,4,0,0,0,1,2025-08-08 06:00:33,0
TXN_203462,CUST_464,1,0.02040816326530612,0.02061237066078385,16,19,1,0,0,1,0,2025-08-19 16:35:57,0
TXN_203463,CUST_104,1,0.8962863834058213,0.033401552796258324,15,6,2,0,0,0,1,2025-08-06 15:41:51,0
TXN_203464,CUST_209,1,0.8006022080963533,0.6463800232205664,22,1,4,0,1,0,0,2025-08-01 22:09:14,0
TXN_203465,CUST_408,1,0.0903312144529943,0.837098658101097,23,8,4,0,1,0,0,2025-08-08 23:02:08,0
TXN_203466,CUST_591,1,0.9253931080628973,0.022521830175678315,20,25,0,0,1,0,0,2025-08-25 20:36:50,0
TXN_203467,CUST_191,1,0.736701237872198,0.019070114898753703,2,22,4,0,0,0,1,2025-08-22 02:12:04,0
TXN_203468,CUST_255,1,0.4633656741385078,0.019129566934931737,22,5,1,0,0,1,0,2025-08-05 22:26:31,0
TXN_203469,CUST_751,1,0.8688524590163934,0.023469565575928133,12,5,1,0,1,0,0,2025-08-05 12:22:32,0
TXN_203470,CUST_701,1,0.7818668450986952,0.062018965269484354,20,1,4,0,0,1,0,2025-08-01 20:16:19,0
TXN_203471,CUST_760,1,0.5199063231850117,0.21026436606870855,4,16,5,0,1,0,0,2025-08-16 04:44:04,0
TXN_203472,CUST_142,0,0.2857142857142857,0.2788475355679675,12,17,6,0,0,0,1,2025-08-17 12:41:03,0
TXN_203473,CUST_590,1,0.4964871194379391,0.02857894350864025,20,17,6,0,0,0,1,2025-08-17 20:09:44,0
TXN_203474,CUST_605,1,0.5322850451656073,0.04148003535927337,22,2,5,0,1,0,0,2025-08-02 22:07:40,0
TXN_203475,CUST_643,1,0.64101706256273,0.9088222939819955,4,4,0,0,0,1,0,2025-08-04 04:20:22,0
TXN_203476,CUST_728,1,0.4690531950485112,0.018713402681685507,15,2,5,1,0,0,0,2025-08-02 15:14:45,0
TXN_203477,CUST_614,1,0.8645031783205085,0.041119825963606464,13,23,5,0,1,0,0,2025-08-23 13:42:11,1
TXN_203478,CUST_488,1,0.7387085981933756,0.02029063022970273,15,9,5,0,0,0,1,2025-08-09 15:18:05,0
TXN_203479,CUST_625,1,0.124790899966544,0.05915127881854395,17,22,4,0,0,0,1,2025-08-22 17:16:29,0
TXN_203480,CUST_700,0,0.10270993643358982,0.03423737848134949,9,16,5,0,1,0,0,2025-08-16 09:12:21,0
TXN_203481,CUST_531,1,0.006356641017062563,0.023577978112488074,12,3,6,0,1,0,0,2025-08-03 12:19:34,0
TXN_203482,CUST_570,1,0.34994981599197056,0.024707566799870698,8,5,1,0,0,1,0,2025-08-05 08:26:54,0
TXN_203483,CUST_284,1,0.27233188357310134,0.023997639544333014,22,3,6,0,0,0,1,2025-08-03 22:01:35,0
TXN_203484,CUST_664,1,0.1569086651053864,0.04511010674473208,16,15,4,0,1,0,0,2025-08-15 16:57:29,0
TXN_203485,CUST_752,1,0.8079625292740047,0.11557825550869452,3,5,1,0,1,0,0,2025-08-05 03:54:40,0
TXN_203486,CUST_227,1,0.15490130478420877,0.9085879830158821,7,4,0,0,0,1,0,2025-08-04 07:13:31,0
TXN_203487,CUST_605,1,0.01137504182000669,0.02331568971758499,3,21,3,0,0,0,1,2025-08-21 03:21:51,0
TXN_203488,CUST_136,1,0.35898293743727,0.038360552049226004,23,19,1,0,1,0,0,2025-08-19 23:46:48,0
TXN_203489,CUST_755,0,0.6276346604215457,0.025469951734389002,7,25,0,0,1,0,0,2025-08-25 07:12:52,0
TXN_203490,CUST_107,0,0.6058882569421211,0.0269457611030437,4,24,6,0,0,1,0,2025-08-24 04:29:40,1
TXN_203491,CUST_727,1,0.6129140180662429,0.9544220057305467,5,17,6,0,1,0,0,2025-08-17 05:51:56,0
TXN_203492,CUST_235,1,0.10137169621947138,0.3278849738790484,11,4,0,0,0,1,0,2025-08-04 11:09:21,0
TXN_203493,CUST_334,0,0.15490130478420877,0.9927091170291998,21,21,3,0,1,0,0,2025-08-21 21:44:22,1
TXN_203494,CUST_417,0,0.028772164603546337,0.030201634378440673,19,18,0,0,1,0,0,2025-08-18 19:24:34,0
TXN_203495,CUST_483,0,0.6728002676480428,0.03451365559064741,4,16,5,0,0,0,1,2025-08-16 04:24:50,0
TXN_203496,CUST_720,1,0.8193375710940114,0.025403505341013554,4,8,4,0,1,0,0,2025-08-08 04:11:39,0
TXN_203497,CUST_585,1,0.15590498494479757,0.019360380722446453,5,17,6,0,0,1,0,2025-08-17 05:04:47,0
TXN_203498,CUST_768,1,0.2699899631983941,0.00558149704353767,14,21,3,0,1,0,0,2025-08-21 14:10:39,0
TXN_203499,CUST_344,1,0.5945132151221144,0.6495519642095944,4,21,3,0,0,0,1,2025-08-21 04:31:35,0
TXN_203500,CUST_547,1,0.07126129140180662,0.03365684683396399,10,6,2,0,0,0,1,2025-08-06 10:23:44,0
TXN_203501,CUST_571,0,0.35898293743727,0.016104507447049478,16,13,2,0,0,0,1,2025-08-13 16:13:08,0
TXN_203502,CUST_523,1,0.19638675142188022,0.007043317697797536,3,20,2,0,1,0,0,2025-08-20 03:12:54,0
TXN_203503,CUST_718,0,0.7159585145533623,0.06882097764397106,8,20,2,1,0,0,0,2025-08-20 08:18:54,0
TXN_203504,CUST_587,1,0.17798594847775176,0.01225061663127347,16,5,1,1,0,0,0,2025-08-05 16:50:25,0
TXN_203505,CUST_704,1,0.045834727333556376,0.022633739890836967,20,21,3,0,0,1,0,2025-08-21 20:49:10,0
TXN_203506,CUST_592,1,0.7447306791569086,0.026379218170053034,4,15,4,0,1,0,0,2025-08-15 04:42:09,0
TXN_203507,CUST_305,1,0.7775175644028103,0.08788409818552735,3,7,3,0,0,1,0,2025-08-07 03:30:16,0
TXN_203508,CUST_218,1,0.30679156908665106,0.010530004760709224,3,7,3,0,1,0,0,2025-08-07 03:11:20,0
TXN_203509,CUST_575,1,0.3793911007025761,0.00770778163155202,20,12,1,0,1,0,0,2025-08-12 20:58:55,0
TXN_203510,CUST_451,1,0.31314821010371363,0.026830354209286342,16,19,1,0,0,1,0,2025-08-19 16:06:52,0
TXN_203511,CUST_683,1,0.45132151221144196,0.005738870080479522,1,8,4,0,1,0,0,2025-08-08 01:51:51,0
TXN_203512,CUST_551,1,0.24422883907661425,0.015331630976735053,13,18,0,0,0,0,1,2025-08-18 13:18:56,0
TXN_203513,CUST_165,1,0.6440281030444964,0.03153405942454835,13,20,2,0,1,0,0,2025-08-20 13:06:46,0
TXN_203514,CUST_319,1,0.36065573770491804,0.40520059833928074,7,18,0,0,0,0,1,2025-08-18 07:02:13,0
TXN_203515,CUST_660,1,0.6413516226162596,0.9095427127733293,12,5,1,0,0,1,0,2025-08-05 12:28:38,0
TXN_203516,CUST_306,1,0.5165607226497156,0.009897015434343112,9,21,3,0,0,0,1,2025-08-21 09:13:22,0
TXN_203517,CUST_674,1,0.09468049514887922,0.03643710381993671,15,15,4,0,0,1,0,2025-08-15 15:30:48,0
TXN_203518,CUST_611,1,0.9029775844764135,0.8430648447904925,13,16,5,0,0,1,0,2025-08-16 13:35:29,0
TXN_203519,CUST_112,1,0.06992305118768818,0.01837417635761085,8,10,6,0,0,0,1,2025-08-10 08:22:16,0
TXN_203520,CUST_293,1,0.3188357310137169,0.04437220206040473,14,3,6,0,0,1,0,2025-08-03 14:19:56,0
TXN_203521,CUST_621,1,0.7514218802275008,0.9493441024052229,4,11,0,0,0,0,1,2025-08-11 04:25:04,0
TXN_203522,CUST_340,1,0.7142857142857143,0.01578626419456707,23,15,4,1,0,0,0,2025-08-15 23:25:55,0
TXN_203523,CUST_227,1,0.6470391435262629,0.03954259841558924,2,9,5,0,0,0,1,2025-08-09 02:52:48,0
TXN_203524,CUST_430,1,0.11508865841418534,0.04428477259543704,6,5,1,0,1,0,0,2025-08-05 06:38:53,0
TXN_203525,CUST_727,1,0.05955168952827033,0.028855220617938167,14,15,4,0,1,0,0,2025-08-15 14:59:32,0
TXN_203526,CUST_603,1,0.17430578788892606,0.02071029166154767,8,8,4,0,0,1,0,2025-08-08 08:16:22,0
TXN_203527,CUST_106,1,0.8912679826028772,0.05481128017754756,0,23,5,0,0,0,1,2025-08-23 00:29:38,0
TXN_203528,CUST_123,1,0.050184008029441285,0.7962446177109923,23,23,5,1,0,0,0,2025-08-23 23:58:36,0
TXN_203529,CUST_410,1,0.7193041150886584,0.004154648175264882,4,1,4,1,0,0,0,2025-08-01 04:26:03,0
TXN_203530,CUST_700,0,0.32653061224489793,0.009708167790012889,0,8,4,0,0,1,0,2025-08-08 00:45:35,0
TXN_203531,CUST_272,1,0.5460020073603211,0.030782166025826167,15,17,6,0,0,0,1,2025-08-17 15:08:36,0
TXN_203532,CUST_789,1,0.28839076614252257,0.071790082274274,12,10,6,0,0,0,1,2025-08-10 12:43:56,0
TXN_203533,CUST_196,1,0.9203747072599532,0.4842298403128799,4,7,3,0,0,1,0,2025-08-07 04:15:46,1
TXN_203534,CUST_181,1,0.07527601204416193,0.4199412061328342,12,4,0,0,0,1,0,2025-08-04 12:09:02,0
TXN_203535,CUST_316,0,0.9083305453328873,0.02486493983681255,21,6,2,0,0,1,0,2025-08-06 21:53:01,0
TXN_203536,CUST_726,0,0.08096353295416527,0.01319135767432587,5,8,4,0,0,0,1,2025-08-08 05:07:50,0
TXN_203537,CUST_320,1,0.3007694881231181,0.1713967231226699,16,25,0,0,0,0,1,2025-08-25 16:08:05,0
TXN_203538,CUST_303,0,0.9993308798929408,0.035069706987841946,7,12,1,0,0,0,1,2025-08-12 07:45:21,0
TXN_203539,CUST_692,0,0.4061559049849448,0.02465860629948879,9,5,1,0,1,0,0,2025-08-05 09:04:22,0
TXN_203540,CUST_341,1,0.9468049514887922,0.9503792672704404,21,5,1,0,1,0,0,2025-08-05 21:35:23,0
TXN_203541,CUST_794,0,0.22348611575777852,1.0,9,14,3,0,1,0,0,2025-08-14 09:39:05,0
TXN_203542,CUST_593,1,0.13215122114419536,0.6750708764443653,5,24,6,0,0,0,1,2025-08-24 05:00:42,0
TXN_203543,CUST_416,1,0.18869187019069922,0.04499120267237602,8,3,6,0,1,0,0,2025-08-03 08:52:43,0
TXN_203544,CUST_344,1,0.48243559718969553,0.01464618397138832,21,5,1,0,1,0,0,2025-08-05 21:14:50,0
TXN_203545,CUST_160,0,0.21378387420541986,0.002668347270814061,3,4,0,0,1,0,0,2025-08-04 03:01:14,0
TXN_203546,CUST_101,1,0.570090331214453,0.010970649264146409,8,5,1,0,1,0,0,2025-08-05 08:35:25,0
TXN_203547,CUST_621,1,0.648711943793911,0.6090826134653475,19,13,2,0,1,0,0,2025-08-13 19:11:28,0
TXN_203548,CUST_328,1,0.8895951823352292,0.08190392278173698,1,13,2,0,0,1,0,2025-08-13 01:45:16,0
TXN_203549,CUST_244,1,0.06390097022415524,0.7895650065874604,22,22,4,0,1,0,0,2025-08-22 22:10:17,0
TXN_203550,CUST_479,1,0.744396119103379,0.06761095384881816,11,12,1,0,0,0,1,2025-08-12 11:27:38,0
TXN_203551,CUST_334,0,0.6841753094680495,0.02221058128039332,7,21,3,0,0,0,1,2025-08-21 07:37:42,0
TXN_203552,CUST_262,1,0.5878220140515222,0.01005788564988367,14,11,0,0,0,1,0,2025-08-11 14:21:58,0
TXN_203553,CUST_406,1,0.31615925058548006,0.7628570536291288,13,3,6,0,0,1,0,2025-08-03 13:50:49,0
TXN_203554,CUST_576,1,0.558046169287387,0.07348621389464728,19,20,2,0,0,1,0,2025-08-20 19:30:57,0
TXN_203555,CUST_752,1,0.35764469722315156,0.09574575567542251,15,19,1,0,0,1,0,2025-08-19 15:19:32,0
TXN_203556,CUST_628,1,0.28002676480428235,0.20793874230056786,16,19,1,0,0,1,0,2025-08-19 16:35:31,0
TXN_203557,CUST_523,1,0.49079959852793575,0.03639513767675221,4,7,3,0,1,0,0,2025-08-07 04:56:41,0
TXN_203558,CUST_416,1,0.08832385413181666,0.030775171668628754,23,12,1,0,0,1,0,2025-08-12 23:15:45,0
TXN_203559,CUST_365,0,0.08966209434593508,0.03653852199929923,14,19,1,0,1,0,0,2025-08-19 14:36:01,0
TXN_203560,CUST_160,1,0.5921712947474072,0.10488738053244474,11,22,4,0,0,0,1,2025-08-22 11:21:26,0
TXN_203561,CUST_274,1,0.6068919371027099,0.04001122034781609,21,6,2,0,0,0,1,2025-08-06 21:42:23,0
TXN_203562,CUST_154,1,0.671796587487454,0.025851144201648153,6,19,1,0,1,0,0,2025-08-19 06:29:02,0
TXN_203563,CUST_559,1,0.12713282034125126,0.01750687606513131,3,21,3,0,1,0,0,2025-08-21 03:12:11,0
TXN_203564,CUST_309,1,0.8069588491134159,0.051992554226989056,15,13,2,0,0,1,0,2025-08-13 15:30:39,0
TXN_203565,CUST_690,1,0.2997658079625293,0.04797429601707378,18,10,6,0,1,0,0,2025-08-10 18:47:36,0
TXN_203566,CUST_615,1,0.15356306457009034,0.060945331439681054,21,7,3,1,0,0,0,2025-08-07 21:18:34,0
TXN_203567,CUST_168,1,0.516226162596186,0.008396725815497458,7,15,4,1,0,0,0,2025-08-15 07:07:37,0
TXN_203568,CUST_342,1,0.30712612914018067,0.030551352238311458,8,22,4,0,1,0,0,2025-08-22 08:10:53,0
TXN_203569,CUST_680,0,0.351288056206089,0.059004397317398226,22,20,2,0,0,0,1,2025-08-20 22:48:57,0
TXN_203570,CUST_265,1,0.2773502843760455,0.6761550018099647,5,2,5,1,0,0,0,2025-08-02 05:03:45,0
TXN_203571,CUST_341,0,0.33054533288725324,0.06154334898006009,18,4,0,0,1,0,0,2025-08-04 18:45:40,0
TXN_203572,CUST_286,1,0.025761124121779857,0.7614232104036586,3,22,4,0,1,0,0,2025-08-22 03:16:17,1
TXN_203573,CUST_416,1,0.1796587487453998,0.0351816167030006,3,18,0,0,1,0,0,2025-08-18 03:58:50,0
TXN_203574,CUST_143,1,0.5791234526597524,0.049439613849932354,10,17,6,1,0,0,0,2025-08-17 10:37:23,0
TXN_203575,CUST_709,1,0.2609568417530947,0.008606556531419927,14,15,4,0,1,0,0,2025-08-15 14:56:50,0
TXN_203576,CUST_360,1,0.7654734024757444,0.06235819159355902,5,20,2,0,0,0,1,2025-08-20 05:50:05,0
TXN_203577,CUST_353,0,0.40749414519906324,0.01538408865571567,10,21,3,0,1,0,0,2025-08-21 10:07:44,0
TXN_203578,CUST_478,1,0.899966543994647,0.015310647905142805,15,1,4,0,1,0,0,2025-08-01 15:10:37,0
TXN_203579,CUST_111,1,0.07694881231180996,0.00934096403714857,12,4,0,0,0,0,1,2025-08-04 12:11:03,0
TXN_203580,CUST_746,1,0.2740046838407494,0.5918205399021258,17,1,4,0,1,0,0,2025-08-01 17:28:38,0
TXN_203581,CUST_215,1,0.9146871863499498,0.7640600830670843,5,6,2,0,1,0,0,2025-08-06 05:37:25,0
TXN_203582,CUST_437,1,0.5232519237203078,0.03107592902811763,20,17,6,0,0,1,0,2025-08-17 20:59:52,0
TXN_203583,CUST_575,1,0.790565406490465,0.24507178466164742,17,5,1,0,1,0,0,2025-08-05 17:25:02,0
TXN_203584,CUST_248,0,0.4737370357979257,0.10297792101755027,16,8,4,0,0,0,1,2025-08-08 16:16:06,0
TXN_203585,CUST_512,1,0.5048511207761793,0.04897099191770551,20,5,1,0,1,0,0,2025-08-05 20:43:52,0
TXN_203586,CUST_795,1,0.4422883907661425,0.02232249099555197,5,7,3,0,1,0,0,2025-08-07 05:11:37,0
TXN_203587,CUST_623,0,0.23987955838072933,0.006438305800221083,3,7,3,0,1,0,0,2025-08-07 03:26:33,1
TXN_203588,CUST_244,1,0.656406825025092,0.052538114088387475,14,6,2,0,1,0,0,2025-08-06 14:51:12,0
TXN_203589,CUST_283,1,0.681164268986283,0.01587369365953476,18,20,2,0,1,0,0,2025-08-20 18:12:51,0
TXN_203590,CUST_634,1,0.7370357979257276,0.017199124348445022,1,11,0,0,1,0,0,2025-08-11 01:20:17,0
TXN_203591,CUST_644,1,0.6293074606891937,0.04128069617914702,12,10,6,0,1,0,0,2025-08-10 12:24:22,0
TXN_203592,CUST_705,1,0.14352626296420207,0.0378254837236237,21,9,5,0,1,0,0,2025-08-09 21:54:17,0
TXN_203593,CUST_122,1,0.7644697223151555,0.00466873342927493,2,15,4,1,0,0,0,2025-08-15 02:59:35,0
TXN_203594,CUST_372,1,0.9625292740046838,0.009606749610650361,18,18,0,0,0,1,0,2025-08-18 18:24:10,0
TXN_203595,CUST_313,1,0.27333556373369017,0.02701220749641915,19,11,0,0,0,0,1,2025-08-11 19:12:41,0
TXN_203596,CUST_552,1,0.38574774171963866,0.01710819770487862,16,22,4,0,0,1,0,2025-08-22 16:09:34,0
TXN_203597,CUST_520,1,0.5540314486450317,0.006256452513088277,7,4,0,0,0,0,1,2025-08-04 07:58:53,0
TXN_203598,CUST_114,0,0.27634660421545665,0.015793258551764482,7,20,2,0,1,0,0,2025-08-20 07:23:35,1
TXN_203599,CUST_397,1,0.16259618601538975,0.07057306412192367,9,25,0,0,1,0,0,2025-08-25 09:52:03,0
TXN_203600,CUST_181,1,0.0003345600535296085,0.01992342647683841,1,24,6,0,1,0,0,2025-08-24 01:30:52,1
TXN_203601,CUST_515,1,0.8842422214787554,0.020322104837091102,20,6,2,0,0,0,1,2025-08-06 20:32:07,0
TXN_203602,CUST_249,1,0.7363666778186684,0.02176294241975872,6,9,5,0,1,0,0,2025-08-09 06:18:32,1
TXN_203603,CUST_501,1,0.7738374038139846,0.5364007506484031,23,25,0,0,1,0,0,2025-08-25 23:24:11,0
TXN_203604,CUST_724,1,0.6149213783874206,0.034664034270391844,5,9,5,0,0,1,0,2025-08-09 05:35:26,0
TXN_203605,CUST_583,1,0.9371027099364335,0.7116093984436646,7,20,2,0,1,0,0,2025-08-20 07:15:11,0
TXN_203606,CUST_566,1,0.3900970224155236,0.006305413013470187,10,15,4,0,0,0,1,2025-08-15 10:44:44,0
TXN_203607,CUST_488,1,0.09166945466711274,0.026732433208522522,3,14,3,0,0,0,1,2025-08-14 03:50:19,0
TXN_203608,CUST_661,1,0.6159250585480094,0.01599259773189083,22,11,0,0,0,1,0,2025-08-11 22:00:49,0
TXN_203609,CUST_179,0,0.8792238206758113,0.027438863285461502,11,7,3,0,0,0,1,2025-08-07 11:01:50,0
TXN_203610,CUST_242,1,0.1177651388424222,0.0823550588209703,19,16,5,0,0,0,1,2025-08-16 19:30:50,0
TXN_203611,CUST_295,1,0.41117430578788894,0.03175088449766823,8,15,4,0,0,0,1,2025-08-15 08:08:45,0
TXN_203612,CUST_668,1,0.12412177985948478,0.04101491060564523,19,3,6,0,0,0,1,2025-08-03 19:16:43,0
TXN_203613,CUST_447,1,0.049849447975911676,0.016331824055965487,17,22,4,0,0,0,1,2025-08-22 17:21:22,0
TXN_203614,CUST_249,1,0.8009367681498829,0.01683541777417941,12,12,1,0,0,0,1,2025-08-12 12:25:47,0
TXN_203615,CUST_355,1,0.4496487119437939,0.029593125302265516,9,19,1,0,0,0,1,2025-08-19 09:22:05,0
TXN_203616,CUST_729,1,0.5925058548009368,0.006287927120476647,8,16,5,0,0,0,1,2025-08-16 08:32:04,0
TXN_203617,CUST_315,1,0.7945801271328203,0.03408000544440764,19,6,2,0,1,0,0,2025-08-06 19:22:05,0
TXN_203618,CUST_603,1,0.830712612914018,0.030950030598564146,15,11,0,0,0,0,1,2025-08-11 15:28:03,0
TXN_203619,CUST_467,1,0.22549347607895617,0.031110900814104704,12,22,4,0,1,0,0,2025-08-22 12:24:44,0
TXN_203620,CUST_288,1,0.3807293409166945,0.1200441525792444,4,9,5,0,1,0,0,2025-08-09 04:37:55,0
TXN_203621,CUST_278,0,0.7517564402810304,0.1285597824670979,0,5,1,1,0,0,0,2025-08-05 00:04:40,0
TXN_203622,CUST_784,1,0.13148210103713615,0.024277413832229637,19,17,6,0,1,0,0,2025-08-17 19:37:12,0
TXN_203623,CUST_204,1,0.3840749414519906,0.020650839625369635,7,5,1,0,0,0,1,2025-08-05 07:36:42,0
TXN_203624,CUST_451,1,0.6480428236868517,0.36676660553948187,16,5,1,1,0,0,0,2025-08-05 16:47:02,1
TXN_203625,CUST_243,1,0.34292405486784877,0.1258214916243097,23,23,5,0,0,0,1,2025-08-23 23:30:31,0
TXN_203626,CUST_565,1,0.9902977584476413,0.9701383263531396,13,5,1,0,0,1,0,2025-08-05 13:01:48,0
TXN_203627,CUST_420,1,0.5724322515891602,0.05169179686750019,21,4,0,0,0,0,1,2025-08-04 21:41:49,0
TXN_203628,CUST_782,1,0.015724322515891603,0.021388744309696985,22,5,1,0,1,0,0,2025-08-05 22:05:43,1
TXN_203629,CUST_588,1,0.3556373369019739,0.031499087638561275,18,8,4,0,0,0,1,2025-08-08 18:12:34,0
TXN_203630,CUST_121,1,0.8825694212111074,0.036143340817645246,4,15,4,0,0,0,1,2025-08-15 04:37:46,0
TXN_203631,CUST_297,1,0.9765807962529274,0.029019588012077435,19,15,4,0,1,0,0,2025-08-15 19:08:39,0
TXN_203632,CUST_787,1,0.9284041485446637,0.015999592089088244,23,17,6,0,0,0,1,2025-08-17 23:44:07,0
TXN_203633,CUST_384,0,0.3874205419872867,0.7998572032034574,4,18,0,0,0,0,1,2025-08-18 04:08:47,0
TXN_203634,CUST_278,1,0.0903312144529943,0.5659519098074841,17,20,2,0,0,0,1,2025-08-20 17:02:12,1
TXN_203635,CUST_290,1,0.25593844095015056,0.06841180774792224,2,8,4,0,0,0,1,2025-08-08 02:08:42,0
TXN_203636,CUST_294,1,0.2228169956507193,0.030054752877294942,10,19,1,0,0,0,1,2025-08-19 10:30:42,0
TXN_203637,CUST_462,1,0.44061559049849447,0.3366419090902128,16,20,2,0,1,0,0,2025-08-20 16:53:56,0
TXN_203638,CUST_177,1,0.4345935095349615,0.011383316338793931,6,11,0,0,1,0,0,2025-08-11 06:41:08,0
TXN_203639,CUST_635,1,0.5182335229173637,0.020346585087282057,19,9,5,0,0,0,1,2025-08-09 19:35:34,0
TXN_203640,CUST_728,1,0.30210772833723654,0.10176090286519995,5,22,4,0,1,0,0,2025-08-22 05:32:24,0
TXN_203641,CUST_174,0,0.7671462027433924,0.31640373653949067,16,20,2,0,1,0,0,2025-08-20 16:05:51,0
TXN_203642,CUST_588,1,0.9468049514887922,0.019304425864867126,8,16,5,0,1,0,0,2025-08-16 08:12:24,0
TXN_203643,CUST_753,1,0.5617263298762127,0.4671391285009948,20,15,4,0,1,0,0,2025-08-15 20:53:02,0
TXN_203644,CUST_113,1,0.2351957176313148,0.1083600788809616,2,2,5,0,0,0,1,2025-08-02 02:32:57,0
TXN_203645,CUST_545,1,0.2783539645366343,0.020105279763971216,18,9,5,1,0,0,0,2025-08-09 18:48:14,0
TXN_203646,CUST_268,1,0.6212780194044831,0.41348191726102085,11,19,1,1,0,0,0,2025-08-19 11:49:23,0
TXN_203647,CUST_208,1,0.07259953161592506,0.7905756912024869,12,5,1,0,1,0,0,2025-08-05 12:09:47,1
TXN_203648,CUST_355,1,0.11843425894948142,0.03962653070195823,13,4,0,0,1,0,0,2025-08-04 13:42:15,0
TXN_203649,CUST_270,1,0.05419872867179659,0.016842412131376827,9,11,0,0,1,0,0,2025-08-11 09:14:53,0
TXN_203650,CUST_378,0,0.0026764804282368685,0.0057423672590782284,20,24,6,0,0,0,1,2025-08-24 20:36:14,1
TXN_203651,CUST_225,1,0.7858815657410505,0.01642275069953189,2,23,5,0,0,0,1,2025-08-23 02:09:37,0
TXN_203652,CUST_192,1,0.6701237872198059,0.024078074652103293,9,7,3,0,0,1,0,2025-08-07 09:12:36,0
TXN_203653,CUST_720,1,0.05654064904650385,0.05145748590138676,4,3,6,0,0,0,1,2025-08-03 04:50:02,0
TXN_203654,CUST_275,1,0.622281699565072,0.015548456049854935,10,13,2,1,0,0,0,2025-08-13 10:35:01,0
TXN_203655,CUST_686,1,0.9782535965205754,0.9603811980627448,16,22,4,1,0,0,0,2025-08-22 16:03:43,0
TXN_203656,CUST_766,1,0.8852459016393442,0.015842219052146393,18,19,1,0,1,0,0,2025-08-19 18:04:41,0
TXN_203657,CUST_243,1,0.4971562395449983,0.0681250391028282,3,18,0,0,0,1,0,2025-08-18 03:53:46,0
TXN_203658,CUST_684,1,0.9150217464034794,0.036143340817645246,22,20,2,0,1,0,0,2025-08-20 22:56:19,0
TXN_203659,CUST_506,0,0.5373034459685513,0.0279319654678793,20,6,2,1,0,0,0,2025-08-06 20:07:08,0
TXN_203660,CUST_220,1,0.8655068584810973,0.007400029914865733,20,8,4,0,1,0,0,2025-08-08 20:22:01,0
TXN_203661,CUST_166,1,0.09233857477417196,0.04143806921608888,22,11,0,0,1,0,0,2025-08-11 22:43:21,0
TXN_203662,CUST_462,1,0.7781866845098695,0.05383906452710678,15,18,0,0,0,0,1,2025-08-18 15:04:56,0
TXN_203663,CUST_538,1,0.4851120776179324,0.027270998712723527,23,16,5,0,1,0,0,2025-08-16 23:01:54,0
TXN_203664,CUST_344,1,0.744396119103379,0.024462764297961154,0,15,4,0,1,0,0,2025-08-15 00:38:03,0
TXN_203665,CUST_781,0,0.7845433255269321,0.01855253246614495,14,12,1,0,0,1,0,2025-08-12 14:50:31,1
TXN_203666,CUST_535,1,0.09300769488123117,0.02954766198048231,12,19,1,1,0,0,0,2025-08-19 12:44:46,0
TXN_203667,CUST_668,1,0.5443292070926731,0.021039026449826203,12,17,6,1,0,0,0,2025-08-17 12:56:58,0
TXN_203668,CUST_319,1,0.7995985279357645,0.01962266911734954,10,11,0,0,1,0,0,2025-08-11 10:00:32,0
TXN_203669,CUST_749,1,0.7453997992639678,0.03770308247266893,2,13,2,1,0,0,0,2025-08-13 02:54:12,0
TXN_203670,CUST_123,1,0.36634325861492134,0.06444950439558629,14,23,5,0,1,0,0,2025-08-23 14:37:41,0
TXN_203671,CUST_279,1,0.19605219136835061,0.3369566551640965,16,7,3,0,0,1,0,2025-08-07 16:30:47,0
TXN_203672,CUST_702,1,0.9715623954499832,0.1081817227724275,6,22,4,0,1,0,0,2025-08-22 06:28:57,0
TXN_203673,CUST_607,1,0.17631314821010372,0.04187171936232865,23,8,4,0,1,0,0,2025-08-08 23:17:07,0
TXN_203674,CUST_326,1,0.9899631983941117,0.022217575637590737,16,12,1,0,1,0,0,2025-08-12 16:27:58,0
TXN_203675,CUST_576,1,0.9966543994647039,0.010743332655230402,5,22,4,0,1,0,0,2025-08-22 05:29:01,0
TXN_203676,CUST_244,1,0.8655068584810973,0.011183977158667587,14,23,5,0,1,0,0,2025-08-23 14:09:50,0
TXN_203677,CUST_661,1,0.7139511542321847,0.030803149097418416,19,23,5,0,0,0,1,2025-08-23 19:13:46,0
TXN_203678,CUST_105,1,0.7908999665439946,0.009190585357404132,8,21,3,0,1,0,0,2025-08-21 08:00:48,0
TXN_203679,CUST_244,1,0.09702241552358648,0.04795681012408024,4,12,1,1,0,0,0,2025-08-12 04:48:26,0
TXN_203680,CUST_185,1,0.2827032452325192,0.004721191108255547,21,1,4,0,0,0,1,2025-08-01 21:47:23,0
TXN_203681,CUST_478,1,0.9223820675811308,0.011579158340321569,13,25,0,0,1,0,0,2025-08-25 13:43:21,0
TXN_203682,CUST_159,1,0.8183338909334226,0.0015107811546417752,14,7,3,0,0,0,1,2025-08-07 14:07:14,0
TXN_203683,CUST_753,1,0.9274004683840749,0.06402634578514264,23,15,4,0,0,1,0,2025-08-15 23:10:42,0
TXN_203684,CUST_712,1,0.9896286383405821,0.019832499833272007,12,17,6,0,0,1,0,2025-08-17 12:21:23,0
TXN_203685,CUST_595,1,0.7858815657410505,0.283796043285139,7,21,3,0,0,0,1,2025-08-21 07:01:56,0
TXN_203686,CUST_794,1,0.06356641017062563,0.03544390509790368,16,11,0,0,0,1,0,2025-08-11 16:49:41,0
TXN_203687,CUST_345,1,0.43961191033790564,0.02373535114942993,2,18,0,1,0,0,0,2025-08-18 02:26:15,0
TXN_203688,CUST_716,1,0.3599866175978588,0.0034027547765427017,16,15,4,0,0,0,1,2025-08-15 16:17:46,0
TXN_203689,CUST_719,1,0.4821010371361659,0.024969855194773787,15,2,5,0,0,1,0,2025-08-02 15:42:27,0
TXN_203690,CUST_160,1,0.7868852459016393,0.9926216875642322,18,5,1,0,0,0,1,2025-08-05 18:06:36,0
TXN_203691,CUST_588,1,0.907661425225828,0.0370176354673222,15,8,4,0,0,1,0,2025-08-08 15:13:15,0
TXN_203692,CUST_606,0,0.9106724657075945,0.04239979333073353,11,20,2,0,1,0,0,2025-08-20 11:44:50,0
TXN_203693,CUST_265,1,0.33422549347607894,0.015279173297754436,23,21,3,0,0,1,0,2025-08-21 23:40:17,0
TXN_203694,CUST_164,1,0.8715289394446303,0.7700332641136772,16,2,5,0,0,0,1,2025-08-02 16:05:05,0
TXN_203695,CUST_279,1,0.9729006356641017,0.0049240274669806,12,13,2,0,0,1,0,2025-08-13 12:01:02,0
TXN_203696,CUST_338,1,0.25894948143191704,0.3440734136124669,1,8,4,0,0,1,0,2025-08-08 01:57:08,0
TXN_203697,CUST_220,1,0.617932418869187,0.021353772523709905,23,17,6,0,0,1,0,2025-08-17 23:29:26,0
TXN_203698,CUST_687,1,0.5751087320173971,0.7426258754356041,9,24,6,0,0,1,0,2025-08-24 09:17:43,0
TXN_203699,CUST_107,0,0.7169621947139512,0.025896607523431356,19,22,4,0,0,0,1,2025-08-22 19:16:03,1
TXN_203700,CUST_406,1,0.4416192706590833,0.05638501054696607,7,1,4,1,0,0,0,2025-08-01 07:23:27,0
TXN_203701,CUST_513,1,0.5600535296085647,0.8649921546043905,13,5,1,0,0,0,1,2025-08-05 13:50:11,0
TXN_203702,CUST_245,1,0.4576781532285045,0.012264605345668301,14,24,6,0,0,1,0,2025-08-24 14:29:20,0
TXN_203703,CUST_109,1,0.884576781532285,0.11796333131301324,4,10,6,0,1,0,0,2025-08-10 04:04:38,0
TXN_203704,CUST_632,1,0.34994981599197056,0.023693385006245432,17,8,4,0,0,0,1,2025-08-08 17:27:16,0
TXN_203705,CUST_534,1,0.688859150217464,0.49466891843002275,8,6,2,0,0,0,1,2025-08-06 08:43:44,0
TXN_203706,CUST_318,1,0.49481431917029106,0.023626938612869984,18,4,0,0,1,0,0,2025-08-04 18:16:42,0
TXN_203707,CUST_781,0,0.6928738708598193,0.026907292138457915,8,18,0,0,1,0,0,2025-08-18 08:30:17,0
TXN_203708,CUST_115,1,0.8143191702910673,0.016828423416981996,6,6,2,0,0,0,1,2025-08-06 06:26:45,0
TXN_203709,CUST_642,1,0.9210438273670124,0.3924289020967998,2,15,4,0,0,1,0,2025-08-15 02:47:27,0
TXN_203710,CUST_512,1,0.3713616594178655,0.027494818143040826,16,6,2,1,0,0,0,2025-08-06 16:19:30,0
TXN_203711,CUST_144,1,0.6771495483439277,0.016894869810357444,19,24,6,0,0,1,0,2025-08-24 19:33:59,0
TXN_203712,CUST_506,1,0.21211107393777182,0.017373983278380415,4,8,4,0,0,0,1,2025-08-08 04:29:04,0
TXN_203713,CUST_338,1,0.2964202074272332,0.01923448229289297,21,16,5,0,0,0,1,2025-08-16 21:10:35,0
TXN_203714,CUST_701,1,0.7534292405486784,0.013638996534960469,23,10,6,0,1,0,0,2025-08-10 23:25:46,0
TXN_203715,CUST_342,0,0.3292070926731348,0.06721227548856547,10,22,4,1,0,0,0,2025-08-22 10:06:36,0
TXN_203716,CUST_689,1,0.3037805286048846,0.21531778914384134,6,3,6,0,0,0,1,2025-08-03 06:43:12,0
TXN_203717,CUST_262,1,0.9842756774841084,0.020157737442951833,19,18,0,0,1,0,0,2025-08-18 19:13:26,0
TXN_203718,CUST_291,1,0.5463365674138507,0.7390167871217377,18,5,1,0,1,0,0,2025-08-05 18:59:20,0
TXN_203719,CUST_732,1,0.5025092004014721,0.024728549871462946,11,2,5,0,0,0,1,2025-08-02 11:47:46,0
TXN_203720,CUST_200,0,0.7959183673469388,0.022735158070199494,17,12,1,0,0,0,1,2025-08-12 17:12:44,0
TXN_203721,CUST_545,1,0.27333556373369017,0.022357462781539047,16,3,6,0,0,1,0,2025-08-03 16:05:36,0
TXN_203722,CUST_710,0,0.13181666109066575,0.061907055554325706,3,12,1,0,0,0,1,2025-08-12 03:05:33,0
TXN_203723,CUST_429,1,0.759785881565741,0.08489750766223088,15,10,6,0,1,0,0,2025-08-10 15:13:50,0
TXN_203724,CUST_213,0,0.13583138173302106,0.015915659802719258,8,6,2,0,1,0,0,2025-08-06 08:03:19,1
TXN_203725,CUST_548,1,0.7959183673469388,0.034831898843129816,6,9,5,0,1,0,0,2025-08-09 06:57:04,0
TXN_203726,CUST_226,1,0.050518568082970894,0.03033802434379028,19,12,1,0,0,0,1,2025-08-12 19:08:21,0
TXN_203727,CUST_735,1,0.03546336567413851,0.022381943031730002,10,12,1,0,0,1,0,2025-08-12 10:27:09,0
TXN_203728,CUST_709,1,0.3258614921378387,0.02843555918609323,21,20,2,0,0,0,1,2025-08-20 21:39:51,0
TXN_203729,CUST_403,1,0.7962529274004684,0.011844943913823364,12,6,2,0,1,0,0,2025-08-06 12:39:07,0
TXN_203730,CUST_562,1,0.5955168952827032,0.01595762594590375,5,4,0,1,0,0,0,2025-08-04 05:33:59,0
TXN_203731,CUST_721,1,0.04048176647708264,0.02842856482889581,20,8,4,0,0,0,1,2025-08-08 20:49:48,0
TXN_203732,CUST_231,1,0.8685178989628638,0.01212122102312128,11,3,6,1,0,0,0,2025-08-03 11:41:09,0
TXN_203733,CUST_473,1,0.7678153228504516,0.014443347612663266,6,3,6,0,0,0,1,2025-08-03 06:03:22,0
TXN_203734,CUST_568,1,0.7249916359986618,0.0041756312468571284,3,5,1,0,1,0,0,2025-08-05 03:22:27,0
TXN_203735,CUST_785,1,0.7139511542321847,0.02563431912852827,21,2,5,0,1,0,0,2025-08-02 21:48:13,0
TXN_203736,CUST_766,1,0.4897959183673469,0.09416153377020788,8,9,5,0,1,0,0,2025-08-09 08:43:03,0
TXN_203737,CUST_231,1,0.21980595516895282,0.014079641038397653,2,6,2,0,0,0,1,2025-08-06 02:51:47,0
TXN_203738,CUST_363,1,0.40347942455670793,0.02558535862814636,22,7,3,0,1,0,0,2025-08-07 22:52:22,0
TXN_203739,CUST_175,1,0.6925393108062897,0.0102502304728126,16,6,2,0,0,1,0,2025-08-06 16:03:17,0
TXN_203740,CUST_780,1,0.6590833054533288,0.022427406353513205,20,2,5,0,1,0,0,2025-08-02 20:28:58,0
TXN_203741,CUST_603,1,0.593174974907996,0.01210373513012774,6,6,2,0,1,0,0,2025-08-06 06:46:52,0
TXN_203742,CUST_784,1,0.3954499832719973,0.055800981720981864,14,4,0,1,0,0,0,2025-08-04 14:06:34,0
TXN_203743,CUST_563,0,0.8608230177316828,0.9196565532807923,18,19,1,0,1,0,0,2025-08-19 18:14:52,0
TXN_203744,CUST_558,1,0.060555369688859155,0.00911714460683127,13,15,4,0,0,1,0,2025-08-15 13:27:51,0
TXN_203745,CUST_529,1,0.04416192706590833,0.03717850568286276,15,12,1,0,1,0,0,2025-08-12 15:42:12,0
TXN_203746,CUST_134,1,0.2499163599866176,0.014985410295462978,13,1,4,0,0,0,1,2025-08-01 13:52:41,0
TXN_203747,CUST_390,1,0.48243559718969553,0.014520285541834838,22,5,1,0,0,0,1,2025-08-05 22:16:07,0
TXN_203748,CUST_433,1,0.6159250585480094,1.0,4,10,6,0,0,0,1,2025-08-10 04:36:37,1
TXN_203749,CUST_462,1,0.18266978922716626,0.04148003535927337,3,8,4,0,0,1,0,2025-08-08 03:32:33,0
TXN_203750,CUST_330,1,0.6614252258280361,0.01357255014158502,7,17,6,0,0,0,1,2025-08-17 07:57:25,0
TXN_203751,CUST_643,1,0.027099364335898293,0.05533235978875502,11,2,5,0,1,0,0,2025-08-02 11:58:29,0
TXN_203752,CUST_767,1,0.688859150217464,0.03612935210325042,20,20,2,0,0,0,1,2025-08-20 20:36:32,0
TXN_203753,CUST_506,1,0.4730679156908665,0.01573380651558645,21,12,1,0,0,0,1,2025-08-12 21:55:28,0
TXN_203754,CUST_187,1,0.5583807293409166,0.04041339588666749,5,8,4,0,0,0,1,2025-08-08 05:52:46,0
TXN_203755,CUST_431,1,0.40347942455670793,0.026365229455658203,3,2,5,0,1,0,0,2025-08-02 03:55:56,0
TXN_203756,CUST_173,0,0.24155235864837737,0.01833920457162377,4,12,1,0,0,0,1,2025-08-12 04:00:35,1
TXN_203757,CUST_155,1,0.9330879892940782,0.009438885037912386,14,10,6,1,0,0,0,2025-08-10 14:04:12,0
TXN_203758,CUST_786,1,0.4426229508196721,0.012516402204775262,9,5,1,0,0,0,1,2025-08-05 09:53:15,0
TXN_203759,CUST_589,1,0.4125125460020074,1.0,12,4,0,1,0,0,0,2025-08-04 12:50:31,0
TXN_203760,CUST_482,1,0.8732017397122783,0.01802096131914136,12,15,4,0,0,0,1,2025-08-15 12:50:01,0
TXN_203761,CUST_666,1,0.6273001003680161,0.022242055887781692,10,7,3,0,0,0,1,2025-08-07 10:31:43,0
TXN_203762,CUST_432,1,0.8303780528604884,0.021133450271991313,10,5,1,0,1,0,0,2025-08-05 10:46:33,0
TXN_203763,CUST_576,1,0.45466711274673804,0.0222455530663804,7,15,4,0,1,0,0,2025-08-15 07:56:13,1
TXN_203764,CUST_567,1,0.8665105386416861,0.06611416140857121,10,7,3,0,1,0,0,2025-08-07 10:18:24,0
TXN_203765,CUST_191,1,0.10270993643358982,0.07485361072674204,6,10,6,0,1,0,0,2025-08-10 06:51:22,0
TXN_203766,CUST_161,1,0.8651722984275677,0.04375320144843345,2,8,4,0,1,0,0,2025-08-08 02:15:34,0
TXN_203767,CUST_285,1,0.6246236199397792,0.039885321918262606,21,5,1,0,0,0,1,2025-08-05 21:56:28,0
TXN_203768,CUST_698,1,0.060220809635329546,0.015440043513294994,23,25,0,0,1,0,0,2025-08-25 23:29:14,0
TXN_203769,CUST_301,1,0.5406490465038474,0.024350854582802502,16,7,3,1,0,0,0,2025-08-07 16:12:25,0
TXN_203770,CUST_517,1,0.33121445299431246,0.03003027262710399,15,9,5,0,0,1,0,2025-08-09 15:51:03,0
TXN_203771,CUST_632,0,0.6276346604215457,0.3870852131979743,3,18,0,0,0,1,0,2025-08-18 03:30:54,0
TXN_203772,CUST_189,1,0.8805620608899297,0.03939221973584481,14,3,6,0,1,0,0,2025-08-03 14:06:42,0
TXN_203773,CUST_752,1,0.5269320843091335,0.9112738161796897,3,1,4,0,0,1,0,2025-08-01 03:48:27,0
TXN_203774,CUST_162,1,0.49782535965205754,0.007742753417539098,1,20,2,0,1,0,0,2025-08-20 01:30:46,0
TXN_203775,CUST_337,0,0.4877885580461693,0.017370486099781708,9,20,2,0,1,0,0,2025-08-20 09:09:11,0
TXN_203776,CUST_444,1,0.7139511542321847,0.02509225644572856,23,19,1,0,0,0,1,2025-08-19 23:52:05,0
TXN_203777,CUST_587,1,0.22883907661425226,0.013205346388720701,12,20,2,0,0,0,1,2025-08-20 12:36:02,0
TXN_203778,CUST_450,1,0.6196052191368351,0.030257589236019997,22,18,0,0,1,0,0,2025-08-18 22:11:36,0
TXN_203779,CUST_619,1,0.38106390097022413,0.02542798559120451,3,7,3,0,1,0,0,2025-08-07 03:43:26,0
TXN_203780,CUST_607,1,0.6236199397791904,0.03428983616033011,20,7,3,0,0,0,1,2025-08-07 20:37:46,0
TXN_203781,CUST_596,1,0.11977249916359986,0.02850200557946868,15,4,0,0,0,1,0,2025-08-04 15:18:09,0
TXN_203782,CUST_339,1,0.4412847106055537,0.01416707050336535,11,11,0,0,1,0,0,2025-08-11 11:17:41,0
TXN_203783,CUST_301,1,0.5289394446303112,0.022647728605231798,16,11,0,0,0,0,1,2025-08-11 16:53:59,0
TXN_203784,CUST_284,1,0.05185680829708933,0.5999899491087073,6,6,2,1,0,0,0,2025-08-06 06:11:08,0
TXN_203785,CUST_144,1,0.07661425225828035,0.018493080429966915,16,18,0,1,0,0,0,2025-08-18 16:20:44,0
TXN_203786,CUST_255,1,0.9511542321846771,0.12395399825259974,23,11,0,0,1,0,0,2025-08-11 23:49:39,0
TXN_203787,CUST_600,1,0.011709601873536299,0.32041150321360984,15,3,6,0,0,1,0,2025-08-03 15:53:52,1
TXN_203788,CUST_552,1,0.5654064904650384,0.09079025360105354,20,19,1,1,0,0,0,2025-08-19 20:50:16,0
TXN_203789,CUST_424,1,0.9795918367346939,0.025581861449547653,20,12,1,0,1,0,0,2025-08-12 20:45:16,0
TXN_203790,CUST_783,1,0.6206088992974239,0.00543811272099065,7,5,1,1,0,0,0,2025-08-05 07:33:57,0
TXN_203791,CUST_159,1,0.5881565741050518,0.04942912231413623,1,21,3,0,0,0,1,2025-08-21 01:03:27,0
TXN_203792,CUST_175,1,0.5349615255938441,0.02938679176494175,2,9,5,0,1,0,0,2025-08-09 02:29:35,0
TXN_203793,CUST_546,1,0.49113415858146536,0.8439251507257747,21,21,3,0,0,1,0,2025-08-21 21:01:48,0
TXN_203794,CUST_568,1,0.5821344931415189,0.042574652260668915,8,3,6,1,0,0,0,2025-08-03 08:41:03,0
TXN_203795,CUST_769,1,0.5694212111073937,0.005347186077424247,1,11,0,0,0,1,0,2025-08-11 01:08:24,0
TXN_203796,CUST_200,1,0.460689193710271,0.020203200764735037,6,20,2,0,1,0,0,2025-08-20 06:56:53,0
TXN_203797,CUST_250,0,0.3325526932084309,0.016849406488574244,14,15,4,1,0,0,0,2025-08-15 14:04:52,0
TXN_203798,CUST_480,0,0.6694546671127467,0.02222456999478815,8,22,4,0,1,0,0,2025-08-22 08:46:19,0
TXN_203799,CUST_362,1,0.5446637671462027,0.023133836430452182,2,2,5,0,0,0,1,2025-08-02 02:03:00,0
TXN_203800,CUST_289,1,0.998327199732352,0.020654336803968342,14,4,0,0,0,0,1,2025-08-04 14:01:38,0
TXN_203801,CUST_556,1,0.09635329541652726,0.009848054933961202,12,12,1,0,0,0,1,2025-08-12 12:39:46,0
TXN_203802,CUST_258,1,0.8497825359652057,0.008012036169639601,11,8,4,1,0,0,0,2025-08-08 11:59:13,0
TXN_203803,CUST_536,0,0.02107728337236534,0.018440622750986298,20,6,2,0,1,0,0,2025-08-06 20:15:35,0
TXN_203804,CUST_231,0,1.0,0.035213091310388966,5,3,6,1,0,0,0,2025-08-03 05:19:02,0
TXN_203805,CUST_465,1,0.3174974907995985,0.009540303217274913,2,6,2,0,0,0,1,2025-08-06 02:56:17,0
TXN_203806,CUST_339,0,0.4416192706590833,0.009407410430524017,17,23,5,0,0,0,1,2025-08-23 17:58:16,0
TXN_203807,CUST_258,1,0.6045500167280027,0.022651225783830505,18,2,5,0,1,0,0,2025-08-02 18:17:40,0
TXN_203808,CUST_195,1,0.5232519237203078,0.019531742473783135,1,8,4,0,1,0,0,2025-08-08 01:25:52,0
TXN_203809,CUST_655,0,0.6380060220809635,0.03858786865814201,9,20,2,0,0,0,1,2025-08-20 09:35:31,0
TXN_203810,CUST_718,1,0.5774506523921044,0.01122594330185208,14,19,1,0,0,0,1,2025-08-19 14:32:32,0
TXN_203811,CUST_699,1,0.7363666778186684,0.03494031137968976,19,11,0,0,0,1,0,2025-08-11 19:26:21,0
TXN_203812,CUST_239,1,0.21980595516895282,0.0198744659764565,22,11,0,1,0,0,0,2025-08-11 22:54:38,0
TXN_203813,CUST_719,1,0.8909334225493476,0.20566207903280906,15,23,5,0,0,0,1,2025-08-23 15:54:06,0
TXN_203814,CUST_429,1,0.3449314151890264,0.03219502617970413,19,24,6,0,0,0,1,2025-08-24 19:35:19,0
TXN_203815,CUST_230,1,0.04884576781532285,0.02528110409005878,6,1,4,0,0,1,0,2025-08-01 06:23:43,0
TXN_203816,CUST_467,1,0.45567079290732687,0.03937473384285127,11,18,0,0,1,0,0,2025-08-18 11:35:35,0
TXN_203817,CUST_316,1,0.8775510204081632,0.008802398532947564,11,14,3,0,1,0,0,2025-08-14 11:29:23,0
TXN_203818,CUST_656,1,0.8875878220140515,0.14250303354014596,11,12,1,0,1,0,0,2025-08-12 11:36:09,0
TXN_203819,CUST_321,1,0.36600869856139173,0.13516245566145826,4,9,5,0,1,0,0,2025-08-09 04:25:44,0
TXN_203820,CUST_399,1,0.22750083640013383,0.02268969474841629,10,3,6,0,0,0,1,2025-08-03 10:28:05,0
TXN_203821,CUST_575,1,0.2780194044831047,0.026477139170816854,17,17,6,0,0,1,0,2025-08-17 17:51:57,0
TXN_203822,CUST_267,1,0.5500167280026764,0.01862597321671781,19,3,6,0,1,0,0,2025-08-03 19:26:21,0
TXN_203823,CUST_674,1,0.9200401472064236,0.015590422193039431,4,24,6,1,0,0,0,2025-08-24 04:53:55,0
TXN_203824,CUST_558,1,0.8524590163934426,0.03457310762682544,18,23,5,0,1,0,0,2025-08-23 18:09:43,0
TXN_203825,CUST_356,1,0.07259953161592506,0.02092711673466755,23,5,1,0,0,0,1,2025-08-05 23:56:15,0
TXN_203826,CUST_565,1,0.805955168952827,0.039269818484890036,4,7,3,0,1,0,0,2025-08-07 04:56:28,0
TXN_203827,CUST_293,1,0.22214787554366008,0.08845064111851801,11,24,6,0,0,0,1,2025-08-24 11:02:52,0
TXN_203828,CUST_293,0,0.5048511207761793,0.9633188280856594,19,11,0,1,0,0,0,2025-08-11 19:49:00,0
TXN_203829,CUST_610,1,0.9588491134158581,0.04769452172917715,7,18,0,1,0,0,0,2025-08-18 07:17:20,0
TXN_203830,CUST_444,0,0.057878889260622284,0.8773791612010136,3,3,6,1,0,0,0,2025-08-03 03:16:07,0
TXN_203831,CUST_592,1,0.4894613583138173,0.769844416469347,1,25,0,1,0,0,0,2025-08-25 01:50:06,0
TXN_203832,CUST_626,0,0.8889260622281699,0.013037481815982726,23,4,0,0,1,0,0,2025-08-04 23:23:26,0
TXN_203833,CUST_659,1,0.04115088658414186,0.010512518867715686,14,4,0,0,0,0,1,2025-08-04 14:38:32,0
TXN_203834,CUST_707,0,0.21445299431247908,0.028271191791953962,16,14,3,0,0,0,1,2025-08-14 16:47:12,1
TXN_203835,CUST_377,0,0.6594178655068584,0.010592953975485965,6,17,6,0,0,1,0,2025-08-17 06:27:50,0
TXN_203836,CUST_546,1,0.8420876547340247,0.018314724321432815,14,13,2,0,1,0,0,2025-08-13 14:17:16,0
TXN_203837,CUST_391,0,0.38608230177316827,0.029393786122139172,12,23,5,0,0,0,1,2025-08-23 12:29:04,0
TXN_203838,CUST_127,1,0.7243225158916026,0.019853482904864255,13,5,1,0,0,0,1,2025-08-05 13:03:32,0
TXN_203839,CUST_644,0,0.2459016393442623,0.08026024884034431,12,14,3,0,1,0,0,2025-08-14 12:19:40,0
TXN_203840,CUST_788,0,0.4349280695884911,0.0598017540379036,21,7,3,0,1,0,0,2025-08-07 21:18:13,0
TXN_203841,CUST_179,1,0.7193041150886584,0.36939648384571017,21,21,3,0,0,0,1,2025-08-21 21:17:17,0
TXN_203842,CUST_436,1,0.9782535965205754,0.014988907474061685,9,14,3,0,0,1,0,2025-08-14 09:02:27,0
TXN_203843,CUST_327,1,0.8353964536634325,0.03612935210325042,5,14,3,0,1,0,0,2025-08-14 05:14:22,0
TXN_203844,CUST_662,1,0.7005687520910003,0.0382276592624751,11,22,4,0,1,0,0,2025-08-22 11:20:38,0
TXN_203845,CUST_318,0,0.6309802609568418,0.020010855941806106,10,3,6,0,1,0,0,2025-08-03 10:10:32,0
TXN_203846,CUST_284,1,0.23753763800602207,0.013453646069228956,2,15,4,0,0,0,1,2025-08-15 02:07:50,0
TXN_203847,CUST_313,1,0.6319839411174306,0.013397691211649632,4,10,6,1,0,0,0,2025-08-10 04:32:14,0
TXN_203848,CUST_572,1,0.4928069588491134,0.4327478741613022,14,11,0,1,0,0,0,2025-08-11 14:25:05,1
TXN_203849,CUST_411,0,0.014051522248243558,0.02332967843197982,12,7,3,0,0,1,0,2025-08-07 12:12:17,1
TXN_203850,CUST_218,1,0.7975911676145868,0.026372223812855616,6,6,2,0,1,0,0,2025-08-06 06:51:03,0
TXN_203851,CUST_216,0,0.5938440950150552,0.02147617377466468,18,10,6,0,1,0,0,2025-08-10 18:08:54,1
TXN_203852,CUST_444,1,0.9652057544329207,0.005175824326087563,9,22,4,0,0,0,1,2025-08-22 09:08:03,0
TXN_203853,CUST_364,1,0.49414519906323184,0.01164210755509831,21,20,2,0,0,0,1,2025-08-20 21:59:40,0
TXN_203854,CUST_442,1,0.7731682837069254,0.041934668577105386,10,4,0,0,0,0,1,2025-08-04 10:59:16,0
TXN_203855,CUST_151,0,0.5620608899297423,0.014240511253938215,12,19,1,0,0,0,1,2025-08-19 12:54:20,0
TXN_203856,CUST_472,1,0.30344596855135497,1.0,21,9,5,0,0,0,1,2025-08-09 21:40:38,0
TXN_203857,CUST_306,1,0.47908999665439944,0.07424859882916558,0,24,6,0,0,0,1,2025-08-24 00:55:21,0
TXN_203858,CUST_723,1,0.9735697557711609,0.019070114898753703,21,8,4,0,1,0,0,2025-08-08 21:38:45,0
TXN_203859,CUST_564,0,0.7979257276681164,0.1040620463831497,18,24,6,0,0,0,1,2025-08-24 18:18:06,0
TXN_203860,CUST_547,1,0.5005018400802944,0.26070417299787135,16,13,2,0,1,0,0,2025-08-13 16:28:28,0
TXN_203861,CUST_276,1,0.8129809300769488,0.03251326943218654,13,22,4,0,0,0,1,2025-08-22 13:18:27,0
TXN_203862,CUST_578,1,0.3549682167949147,0.018370679179012143,19,15,4,0,0,0,1,2025-08-15 19:18:01,0
TXN_203863,CUST_601,0,0.13081298093007696,0.7911772059214647,7,18,0,0,0,0,1,2025-08-18 07:31:59,0
TXN_203864,CUST_348,1,0.6175978588156574,0.01282065674286284,13,18,0,0,1,0,0,2025-08-18 13:05:01,0
TXN_203865,CUST_204,1,0.19437939110070257,0.015373597119919546,17,19,1,0,0,0,1,2025-08-19 17:41:39,0
TXN_203866,CUST_614,1,0.46403479424556704,0.015086828474825505,20,10,6,0,1,0,0,2025-08-10 20:34:40,0
TXN_203867,CUST_478,0,0.23251923720307793,0.021133450271991313,17,13,2,0,0,0,1,2025-08-13 17:35:28,0
TXN_203868,CUST_630,1,0.4539979926396788,0.044127399558495185,18,2,5,0,0,0,1,2025-08-02 18:52:45,0
TXN_203869,CUST_152,1,0.416192706590833,0.24683086549679745,4,18,0,0,1,0,0,2025-08-18 04:16:23,0
TXN_203870,CUST_501,1,0.8802275008364001,0.07024432933364515,8,7,3,1,0,0,0,2025-08-07 08:50:17,0
TXN_203871,CUST_529,0,0.3362328537972566,0.03182082806964239,12,23,5,0,0,1,0,2025-08-23 12:57:56,0
TXN_203872,CUST_212,1,0.2154566744730679,0.03837803794221954,5,10,6,0,1,0,0,2025-08-10 05:36:25,0
TXN_203873,CUST_577,1,0.6015389762462362,1.0,6,4,0,0,0,0,1,2025-08-04 06:59:40,1
TXN_203874,CUST_343,1,0.2392104382736701,0.10407953227614324,21,22,4,0,0,0,1,2025-08-22 21:57:16,0
TXN_203875,CUST_142,1,0.25192372030779525,0.012614323205539082,18,3,6,0,1,0,0,2025-08-03 18:59:38,1
TXN_203876,CUST_488,1,0.9802609568417531,0.22431602967831654,23,8,4,0,0,0,1,2025-08-08 23:03:58,0
TXN_203877,CUST_387,1,0.6480428236868517,0.5862915005375687,7,12,1,0,1,0,0,2025-08-12 07:00:05,0
TXN_203878,CUST_363,1,0.9200401472064236,0.010977643621343826,8,25,0,0,0,1,0,2025-08-25 08:48:51,0
TXN_203879,CUST_192,1,0.28370692539310804,0.19729682782469998,10,20,2,0,0,1,0,2025-08-20 10:38:12,0
TXN_203880,CUST_598,1,0.6567413850786216,0.02843206200749452,23,2,5,0,0,0,1,2025-08-02 23:13:21,0
TXN_203881,CUST_727,1,0.2709936433589829,0.013778883678908782,9,23,5,1,0,0,0,2025-08-23 09:59:10,0
TXN_203882,CUST_460,1,0.665774506523921,0.026683472708140612,9,19,1,0,1,0,0,2025-08-19 09:22:52,0
TXN_203883,CUST_441,1,0.6791569086651054,0.07999796044544123,12,11,0,0,1,0,0,2025-08-11 12:17:00,0
TXN_203884,CUST_424,1,0.19337571094011374,0.021511145560651757,11,6,2,0,0,1,0,2025-08-06 11:14:23,0
TXN_203885,CUST_575,1,0.1371696219471395,0.0341989095167637,1,6,2,0,1,0,0,2025-08-06 01:30:34,0
TXN_203886,CUST_579,1,0.2903981264637002,0.08833523422476065,5,1,4,1,0,0,0,2025-08-01 05:49:56,0
TXN_203887,CUST_412,1,0.4740715958514553,0.03505222109484841,8,17,6,0,1,0,0,2025-08-17 08:22:13,0
TXN_203888,CUST_310,1,0.1284710605553697,0.036926708823755795,11,14,3,0,1,0,0,2025-08-14 11:07:28,0
TXN_203889,CUST_436,1,0.015724322515891603,0.039651010952149186,1,1,4,0,1,0,0,2025-08-01 01:45:10,1
TXN_203890,CUST_660,1,0.7082636333221813,0.01702776259710834,3,3,6,0,0,0,1,2025-08-03 03:05:23,0
TXN_203891,CUST_687,1,0.5265975242556039,0.43160079958092606,17,6,2,0,1,0,0,2025-08-06 17:47:18,0
TXN_203892,CUST_265,1,0.21043827367012377,0.04254317765328055,3,20,2,0,0,0,1,2025-08-20 03:49:36,0
TXN_203893,CUST_783,1,0.7898962863834058,0.0018290244071241862,12,19,1,0,1,0,0,2025-08-19 12:20:31,0
TXN_203894,CUST_466,1,0.7437269989963198,0.023028921072490948,10,7,3,0,1,0,0,2025-08-07 10:09:08,0
TXN_203895,CUST_317,1,0.3245232519237203,0.007414018629260564,0,9,5,0,0,0,1,2025-08-09 00:09:21,0
TXN_203896,CUST_310,1,0.422214787554366,0.037454782792160676,2,19,1,0,1,0,0,2025-08-19 02:44:18,0
TXN_203897,CUST_291,1,0.4098360655737705,0.048610782522038605,16,5,1,0,0,0,1,2025-08-05 16:22:22,0
TXN_203898,CUST_540,1,0.1284710605553697,0.01585970494513993,15,8,4,1,0,0,0,2025-08-08 15:52:06,0
TXN_203899,CUST_433,1,0.9029775844764135,0.03801433136795393,17,18,0,0,0,0,1,2025-08-18 17:04:39,0
TXN_203900,CUST_229,0,0.9956507193041151,0.04025252567112693,23,10,6,0,0,0,1,2025-08-10 23:39:40,1
TXN_203901,CUST_357,1,0.7186349949815992,0.027068162353998473,21,4,0,0,0,1,0,2025-08-04 21:13:43,0
TXN_203902,CUST_221,1,0.0468384074941452,0.03929080155648228,19,23,5,0,1,0,0,2025-08-23 19:23:05,0
TXN_203903,CUST_531,0,0.34292405486784877,0.8043021172024151,16,18,0,0,1,0,0,2025-08-18 16:08:44,1
TXN_203904,CUST_739,1,0.12278353964536634,0.02742137739246796,19,4,0,1,0,0,0,2025-08-04 19:39:18,0
TXN_203905,CUST_202,1,0.4954834392773503,0.055307879538564066,6,18,0,0,0,1,0,2025-08-18 06:03:08,0
TXN_203906,CUST_102,0,0.8591502174640347,0.4422252281638004,23,4,0,0,0,0,1,2025-08-04 23:44:01,1
TXN_203907,CUST_416,1,0.6644362663098026,0.027162586176163583,11,18,0,0,0,1,0,2025-08-18 11:41:28,0
TXN_203908,CUST_247,1,0.021411843425894948,0.00580531647385497,18,24,6,0,1,0,0,2025-08-24 18:23:37,0
TXN_203909,CUST_792,1,0.16594178655068584,0.0035461390990897228,8,13,2,0,0,1,0,2025-08-13 08:10:59,0
TXN_203910,CUST_221,1,0.5071930411508866,0.06493910939940539,8,15,4,0,0,0,1,2025-08-15 08:37:04,0
TXN_203911,CUST_673,1,0.8166610906657745,0.08019729962556758,3,19,1,0,1,0,0,2025-08-19 03:06:42,0
TXN_203912,CUST_789,1,0.7571094011375041,0.014800059829731465,0,23,5,0,0,1,0,2025-08-23 00:09:47,0
TXN_203913,CUST_514,1,0.19839411174305788,0.011837949556625947,12,10,6,0,0,1,0,2025-08-10 12:46:18,0
TXN_203914,CUST_405,1,0.9826028772164603,0.010040399756890132,20,5,1,0,0,0,1,2025-08-05 20:56:10,0
TXN_203915,CUST_391,1,0.16627634660421545,0.010110343328864287,19,12,1,0,1,0,0,2025-08-12 19:57:47,0
TXN_203916,CUST_110,1,0.5898293743726999,0.03201317289257132,18,4,0,0,0,0,1,2025-08-04 18:43:34,1
TXN_203917,CUST_609,1,0.9491468718634994,0.019682121153527573,2,9,5,0,0,0,1,2025-08-09 02:04:19,0
TXN_203918,CUST_639,1,0.5707594513215122,0.6594874486085233,14,21,3,0,1,0,0,2025-08-21 14:02:34,1
TXN_203919,CUST_270,1,0.4844429575108732,0.8102053546770339,23,17,6,0,1,0,0,2025-08-17 23:00:15,0
TXN_203920,CUST_491,0,0.35262629642020743,0.7184323938897434,23,19,1,1,0,0,0,2025-08-19 23:39:03,0
TXN_203921,CUST_348,0,0.7848778855804617,0.05017052417706229,6,9,5,0,1,0,0,2025-08-09 06:53:47,0
TXN_203922,CUST_610,0,0.817999330879893,0.039476152022213794,3,9,5,0,1,0,0,2025-08-09 03:58:19,1
TXN_203923,CUST_428,1,0.12746738039478087,0.6644779224688794,12,5,1,0,0,0,1,2025-08-05 12:47:36,0
TXN_203924,CUST_622,0,0.5168952827032453,0.020350082265880764,0,19,1,0,1,0,0,2025-08-19 00:01:24,0
TXN_203925,CUST_572,0,0.257276681164269,0.8354934531242901,7,2,5,0,0,0,1,2025-08-02 07:09:32,0
TXN_203926,CUST_257,1,0.24757443961191034,0.02555038684215928,13,14,3,0,1,0,0,2025-08-14 13:48:01,0
TXN_203927,CUST_472,0,0.9130143860823018,0.02848451968647514,10,2,5,0,1,0,0,2025-08-02 10:51:28,0
TXN_203928,CUST_554,1,0.31080628972900637,0.029526678908890068,0,13,2,0,1,0,0,2025-08-13 00:21:49,0
TXN_203929,CUST_567,1,0.6550685848109735,0.011666587805289265,0,3,6,0,1,0,0,2025-08-03 00:26:11,0
TXN_203930,CUST_336,1,0.7069253931080629,0.015356111226926008,23,11,0,0,1,0,0,2025-08-11 23:38:34,0
TXN_203931,CUST_310,1,0.3981264637002342,0.7657037570084769,1,16,5,0,1,0,0,2025-08-16 01:07:34,0
TXN_203932,CUST_200,1,0.8541318166610906,0.05533935414595243,1,25,0,0,0,1,0,2025-08-25 01:52:50,0
TXN_203933,CUST_420,1,0.2502509200401472,0.23622042562831794,11,12,1,0,1,0,0,2025-08-12 11:25:25,0
TXN_203934,CUST_309,1,0.5781197724991636,0.019335900472255498,0,10,6,0,0,0,1,2025-08-10 00:28:07,0
TXN_203935,CUST_177,1,0.3292070926731348,0.4780503257289632,17,16,5,0,1,0,0,2025-08-16 17:39:50,0
TXN_203936,CUST_500,1,0.21244563399130142,0.5924430376926958,5,23,5,0,0,0,1,2025-08-23 05:03:10,1
TXN_203937,CUST_473,1,0.15590498494479757,0.02078373241212053,3,10,6,0,0,1,0,2025-08-10 03:09:27,0
TXN_203938,CUST_571,1,0.24924723987955838,0.09458469238065152,4,9,5,0,0,0,1,2025-08-09 04:54:59,0
TXN_203939,CUST_685,1,0.9759116761458682,0.031299748458434924,3,25,0,0,1,0,0,2025-08-25 03:01:54,0
TXN_203940,CUST_475,0,0.49447975911676145,0.056948056301358026,17,23,5,0,0,0,1,2025-08-23 17:52:12,0
TXN_203941,CUST_241,1,0.2077617932418869,0.93414186703664,22,13,2,0,0,0,1,2025-08-13 22:28:52,0
TXN_203942,CUST_553,1,0.0003345600535296085,0.020955094163457217,9,5,1,0,0,0,1,2025-08-05 09:39:40,0
TXN_203943,CUST_730,1,0.8882569421211107,0.0031019974170538303,23,16,5,0,1,0,0,2025-08-16 23:14:34,0
TXN_203944,CUST_347,1,0.5888256942121111,0.01613248487583914,13,2,5,0,0,0,1,2025-08-02 13:14:01,0
TXN_203945,CUST_614,1,0.44061559049849447,0.022346971245742926,19,8,4,0,1,0,0,2025-08-08 19:32:21,0
TXN_203946,CUST_702,1,0.45299431247909,0.02747033789284987,13,8,4,0,0,0,1,2025-08-08 13:28:52,0
TXN_203947,CUST_666,1,0.5797925727668116,0.038217167726678984,16,20,2,0,0,0,1,2025-08-20 16:59:04,0
TXN_203948,CUST_104,1,0.5051856808297089,0.06118313958439319,13,20,2,0,1,0,0,2025-08-20 13:05:59,0
TXN_203949,CUST_325,1,0.659752425560388,0.06748855259786339,13,18,0,0,0,0,1,2025-08-18 13:57:15,0
TXN_203950,CUST_251,1,0.8169956507193041,0.0072251709849303425,8,6,2,0,1,0,0,2025-08-06 08:27:06,0
TXN_203951,CUST_739,1,0.832385413181666,0.02713460874737392,12,13,2,1,0,0,0,2025-08-13 12:17:22,0
TXN_203952,CUST_343,0,0.04750752760120442,0.08426451833586476,7,24,6,0,1,0,0,2025-08-24 07:03:01,0
TXN_203953,CUST_138,1,0.1368350618936099,0.013401188390248338,19,8,4,0,1,0,0,2025-08-08 19:11:50,1
TXN_203954,CUST_509,1,0.8645031783205085,0.021360766880907323,16,9,5,0,0,0,1,2025-08-09 16:01:39,0
TXN_203955,CUST_415,1,0.4235530277684844,0.025067776195537603,21,16,5,0,0,0,1,2025-08-16 21:30:56,0
TXN_203956,CUST_171,1,0.15289394446303112,0.011652599090894434,18,25,0,0,0,0,1,2025-08-25 18:50:31,0
TXN_203957,CUST_663,1,0.33456005352960855,0.03522008566758639,15,20,2,0,0,1,0,2025-08-20 15:47:11,0
TXN_203958,CUST_721,1,0.5707594513215122,0.07731212728163363,6,8,4,0,1,0,0,2025-08-08 06:10:56,0
TXN_203959,CUST_327,1,0.3171629307460689,0.02126984023734092,23,20,2,0,1,0,0,2025-08-20 23:19:10,0
TXN_203960,CUST_113,1,0.6015389762462362,0.12083101776395366,15,9,5,0,1,0,0,2025-08-09 15:35:12,0
TXN_203961,CUST_432,1,0.9304115088658413,0.05018101571285841,17,15,4,0,0,0,1,2025-08-15 17:51:12,0
TXN_203962,CUST_747,1,0.24088323854131816,0.07628045959501482,2,18,0,0,0,0,1,2025-08-18 02:56:56,0
TXN_203963,CUST_691,1,0.3185011709601873,0.06251206745190217,11,17,6,0,0,0,1,2025-08-17 11:05:50,0
TXN_203964,CUST_520,1,0.8046169287387086,0.05008309471209459,1,3,6,0,1,0,0,2025-08-03 01:20:11,0
TXN_203965,CUST_787,1,0.5797925727668116,0.028187259505584976,12,15,4,0,0,1,0,2025-08-15 12:55:28,0
TXN_203966,CUST_617,0,0.4372699899631984,0.02812780746940694,5,20,2,0,0,0,1,2025-08-20 05:44:56,0
TXN_203967,CUST_563,1,0.7209769153563065,0.01375090625011912,1,7,3,0,0,0,1,2025-08-07 01:44:37,0
TXN_203968,CUST_591,1,0.5326196052191369,0.018800832146653203,23,18,0,0,1,0,0,2025-08-18 23:37:45,0
TXN_203969,CUST_187,1,0.9892940782870525,0.004962496431566386,10,2,5,0,0,1,0,2025-08-02 10:49:14,0
TXN_203970,CUST_370,1,0.7561057209769153,0.009473856823899465,21,21,3,0,0,0,1,2025-08-21 21:46:47,0
TXN_203971,CUST_299,0,0.09802609568417531,0.1229957713165538,4,7,3,1,0,0,0,2025-08-07 04:18:00,0
TXN_203972,CUST_270,1,0.3596520575443292,0.01989195186945004,12,1,4,0,1,0,0,2025-08-01 12:16:03,0
TXN_203973,CUST_328,1,0.7524255603880896,0.16468214021315092,9,21,3,0,1,0,0,2025-08-21 09:59:57,0
TXN_203974,CUST_524,1,0.3556373369019739,0.0057283785446833975,1,15,4,0,1,0,0,2025-08-15 01:16:23,0
TXN_203975,CUST_439,1,0.5182335229173637,0.041742323754176455,11,10,6,0,0,1,0,2025-08-10 11:47:09,0
TXN_203976,CUST_615,1,0.30210772833723654,0.041906691148315724,14,13,2,0,1,0,0,2025-08-13 14:27:16,0
TXN_203977,CUST_223,1,0.6958849113415858,0.033782745263517475,2,11,0,0,0,0,1,2025-08-11 02:35:29,0
TXN_203978,CUST_759,1,0.38139846102375374,0.03086609831219516,7,16,5,0,1,0,0,2025-08-16 07:27:44,0
TXN_203979,CUST_212,1,0.499163599866176,0.03288397036364957,5,2,5,0,1,0,0,2025-08-02 05:00:37,0
TXN_203980,CUST_252,1,0.05687520910003346,0.040934475497874954,16,1,4,0,1,0,0,2025-08-01 16:03:28,0
TXN_203981,CUST_760,1,0.4225493476078956,0.014481816577249052,3,17,6,0,1,0,0,2025-08-17 03:08:18,0
TXN_203982,CUST_679,1,0.9083305453328873,0.010652406011664,19,15,4,0,0,1,0,2025-08-15 19:25:51,0
TXN_203983,CUST_224,1,0.4620274339243894,0.01797200081875945,19,8,4,0,1,0,0,2025-08-08 19:34:46,0
TXN_203984,CUST_145,0,0.7925727668116427,0.02678489088750314,13,4,0,0,0,0,1,2025-08-04 13:57:43,0
TXN_203985,CUST_595,1,0.24723987955838073,0.33159897755087614,18,6,2,0,1,0,0,2025-08-06 18:05:05,0
TXN_203986,CUST_241,0,0.5627300100368016,0.037622647364898655,2,11,0,0,0,0,1,2025-08-11 02:17:46,0
TXN_203987,CUST_626,1,0.6574105051856808,0.042001114970480834,19,21,3,0,0,0,1,2025-08-21 19:49:26,0
TXN_203988,CUST_253,1,0.5078621612579458,0.011677079341085389,8,18,0,0,0,0,1,2025-08-18 08:16:58,0
TXN_203989,CUST_560,1,0.15490130478420877,0.03537396152592953,14,3,6,0,0,0,1,2025-08-03 14:32:52,0
TXN_203990,CUST_641,1,0.7474071595851455,0.03672037528643204,2,17,6,0,0,1,0,2025-08-17 02:16:33,0
TXN_203991,CUST_233,1,0.4747407159585145,0.06938052621976432,19,2,5,0,0,1,0,2025-08-02 19:18:51,0
TXN_203992,CUST_363,0,0.9745734359317497,0.0932767475847348,10,19,1,0,0,0,1,2025-08-19 10:55:57,0
TXN_203993,CUST_552,1,0.26497156239545,0.013436160176235418,10,4,0,1,0,0,0,2025-08-04 10:34:58,0
TXN_203994,CUST_710,1,0.22984275677484106,0.783130197965838,9,14,3,0,0,0,1,2025-08-14 09:06:51,1
TXN_203995,CUST_740,1,0.5627300100368016,0.009980947720712098,10,10,6,0,0,0,1,2025-08-10 10:38:34,0
TXN_203996,CUST_667,0,0.19337571094011374,0.01742993813595974,6,3,6,0,1,0,0,2025-08-03 06:39:28,0
TXN_203997,CUST_676,1,0.0705921712947474,0.041172283642587085,17,7,3,0,1,0,0,2025-08-07 17:27:13,0
TXN_203998,CUST_796,0,0.08899297423887587,0.005119869468508239,9,12,1,0,0,0,1,2025-08-12 09:07:39,0
TXN_203999,CUST_778,1,0.9029775844764135,0.028876203689530415,1,16,5,0,1,0,0,2025-08-16 01:34:09,0
TXN_204000,CUST_461,1,0.7962529274004684,0.03980488681049233,13,5,1,0,1,0,0,2025-08-05 13:03:50,0
TXN_204001,CUST_140,1,0.7577785212445634,0.09409858455543113,21,24,6,0,1,0,0,2025-08-24 21:28:36,0
TXN_204002,CUST_207,1,0.6982268317162931,0.03566073017102357,10,7,3,0,1,0,0,2025-08-07 10:56:20,0
TXN_204003,CUST_537,1,0.6380060220809635,0.007228668163529049,16,18,0,0,0,0,1,2025-08-18 16:07:38,0
TXN_204004,CUST_557,1,0.6142522582803613,0.022794610106377525,12,21,3,0,0,1,0,2025-08-21 12:44:15,0
TXN_204005,CUST_386,1,0.6851789896286383,0.022563796318862808,1,8,4,0,1,0,0,2025-08-08 01:03:37,0
TXN_204006,CUST_778,0,0.2810304449648712,0.005280739684048797,1,4,0,0,0,1,0,2025-08-04 01:12:33,0
TXN_204007,CUST_754,0,0.24322515891602542,0.03768209940107668,1,2,5,0,0,0,1,2025-08-02 01:34:11,0
TXN_204008,CUST_134,1,0.8440950150552023,0.7954052948473024,21,2,5,0,1,0,0,2025-08-02 21:22:03,1
TXN_204009,CUST_715,1,0.702576112412178,0.039315281806673236,7,18,0,0,1,0,0,2025-08-18 07:51:15,0
TXN_204010,CUST_114,1,0.9675476748076279,0.10371232852327891,18,20,2,0,1,0,0,2025-08-20 18:13:32,0
TXN_204011,CUST_740,1,0.9441284710605553,0.017311034063603674,17,10,6,0,0,1,0,2025-08-10 17:05:22,0
TXN_204012,CUST_476,1,0.7303445968551355,0.012362526346432118,19,6,2,0,0,1,0,2025-08-06 19:50:58,0
TXN_204013,CUST_515,1,0.320508531281365,0.06851322592728477,15,4,0,0,1,0,0,2025-08-04 15:59:13,0
TXN_204014,CUST_637,1,0.817999330879893,0.027641699644186557,1,19,1,0,1,0,0,2025-08-19 01:59:37,0
TXN_204015,CUST_463,1,0.941786550685848,0.023228260252617292,11,14,3,0,0,1,0,2025-08-14 11:45:20,0
TXN_204016,CUST_337,0,0.5797925727668116,0.06699195323684687,4,8,4,0,1,0,0,2025-08-08 04:52:06,1
TXN_204017,CUST_102,1,0.9949815991970559,0.014761590865145679,13,16,5,0,1,0,0,2025-08-16 13:42:08,0
TXN_204018,CUST_679,1,0.024757443961191034,0.02062985655377739,8,17,6,0,0,1,0,2025-08-17 08:19:30,0
TXN_204019,CUST_662,1,0.40013382402141184,0.007064300769389783,10,14,3,0,1,0,0,2025-08-14 10:04:26,0
TXN_204020,CUST_746,0,0.4804282368685179,0.7471477273637334,9,20,2,0,0,0,1,2025-08-20 09:21:39,0
TXN_204021,CUST_529,1,0.6005352960856474,0.024805487800634518,23,11,0,0,0,0,1,2025-08-11 23:09:01,0
TXN_204022,CUST_756,0,0.9685513549682168,0.02350803454051392,18,11,0,0,0,1,0,2025-08-11 18:26:15,0
TXN_204023,CUST_115,1,0.4841083974573436,0.040242034135330805,1,9,5,0,1,0,0,2025-08-09 01:00:50,0
TXN_204024,CUST_559,1,0.9150217464034794,0.022479864032493822,0,24,6,0,0,0,1,2025-08-24 00:35:22,0
TXN_204025,CUST_536,0,0.08698561391769823,0.024969855194773787,0,10,6,0,1,0,0,2025-08-10 00:15:35,0
TXN_204026,CUST_315,1,0.29140180662428905,0.04768403019338103,16,5,1,1,0,0,0,2025-08-05 16:45:40,0
TXN_204027,CUST_598,1,0.06590833054533288,0.020678817054159297,11,21,3,0,0,1,0,2025-08-21 11:45:02,0
TXN_204028,CUST_626,1,0.13014386082301774,0.04827855055516136,23,3,6,0,1,0,0,2025-08-03 23:09:28,0
TXN_204029,CUST_769,1,0.8564737370357979,0.03520959413179026,11,11,0,0,0,1,0,2025-08-11 11:13:21,0
TXN_204030,CUST_298,1,0.9056540649046504,0.05932963492707805,5,1,4,0,1,0,0,2025-08-01 05:19:50,0
TXN_204031,CUST_343,1,0.8253596520575444,0.015646377050618755,6,19,1,0,1,0,0,2025-08-19 06:51:24,0
TXN_204032,CUST_462,1,0.8333890933422549,0.08466669387471616,8,7,3,1,0,0,0,2025-08-07 08:35:58,0
TXN_204033,CUST_233,1,0.6540649046503847,0.020444506088045874,10,20,2,0,0,1,0,2025-08-20 10:40:41,0
TXN_204034,CUST_685,1,0.17664770826363332,0.03905649059036886,15,4,0,0,0,0,1,2025-08-04 15:29:21,0
TXN_204035,CUST_695,1,0.8631649381063901,0.0205004609456252,9,4,0,0,0,0,1,2025-08-04 09:45:50,0
TXN_204036,CUST_576,0,0.775175644028103,0.5591219200042078,3,20,2,0,0,0,1,2025-08-20 03:48:56,0
TXN_204037,CUST_196,1,0.4821010371361659,0.20465838877497994,21,16,5,0,1,0,0,2025-08-16 21:15:33,0
TXN_204038,CUST_356,1,0.43292070926731346,0.022815593177969773,17,7,3,0,0,1,0,2025-08-07 17:54:46,0
TXN_204039,CUST_292,1,0.8936099029775845,0.7200096214377607,1,13,2,0,0,0,1,2025-08-13 01:54:08,0
TXN_204040,CUST_181,1,0.8457678153228504,0.020122765656964754,10,14,3,0,1,0,0,2025-08-14 10:13:11,0
TXN_204041,CUST_361,1,0.07627969220475074,0.019853482904864255,14,15,4,0,0,1,0,2025-08-15 14:25:57,0
TXN_204042,CUST_439,1,0.8159919705587153,0.011837949556625947,5,20,2,0,0,0,1,2025-08-20 05:24:54,1
TXN_204043,CUST_548,1,0.5724322515891602,1.0,9,8,4,0,1,0,0,2025-08-08 09:36:17,0
TXN_204044,CUST_683,1,0.4483104717296755,0.01333474199687289,17,5,1,0,1,0,0,2025-08-05 17:31:07,0
TXN_204045,CUST_184,1,0.38240214118434257,0.015810744444758024,5,19,1,0,0,1,0,2025-08-19 05:41:34,0
TXN_204046,CUST_686,0,0.04516560722649716,0.0205004609456252,23,10,6,0,1,0,0,2025-08-10 23:52:02,0
TXN_204047,CUST_107,1,0.3653395784543325,0.573505815580693,10,17,6,0,1,0,0,2025-08-17 10:33:40,0
TXN_204048,CUST_475,1,0.8139846102375377,0.0070013515546130415,23,9,5,0,1,0,0,2025-08-09 23:39:28,0
TXN_204049,CUST_299,0,0.9300769488123117,0.2709474091134865,22,1,4,0,1,0,0,2025-08-01 22:20:21,0
TXN_204050,CUST_452,0,0.4814319170291067,0.01355856142719019,12,13,2,0,0,1,0,2025-08-13 12:09:55,0
TXN_204051,CUST_786,1,0.9033121445299431,0.037881438581203034,21,19,1,0,1,0,0,2025-08-19 21:42:39,0
TXN_204052,CUST_790,0,0.29140180662428905,0.06372209124705507,14,10,6,0,0,1,0,2025-08-10 14:02:26,0
TXN_204053,CUST_468,1,0.9879558380729341,0.008361754029510383,21,14,3,0,0,0,1,2025-08-14 21:27:00,0
TXN_204054,CUST_700,0,0.796587487453998,0.049250766205602134,6,22,4,0,1,0,0,2025-08-22 06:21:29,0
TXN_204055,CUST_305,1,0.0274339243894279,0.013726425999928165,3,6,2,0,0,0,1,2025-08-06 03:45:15,0
TXN_204056,CUST_137,1,0.13850786216125793,0.012131712558917401,5,14,3,0,0,0,1,2025-08-14 05:35:25,0
TXN_204057,CUST_112,1,0.8708598193375711,0.008033019241231846,22,15,4,1,0,0,0,2025-08-15 22:24:37,0
TXN_204058,CUST_633,1,0.11709601873536299,0.037807997830630165,2,7,3,0,1,0,0,2025-08-07 02:08:24,0
TXN_204059,CUST_300,1,0.12378721980595517,0.06668769869875929,8,21,3,0,1,0,0,2025-08-21 08:06:22,0
TXN_204060,CUST_182,1,0.21378387420541986,0.02969804066022675,16,18,0,0,1,0,0,2025-08-18 16:46:05,0
TXN_204061,CUST_583,1,0.8936099029775845,0.006102576654745134,8,25,0,0,1,0,0,2025-08-25 08:02:03,0
TXN_204062,CUST_395,1,0.5058548009367682,0.01891973621900927,22,19,1,0,0,0,1,2025-08-19 22:16:30,0
TXN_204063,CUST_401,1,0.8584810973569755,0.031736895783273406,2,9,5,0,0,1,0,2025-08-09 02:03:25,0
TXN_204064,CUST_610,1,0.03747072599531616,0.01093917465675804,6,15,4,0,0,0,1,2025-08-15 06:07:07,0
TXN_204065,CUST_703,1,0.8875878220140515,0.05019150724865453,15,12,1,0,0,0,1,2025-08-12 15:17:16,0
TXN_204066,CUST_310,1,0.41418534626965536,0.04106736828462585,1,21,3,0,0,0,1,2025-08-21 01:17:07,0
TXN_204067,CUST_454,1,0.8390766142522582,0.05148546333017642,10,24,6,0,1,0,0,2025-08-24 10:37:35,0
TXN_204068,CUST_348,1,0.8601538976246236,0.35884199883481,18,14,3,0,1,0,0,2025-08-14 18:40:06,0
TXN_204069,CUST_203,1,0.16159250585480092,0.015691840372401955,11,16,5,0,1,0,0,2025-08-16 11:26:55,0
TXN_204070,CUST_671,1,0.2308464369354299,0.029533673266087482,6,12,1,0,1,0,0,2025-08-12 06:45:03,0
TXN_204071,CUST_770,1,0.04717296754767481,0.05952197975000698,19,10,6,0,1,0,0,2025-08-10 19:10:33,0
TXN_204072,CUST_619,1,0.45466711274673804,0.06603022912220223,3,8,4,0,1,0,0,2025-08-08 03:41:49,0
TXN_204073,CUST_419,1,0.742723318835731,0.05476581685576435,16,19,1,0,0,1,0,2025-08-19 16:37:55,0
TXN_204074,CUST_507,0,0.6942121110739378,0.01683891495277812,10,5,1,0,0,1,0,2025-08-05 10:39:47,0
TXN_204075,CUST_424,1,0.3951154232184677,0.019101589506142075,12,18,0,0,1,0,0,2025-08-18 12:28:05,0
TXN_204076,CUST_515,0,0.5112077617932419,0.018080413355319392,3,5,1,0,1,0,0,2025-08-05 03:08:46,0
TXN_204077,CUST_330,1,0.6992305118768819,0.00879540417575015,9,14,3,0,1,0,0,2025-08-14 09:07:43,0
TXN_204078,CUST_713,1,0.9909668785547006,0.21089385821647597,7,4,0,0,1,0,0,2025-08-04 07:54:49,0
TXN_204079,CUST_635,1,0.9578454332552693,0.021423716095684064,11,15,4,0,1,0,0,2025-08-15 11:44:36,1
TXN_204080,CUST_298,1,0.0016728002676480425,0.012708747027704193,9,20,2,0,1,0,0,2025-08-20 09:59:34,0
TXN_204081,CUST_343,1,0.8802275008364001,0.7661374071547168,1,18,0,0,0,0,1,2025-08-18 01:15:17,0
TXN_204082,CUST_139,1,0.15155570424891268,0.0352270800247838,8,8,4,0,0,1,0,2025-08-08 08:01:37,0
TXN_204083,CUST_195,1,0.5851455336232854,0.06850273439148866,14,1,4,0,0,0,1,2025-08-01 14:21:50,0
TXN_204084,CUST_654,1,0.6038808966209435,0.02651211095680393,17,6,2,0,0,0,1,2025-08-06 17:20:56,0
TXN_204085,CUST_571,1,0.3208430913348946,0.023112853358859937,16,6,2,0,1,0,0,2025-08-06 16:25:04,0
TXN_204086,CUST_406,0,0.30277684844429575,0.018528052215953994,3,5,1,0,0,1,0,2025-08-05 03:06:48,0
TXN_204087,CUST_526,1,0.38206758113081296,0.9916110029492056,8,18,0,1,0,0,0,2025-08-18 08:00:07,0
TXN_204088,CUST_103,0,0.34158581465373034,0.016912355703350982,16,13,2,0,1,0,0,2025-08-13 16:40:43,1
TXN_204089,CUST_369,1,0.6825025092004015,0.04765605276459137,5,3,6,0,1,0,0,2025-08-03 05:01:36,0
TXN_204090,CUST_352,1,0.7002341920374707,0.03772056836566247,21,24,6,0,1,0,0,2025-08-24 21:36:09,0
TXN_204091,CUST_404,1,0.3469387755102041,0.031306742815632345,3,20,2,0,0,1,0,2025-08-20 03:33:26,0
TXN_204092,CUST_680,1,0.4560053529608565,0.02516919437490013,2,25,0,0,0,1,0,2025-08-25 02:07:34,0
TXN_204093,CUST_353,0,0.37805286048845765,0.014590229113808997,5,10,6,0,1,0,0,2025-08-10 05:03:55,0
TXN_204094,CUST_718,0,0.37872198059551687,0.04904443266827837,13,17,6,0,1,0,0,2025-08-17 13:12:49,1
TXN_204095,CUST_558,1,0.24389427902308464,0.0127122442063029,6,14,3,0,0,1,0,2025-08-14 06:17:08,0
TXN_204096,CUST_223,1,0.1445299431247909,0.009599755253452948,9,3,6,0,0,1,0,2025-08-03 09:20:53,0
TXN_204097,CUST_742,0,0.4817664770826363,0.03210759671473643,15,12,1,0,1,0,0,2025-08-12 15:14:24,0
TXN_204098,CUST_501,1,0.9243894279023085,0.7680958271699931,15,20,2,0,0,0,1,2025-08-20 15:59:50,0
TXN_204099,CUST_299,1,0.42790230846436933,0.029299362299974055,1,10,6,1,0,0,0,2025-08-10 01:49:20,0
TXN_204100,CUST_751,1,0.8992974238875878,0.021511145560651757,10,16,5,0,1,0,0,2025-08-16 10:38:24,0
TXN_204101,CUST_602,1,0.6480428236868517,0.04387210552078952,23,17,6,0,1,0,0,2025-08-17 23:20:41,0
TXN_204102,CUST_446,1,0.4499832719973235,0.01653466041469054,2,11,0,0,1,0,0,2025-08-11 02:11:16,0
TXN_204103,CUST_781,1,0.15155570424891268,0.03722746618324467,23,15,4,0,0,0,1,2025-08-15 23:23:24,0
TXN_204104,CUST_382,0,0.1609233857477417,0.025309081518848444,14,17,6,0,0,0,1,2025-08-17 14:14:57,0
TXN_204105,CUST_572,0,0.14553362328537972,0.023682893470449308,22,23,5,0,0,1,0,2025-08-23 22:59:36,1
TXN_204106,CUST_543,1,0.8099698895951823,0.029544164801883606,7,24,6,0,0,0,1,2025-08-24 07:45:02,0
TXN_204107,CUST_616,0,0.3285379725660756,0.2354020858362203,15,20,2,0,0,1,0,2025-08-20 15:13:50,0
TXN_204108,CUST_702,1,0.617932418869187,0.5814618968927533,0,10,6,1,0,0,0,2025-08-10 00:12:26,1
TXN_204109,CUST_275,1,0.034459685513549686,0.030093221841880728,4,1,4,0,1,0,0,2025-08-01 04:52:26,0
TXN_204110,CUST_792,1,0.921378387420542,0.05318858930774713,7,9,5,0,0,0,1,2025-08-09 07:03:26,0
TXN_204111,CUST_616,0,0.2937437269989963,0.04057076892360934,18,8,4,1,0,0,0,2025-08-08 18:30:44,1
TXN_204112,CUST_635,0,0.7768484442957511,0.023123344894656058,19,18,0,0,0,0,1,2025-08-18 19:22:04,0
TXN_204113,CUST_405,1,0.08397457343593175,0.16547599975505758,11,13,2,0,0,0,1,2025-08-13 11:22:15,0
TXN_204114,CUST_599,1,0.8397457343593174,0.012449955811399814,0,1,4,0,1,0,0,2025-08-01 00:31:40,0
TXN_204115,CUST_322,1,0.11040481766477082,0.017468407100545525,15,16,5,0,0,1,0,2025-08-16 15:45:50,0
TXN_204116,CUST_399,1,0.24088323854131816,0.027634705286989136,13,2,5,1,0,0,0,2025-08-02 13:34:22,0
TXN_204117,CUST_366,1,0.2459016393442623,0.0037000149574328662,21,8,4,0,0,0,1,2025-08-08 21:47:13,0
TXN_204118,CUST_281,1,0.5403144864503178,0.794884215236095,21,12,1,0,0,0,1,2025-08-12 21:00:23,0
TXN_204119,CUST_452,0,0.9558380729340916,0.02003533619199706,21,25,0,0,0,0,1,2025-08-25 21:02:15,1
TXN_204120,CUST_464,1,0.0823017731682837,0.02180840574154192,20,10,6,0,0,0,1,2025-08-10 20:35:50,0
TXN_204121,CUST_135,1,0.5433255269320842,0.03132422870862588,23,7,3,1,0,0,0,2025-08-07 23:26:34,0
TXN_204122,CUST_593,1,0.0548678487788558,0.053132634450167804,11,8,4,0,0,1,0,2025-08-08 11:04:47,0
TXN_204123,CUST_160,1,0.6935429909668785,0.006326396085062433,9,9,5,0,0,0,1,2025-08-09 09:40:57,0
TXN_204124,CUST_364,1,0.2579458012713282,0.014709133186165062,16,6,2,0,0,0,1,2025-08-06 16:50:55,0
TXN_204125,CUST_540,0,0.2673134827701572,0.019311420222064543,15,6,2,0,0,1,0,2025-08-06 15:36:31,0
TXN_204126,CUST_323,0,0.12445633991301439,0.00813793459919308,6,25,0,0,1,0,0,2025-08-25 06:46:04,0
TXN_204127,CUST_163,1,0.5560388089662094,0.031638974782509585,19,5,1,0,1,0,0,2025-08-05 19:48:42,0
TXN_204128,CUST_656,1,0.3332218133154901,0.8526611028653468,22,21,3,0,1,0,0,2025-08-21 22:50:54,0
TXN_204129,CUST_592,1,0.2348611575777852,0.058546266920967496,11,23,5,0,0,0,1,2025-08-23 11:33:49,0
TXN_204130,CUST_576,1,0.9401137504182,0.03918238901992234,13,11,0,1,0,0,0,2025-08-11 13:47:31,0
TXN_204131,CUST_227,1,0.25259284041485447,0.032467806110403334,19,22,4,0,0,1,0,2025-08-22 19:58:09,0
TXN_204132,CUST_326,1,0.1371696219471395,0.06538325108144129,3,8,4,0,1,0,0,2025-08-08 03:46:05,0
TXN_204133,CUST_606,1,0.7929073268651723,0.09415104223441176,6,24,6,0,0,0,1,2025-08-24 06:51:24,0
TXN_204134,CUST_752,1,0.6828370692539311,0.4569098810997745,17,21,3,0,1,0,0,2025-08-21 17:24:40,0
TXN_204135,CUST_184,1,0.27233188357310134,0.047533651513636595,6,24,6,0,0,0,1,2025-08-24 06:30:34,0
TXN_204136,CUST_629,1,0.8648377383740381,0.01854903528754624,23,18,0,0,1,0,0,2025-08-18 23:25:31,0
TXN_204137,CUST_626,1,0.28839076614252257,0.13292076417968657,5,19,1,0,0,0,1,2025-08-19 05:31:54,0
TXN_204138,CUST_165,1,0.8571428571428571,0.02985891087576731,7,22,4,0,0,0,1,2025-08-22 07:03:11,0
TXN_204139,CUST_728,1,0.17029106724657075,0.02888669522532654,23,17,6,0,1,0,0,2025-08-17 23:13:15,1
TXN_204140,CUST_610,1,0.17497490799598528,0.026106438239353824,2,18,0,1,0,0,0,2025-08-18 02:22:30,0
TXN_204141,CUST_521,1,0.8153228504516561,0.04399450677174429,16,4,0,0,0,0,1,2025-08-04 16:58:43,0
TXN_204142,CUST_747,0,0.8343927735028437,0.37739453130095496,10,13,2,1,0,0,0,2025-08-13 10:08:51,0
TXN_204143,CUST_482,1,0.43292070926731346,0.034212898231158535,7,20,2,0,1,0,0,2025-08-20 07:23:21,0
TXN_204144,CUST_214,1,0.6918701906992305,0.016702524987428514,18,10,6,0,1,0,0,2025-08-10 18:29:08,0
TXN_204145,CUST_391,1,0.853797256607561,0.04671181454294026,21,12,1,0,0,0,1,2025-08-12 21:14:55,0
TXN_204146,CUST_536,1,0.3643358982937437,0.475850600390376,9,15,4,0,1,0,0,2025-08-15 09:18:27,1
TXN_204147,CUST_502,1,0.664101706256273,0.01986397444066038,2,10,6,0,1,0,0,2025-08-10 02:12:10,0
TXN_204148,CUST_357,1,0.5473402475744396,0.08428550140745701,4,17,6,0,0,1,0,2025-08-17 04:58:01,0
TXN_204149,CUST_629,1,0.9842756774841084,0.009917998505935357,23,13,2,0,1,0,0,2025-08-13 23:25:24,0
TXN_204150,CUST_597,1,0.8357310137169621,0.024763521657450025,21,6,2,1,0,0,0,2025-08-06 21:14:14,0
TXN_204151,CUST_283,1,0.44797591167614587,0.04607183085937673,8,18,0,0,0,0,1,2025-08-18 08:55:01,0
TXN_204152,CUST_485,1,0.17664770826363332,0.01164210755509831,3,4,0,0,1,0,0,2025-08-04 03:51:59,0
TXN_204153,CUST_657,1,0.34994981599197056,0.032450320217409796,14,4,0,0,1,0,0,2025-08-04 14:08:05,0
TXN_204154,CUST_306,0,0.16661090665774506,0.01950726222359218,7,5,1,0,1,0,0,2025-08-05 07:33:52,0
TXN_204155,CUST_114,1,0.04817664770826364,0.9498511933020356,11,20,2,0,0,0,1,2025-08-20 11:31:57,1
TXN_204156,CUST_637,0,0.40749414519906324,0.018713402681685507,20,19,1,0,1,0,0,2025-08-19 20:59:57,0
TXN_204157,CUST_375,1,0.8474406155904984,0.02576371473668046,12,17,6,0,1,0,0,2025-08-17 12:18:47,0
TXN_204158,CUST_500,1,0.9150217464034794,0.005375163506213909,7,7,3,0,1,0,0,2025-08-07 07:06:19,0
TXN_204159,CUST_612,1,0.3288725326196052,0.5381213625189674,14,2,5,0,0,1,0,2025-08-02 14:59:32,0
TXN_204160,CUST_206,1,0.4610237537638006,0.015660365765013586,15,14,3,0,1,0,0,2025-08-14 15:54:49,1
TXN_204161,CUST_421,0,0.7380394780863164,0.09722156504407721,5,18,0,0,1,0,0,2025-08-18 05:00:43,0
TXN_204162,CUST_648,1,0.921378387420542,0.5441784758519292,11,16,5,0,1,0,0,2025-08-16 11:56:47,0
TXN_204163,CUST_675,1,0.3482770157243225,0.03977690938170267,21,7,3,0,0,0,1,2025-08-07 21:22:52,0
TXN_204164,CUST_741,0,0.4499832719973235,0.00726014277091742,23,18,0,0,0,1,0,2025-08-18 23:31:05,0
TXN_204165,CUST_560,1,0.7791903646704583,0.02271067782000854,15,5,1,0,0,0,1,2025-08-05 15:07:44,0
TXN_204166,CUST_194,1,0.218802275008364,0.004672230607873639,20,14,3,0,0,0,1,2025-08-14 20:45:26,0
TXN_204167,CUST_781,1,0.9049849447975912,0.015128794618009998,22,6,2,0,0,1,0,2025-08-06 22:48:41,0
TXN_204168,CUST_174,1,0.39310806289729006,0.035971979066308564,13,22,4,0,0,0,1,2025-08-22 13:08:47,0
TXN_204169,CUST_385,1,0.34593509534961525,0.045694135570716284,13,5,1,0,0,0,1,2025-08-05 13:06:58,0
TXN_204170,CUST_172,0,0.45299431247909,0.03453463866223965,3,12,1,0,1,0,0,2025-08-12 03:15:27,0
TXN_204171,CUST_715,1,0.6370023419203746,0.01023624175841777,22,19,1,0,0,0,1,2025-08-19 22:59:27,0
TXN_204172,CUST_168,1,0.5540314486450317,1.0,20,12,1,0,1,0,0,2025-08-12 20:49:56,0
TXN_204173,CUST_119,0,0.9243894279023085,0.02737241689208605,18,18,0,0,0,0,1,2025-08-18 18:52:19,0
TXN_204174,CUST_109,1,0.9069923051187688,0.01496792440246944,13,2,5,0,0,0,1,2025-08-02 13:51:36,0
TXN_204175,CUST_553,1,0.18333890933422547,0.0322719641088757,19,10,6,0,0,0,1,2025-08-10 19:10:41,0
TXN_204176,CUST_358,1,0.14687186349949816,0.02342759943274364,21,16,5,0,0,0,1,2025-08-16 21:19:34,0
TXN_204177,CUST_466,1,0.1411843425894948,0.011285395338030114,12,4,0,0,0,0,1,2025-08-04 12:12:45,0
TXN_204178,CUST_483,1,0.915356306457009,0.029708532196022874,22,12,1,0,0,1,0,2025-08-12 22:18:01,0
TXN_204179,CUST_744,1,0.25961860153897626,0.01028170508020097,18,12,1,0,1,0,0,2025-08-12 18:17:42,0
TXN_204180,CUST_563,1,0.1334894613583138,0.010960157728350288,6,9,5,0,1,0,0,2025-08-09 06:36:25,0
TXN_204181,CUST_755,1,0.9237203077952493,0.016111501804246895,7,15,4,0,0,0,1,2025-08-15 07:57:18,0
TXN_204182,CUST_492,1,0.7169621947139512,0.030327532807994155,1,13,2,0,1,0,0,2025-08-13 01:24:27,0
TXN_204183,CUST_324,0,0.22047507527601204,0.07488508533413041,9,21,3,0,0,1,0,2025-08-21 09:26:36,0
TXN_204184,CUST_714,1,0.08263633322181331,0.06210289755585335,18,25,0,0,1,0,0,2025-08-25 18:21:29,0
TXN_204185,CUST_104,1,0.20642355302776846,0.010995129514337364,15,3,6,0,0,0,1,2025-08-03 15:53:23,0
TXN_204186,CUST_480,1,0.328203412512546,0.5301862642784994,7,11,0,0,1,0,0,2025-08-11 07:48:07,1
TXN_204187,CUST_411,1,0.09401137504182,0.020993563128043,18,1,4,0,1,0,0,2025-08-01 18:26:06,0
TXN_204188,CUST_254,1,0.41418534626965536,0.01845461146538113,20,22,4,0,1,0,0,2025-08-22 20:16:29,0
TXN_204189,CUST_732,1,0.8226831716293075,0.027117122854380383,11,20,2,0,1,0,0,2025-08-20 11:16:55,0
TXN_204190,CUST_436,1,0.9334225493476078,0.8362103747370252,10,10,6,0,0,0,1,2025-08-10 10:49:10,0
TXN_204191,CUST_418,1,0.7166276346604216,0.011876418521211733,7,3,6,0,0,1,0,2025-08-03 07:21:59,0
TXN_204192,CUST_564,1,0.3911007025761124,0.017629277316086087,0,13,2,0,0,0,1,2025-08-13 00:45:22,0
TXN_204193,CUST_572,1,0.5172298427567749,0.015590422193039431,15,4,0,0,0,1,0,2025-08-04 15:08:43,0
TXN_204194,CUST_249,1,0.5148879223820676,0.02502581005235311,6,18,0,0,0,0,1,2025-08-18 06:33:46,0
TXN_204195,CUST_367,1,0.6928738708598193,0.038353557692028584,0,25,0,0,0,0,1,2025-08-25 00:30:00,0
TXN_204196,CUST_208,1,0.06189360990297759,0.02639670406304657,9,24,6,0,0,0,1,2025-08-24 09:53:46,0
TXN_204197,CUST_382,0,0.2388758782201405,0.1028100564448123,18,23,5,0,1,0,0,2025-08-23 18:55:45,0
TXN_204198,CUST_433,1,0.06423553027768483,0.5808813652453677,0,13,2,0,1,0,0,2025-08-13 00:24:44,0
TXN_204199,CUST_401,0,0.8655068584810973,0.8594771039542283,15,1,4,0,0,1,0,2025-08-01 15:21:51,0
TXN_204200,CUST_632,1,0.47942455670792905,0.049673924816045774,7,9,5,0,1,0,0,2025-08-09 07:09:16,0
TXN_204201,CUST_498,1,0.2967547674807628,0.4831527093044779,14,11,0,0,0,1,0,2025-08-11 14:44:41,0
TXN_204202,CUST_186,1,0.7728337236533958,0.23307995924667832,20,23,5,0,0,1,0,2025-08-23 20:55:15,0
TXN_204203,CUST_414,1,0.022415523586483774,0.02270368346281112,9,12,1,0,0,0,1,2025-08-12 09:12:01,0
TXN_204204,CUST_660,0,0.7490799598527935,0.7325505038927269,23,6,2,0,1,0,0,2025-08-06 23:12:37,0
TXN_204205,CUST_683,1,0.4499832719973235,0.02990787137614922,11,15,4,0,1,0,0,2025-08-15 11:18:06,0
TXN_204206,CUST_185,1,0.7688190030110404,0.008945782855494584,17,5,1,0,0,0,1,2025-08-05 17:48:00,0
TXN_204207,CUST_408,1,0.7082636333221813,0.05907084371077367,5,19,1,0,0,0,1,2025-08-19 05:55:46,0
TXN_204208,CUST_382,1,0.7313482770157242,0.38938985389452274,10,3,6,0,1,0,0,2025-08-03 10:19:45,0
TXN_204209,CUST_581,0,0.15490130478420877,0.03355542865460147,2,15,4,0,1,0,0,2025-08-15 02:24:18,0
TXN_204210,CUST_440,1,0.4964871194379391,0.04125271875035736,1,12,1,0,0,0,1,2025-08-12 01:06:16,0
TXN_204211,CUST_578,1,0.25627300100368017,0.020063313620786723,16,11,0,0,0,1,0,2025-08-11 16:57:24,1
TXN_204212,CUST_641,1,0.10371361659417865,0.07564747026864871,23,17,6,0,0,1,0,2025-08-17 23:53:44,0
TXN_204213,CUST_701,0,0.18200066912010704,0.003067025631066752,1,23,5,0,0,0,1,2025-08-23 01:08:12,0
TXN_204214,CUST_585,1,0.0020073603211776514,0.046271170039503075,23,19,1,0,1,0,0,2025-08-19 23:02:09,0
TXN_204215,CUST_183,0,0.437604550016728,0.04356435380410323,22,3,6,0,0,1,0,2025-08-03 22:20:26,0
TXN_204216,CUST_676,0,0.5296085647373704,0.025253126661269117,20,6,2,0,1,0,0,2025-08-06 20:13:24,0
TXN_204217,CUST_177,1,0.5329541652726665,0.021150936164984854,0,5,1,0,0,0,1,2025-08-05 00:49:23,0
TXN_204218,CUST_736,1,0.8216794914687187,0.025158702839104007,3,8,4,0,0,0,1,2025-08-08 03:36:03,0
TXN_204219,CUST_274,1,0.6038808966209435,0.4809564811444894,17,5,1,1,0,0,0,2025-08-05 17:25:51,0
TXN_204220,CUST_225,1,0.7450652392104382,0.017741187031244735,1,7,3,0,1,0,0,2025-08-07 01:12:00,0
TXN_204221,CUST_420,1,0.1722984275677484,0.027879507788898687,12,5,1,0,0,0,1,2025-08-05 12:59:11,0
TXN_204222,CUST_436,1,0.29106724657075944,0.01928344279327488,0,22,4,0,1,0,0,2025-08-22 00:35:20,0
TXN_204223,CUST_461,1,0.04248912679826029,0.5962479680080899,16,8,4,0,0,1,0,2025-08-08 16:17:51,0
TXN_204224,CUST_384,1,0.03646704583472733,0.18833006189761314,6,25,0,0,1,0,0,2025-08-25 06:55:10,0
TXN_204225,CUST_748,1,0.8742054198728672,0.048991974989297755,1,15,4,0,0,0,1,2025-08-15 01:06:14,0
TXN_204226,CUST_658,1,0.4483104717296755,0.02083269291250244,21,22,4,0,0,0,1,2025-08-22 21:54:32,0
TXN_204227,CUST_464,1,0.038808966209434595,0.022214078458992027,12,6,2,0,0,0,1,2025-08-06 12:59:42,0
TXN_204228,CUST_277,1,0.0,0.061144670619807405,3,15,4,0,0,1,0,2025-08-15 03:28:26,0
TXN_204229,CUST_438,1,0.5858146537303446,0.8366510192404624,4,7,3,0,0,0,1,2025-08-07 04:35:19,1
TXN_204230,CUST_345,1,0.9718969555035128,0.06693949555786625,22,22,4,0,0,1,0,2025-08-22 22:42:31,0
TXN_204231,CUST_221,1,0.1488792238206758,0.032229997965691204,2,10,6,0,0,0,1,2025-08-10 02:21:22,0
TXN_204232,CUST_285,1,0.48645031783205084,0.047299340547523175,0,16,5,0,1,0,0,2025-08-16 00:19:02,1
TXN_204233,CUST_184,0,0.46503847440615587,0.043987512414546875,2,25,0,0,0,0,1,2025-08-25 02:55:31,0
TXN_204234,CUST_491,1,0.49481431917029106,0.028043875183037956,0,17,6,1,0,0,0,2025-08-17 00:24:43,0
TXN_204235,CUST_278,1,0.3258614921378387,0.6582354586701858,16,14,3,0,0,0,1,2025-08-14 16:40:12,1
TXN_204236,CUST_264,0,0.9397791903646704,0.032950416757025015,10,14,3,0,1,0,0,2025-08-14 10:12:44,0
TXN_204237,CUST_153,1,0.4125125460020074,0.0147266190791586,0,12,1,0,1,0,0,2025-08-12 00:32:23,0
TXN_204238,CUST_374,1,0.07527601204416193,0.9483404121473938,15,4,0,1,0,0,0,2025-08-04 15:44:23,0
TXN_204239,CUST_277,1,0.42154566744730676,0.03286298729205732,15,21,3,0,1,0,0,2025-08-21 15:31:33,0
TXN_204240,CUST_459,1,0.3439277350284376,0.02960361683806164,16,18,0,0,0,0,1,2025-08-18 16:16:09,0
TXN_204241,CUST_402,1,0.949481431917029,0.011362333267201683,5,2,5,0,1,0,0,2025-08-02 05:46:01,0
TXN_204242,CUST_569,1,0.6617597858815657,0.01182046366363241,21,17,6,0,1,0,0,2025-08-17 21:34:07,0
TXN_204243,CUST_642,1,0.6182669789227166,0.5002958787953437,12,15,4,0,0,0,1,2025-08-15 12:00:40,1
TXN_204244,CUST_428,1,0.06423553027768483,0.03154804813894318,21,2,5,0,0,0,1,2025-08-02 21:28:00,0
TXN_204245,CUST_428,1,0.3556373369019739,0.025004826980760862,1,4,0,0,0,0,1,2025-08-04 01:27:07,0
TXN_204246,CUST_518,1,0.2117765138842422,0.023133836430452182,6,18,0,1,0,0,0,2025-08-18 06:11:11,0
TXN_204247,CUST_762,1,0.9718969555035128,0.4089810484044839,15,12,1,1,0,0,0,2025-08-12 15:05:20,0
TXN_204248,CUST_653,1,0.01605888256942121,0.01597511183889729,13,12,1,0,1,0,0,2025-08-12 13:37:25,0
TXN_204249,CUST_166,1,0.5741050518568083,0.01967162961773145,17,1,4,1,0,0,0,2025-08-01 17:06:24,0
TXN_204250,CUST_312,0,0.744396119103379,0.0289601359758994,10,10,6,0,1,0,0,2025-08-10 10:26:57,1
TXN_204251,CUST_511,1,0.2231515557042489,0.025211160518084624,14,25,0,0,1,0,0,2025-08-25 14:46:32,0
TXN_204252,CUST_136,1,0.6159250585480094,0.032520263789383955,18,8,4,0,1,0,0,2025-08-08 18:23:14,0
TXN_204253,CUST_344,1,0.9561726329876212,0.021115964378997775,6,16,5,1,0,0,0,2025-08-16 06:52:27,0
TXN_204254,CUST_467,0,0.6339913014386082,0.01197783670057426,10,23,5,0,0,1,0,2025-08-23 10:55:03,0
TXN_204255,CUST_110,1,0.6423553027768484,0.32717154944491206,5,5,1,0,0,0,1,2025-08-05 05:38:27,0
TXN_204256,CUST_532,1,0.03813984610237538,0.017678237816467993,23,25,0,0,0,0,1,2025-08-25 23:49:25,0
TXN_204257,CUST_342,1,0.11341585814653729,0.02878877422456272,9,22,4,0,0,0,1,2025-08-22 09:35:25,0
TXN_204258,CUST_663,1,0.36667781866845095,0.012435967097004983,15,15,4,1,0,0,0,2025-08-15 15:07:15,1
TXN_204259,CUST_115,1,0.18266978922716626,0.023434593789941054,17,23,5,0,1,0,0,2025-08-23 17:09:53,0
TXN_204260,CUST_585,1,0.9929742388758782,0.010068377185679794,18,3,6,1,0,0,0,2025-08-03 18:58:01,0
TXN_204261,CUST_688,1,0.8798929407828705,0.0171431694908657,14,7,3,0,0,0,1,2025-08-07 14:48:05,0
TXN_204262,CUST_409,0,0.012713282034125126,0.022588276569053763,7,6,2,0,1,0,0,2025-08-06 07:46:10,0
TXN_204263,CUST_345,1,0.84610237537638,0.034849384736123354,11,7,3,0,1,0,0,2025-08-07 11:53:34,0
TXN_204264,CUST_667,1,0.7768484442957511,0.03324767693791518,15,14,3,0,1,0,0,2025-08-14 15:15:57,0
TXN_204265,CUST_734,0,0.04483104717296755,0.02222806717338686,17,21,3,0,1,0,0,2025-08-21 17:51:25,1
TXN_204266,CUST_278,1,0.2997658079625293,0.20229079886365472,5,8,4,0,0,1,0,2025-08-08 05:00:40,0
TXN_204267,CUST_630,1,0.984610237537638,0.02872232783118727,18,6,2,0,1,0,0,2025-08-06 18:50:07,0
TXN_204268,CUST_548,1,0.6359986617597858,0.017832113674811138,21,5,1,0,0,0,1,2025-08-05 21:47:32,0
TXN_204269,CUST_751,1,0.6664436266309802,0.013548069891394066,12,22,4,0,1,0,0,2025-08-22 12:22:00,0
TXN_204270,CUST_715,1,0.20943459350953494,0.0334365245822454,18,13,2,0,0,0,1,2025-08-13 18:21:36,0
TXN_204271,CUST_226,1,0.391435262629642,0.028687356045200188,1,9,5,0,0,0,1,2025-08-09 01:36:02,0
TXN_204272,CUST_370,1,0.7259953161592506,0.009980947720712098,21,6,2,0,0,0,1,2025-08-06 21:18:40,0
TXN_204273,CUST_690,1,0.9063231850117096,0.0534438833454528,8,13,2,0,1,0,0,2025-08-13 08:23:32,0
TXN_204274,CUST_236,1,0.18634994981599196,0.01656613502207891,17,4,0,0,1,0,0,2025-08-04 17:55:05,0
TXN_204275,CUST_104,1,0.3245232519237203,0.028036880825840535,18,16,5,0,1,0,0,2025-08-16 18:31:18,0
TXN_204276,CUST_178,1,0.708598193375711,0.008634533960209592,21,5,1,0,1,0,0,2025-08-05 21:00:43,0
TXN_204277,CUST_152,0,0.423887587822014,0.01350960092680828,20,19,1,0,0,0,1,2025-08-19 20:45:18,0
TXN_204278,CUST_460,1,0.2027433924389428,0.058311955954854076,23,14,3,0,0,1,0,2025-08-14 23:03:02,0
TXN_204279,CUST_767,1,0.18701906992305117,0.6128176002087675,2,19,1,0,1,0,0,2025-08-19 02:39:58,1
TXN_204280,CUST_511,1,0.0010036801605888255,0.07697290095755897,22,8,4,0,1,0,0,2025-08-08 22:18:43,1
TXN_204281,CUST_674,1,0.6400133824021411,0.009089167178041608,16,4,0,0,1,0,0,2025-08-04 16:50:07,0
TXN_204282,CUST_512,0,0.29073268651722983,0.21496107692677313,15,12,1,0,1,0,0,2025-08-12 15:58:43,0
TXN_204283,CUST_742,1,0.06457009033121444,0.7911667143856685,10,6,2,0,0,0,1,2025-08-06 10:10:53,0
TXN_204284,CUST_287,1,0.782870525259284,0.012341543274839873,23,14,3,0,1,0,0,2025-08-14 23:11:31,0
TXN_204285,CUST_182,0,0.4519906323185012,0.023668904756054477,21,7,3,0,1,0,0,2025-08-07 21:47:57,0
TXN_204286,CUST_305,1,0.24155235864837737,0.0491038847044564,19,5,1,0,1,0,0,2025-08-05 19:10:13,0
TXN_204287,CUST_307,1,0.8511207761793241,0.017244587670228226,23,18,0,1,0,0,0,2025-08-18 23:28:00,0
TXN_204288,CUST_125,1,0.22515891602542656,0.010536999117906641,14,2,5,0,0,0,1,2025-08-02 14:54:39,0
TXN_204289,CUST_310,1,0.6945466711274674,0.5462977660827462,23,4,0,0,0,1,0,2025-08-04 23:18:58,1
TXN_204290,CUST_667,1,0.7310137169621946,0.015569439121447183,16,5,1,0,0,1,0,2025-08-05 16:43:01,0
TXN_204291,CUST_283,1,0.8016058882569421,0.008826878783138519,0,23,5,1,0,0,0,2025-08-23 00:58:07,0
TXN_204292,CUST_189,1,0.30210772833723654,0.052824882733481515,19,20,2,0,0,0,1,2025-08-20 19:25:58,0
TXN_204293,CUST_147,0,0.5286048845767816,0.034611576591411224,9,23,5,0,0,1,0,2025-08-23 09:20:36,0
TXN_204294,CUST_405,1,0.6416861826697892,0.01621641716220813,17,16,5,0,0,1,0,2025-08-16 17:19:23,0
TXN_204295,CUST_796,0,0.8327199732351956,0.02545596301999417,5,8,4,0,0,0,1,2025-08-08 05:10:37,0
TXN_204296,CUST_169,1,0.20910003345600534,0.04026301720692305,17,16,5,0,1,0,0,2025-08-16 17:39:49,0
TXN_204297,CUST_450,0,0.26831716293074603,0.03698616085993383,0,12,1,0,1,0,0,2025-08-12 00:02:50,1
TXN_204298,CUST_322,1,0.07293409166945466,0.04502617445836309,0,12,1,0,0,1,0,2025-08-12 00:53:24,0
TXN_204299,CUST_740,1,0.7377049180327868,0.03972095452412334,17,8,4,0,0,0,1,2025-08-08 17:45:35,0
TXN_204300,CUST_527,1,0.4148544663767146,0.11587201851098598,5,17,6,1,0,0,0,2025-08-17 05:09:44,1
TXN_204301,CUST_223,1,0.11809969889595182,0.6945571555963652,17,25,0,0,0,0,1,2025-08-25 17:04:51,0
TXN_204302,CUST_709,1,0.5791234526597524,0.040861034747302086,5,15,4,0,0,1,0,2025-08-15 05:02:22,0
TXN_204303,CUST_163,1,0.5915021746403479,0.4510346210539454,14,4,0,0,1,0,0,2025-08-04 14:37:34,0
TXN_204304,CUST_515,1,0.41385078621612575,0.00841071452989229,19,18,0,0,1,0,0,2025-08-18 19:02:06,0
TXN_204305,CUST_276,1,0.3947808631649381,0.017083717454687668,4,21,3,0,0,0,1,2025-08-21 04:48:04,0
TXN_204306,CUST_758,1,0.4158581465373034,0.06585886737086555,12,19,1,1,0,0,0,2025-08-19 12:06:24,0
TXN_204307,CUST_733,1,0.7885580461692874,0.020427020195052336,15,17,6,0,0,0,1,2025-08-17 15:14:23,0
TXN_204308,CUST_714,1,0.3516226162596186,0.022070694136445006,23,6,2,0,0,0,1,2025-08-06 23:58:29,0
TXN_204309,CUST_771,1,0.6915356306457009,0.01453427425622967,6,3,6,0,1,0,0,2025-08-03 06:15:47,0
TXN_204310,CUST_622,1,0.7039143526262964,0.013645990892157886,5,6,2,0,0,0,1,2025-08-06 05:35:17,0
TXN_204311,CUST_632,1,0.06523921043827366,0.7039995378128763,17,13,2,0,0,0,1,2025-08-13 17:50:22,0
TXN_204312,CUST_402,0,0.8979591836734694,0.02934132844315855,11,9,5,0,1,0,0,2025-08-09 11:17:14,0
TXN_204313,CUST_544,1,0.3225158916025426,0.01434542661189945,3,21,3,0,1,0,0,2025-08-21 03:56:24,0
TXN_204314,CUST_121,0,0.5787888926062228,0.3805384948611933,13,11,0,0,1,0,0,2025-08-11 13:22:46,1
TXN_204315,CUST_408,0,0.8360655737704917,0.03202716160696615,21,10,6,0,0,0,1,2025-08-10 21:41:09,0
TXN_204316,CUST_321,1,0.08765473402475744,0.02406758311630717,19,16,5,0,0,0,1,2025-08-16 19:24:10,0
TXN_204317,CUST_642,1,0.21712947474071595,0.9677672392632157,23,8,4,0,0,0,1,2025-08-08 23:55:55,0
TXN_204318,CUST_451,0,0.37805286048845765,0.06441802978819793,13,19,1,0,1,0,0,2025-08-19 13:28:55,1
TXN_204319,CUST_786,1,0.5523586483773837,0.014555257327821917,19,12,1,0,0,0,1,2025-08-12 19:00:42,0
TXN_204320,CUST_506,1,0.7336901973904315,0.02321776871682117,12,11,0,0,1,0,0,2025-08-11 12:28:23,0
TXN_204321,CUST_691,1,0.1682837069253931,0.5818675696102034,17,20,2,0,0,1,0,2025-08-20 17:51:17,0
TXN_204322,CUST_209,1,0.8645031783205085,0.03637065742656126,9,17,6,0,1,0,0,2025-08-17 09:32:19,0
TXN_204323,CUST_398,0,0.41719638675142184,0.25010072748658924,8,17,6,0,0,1,0,2025-08-17 08:47:07,0
TXN_204324,CUST_335,1,0.5757778521244563,0.024364843297197333,10,3,6,1,0,0,0,2025-08-03 10:11:45,0
TXN_204325,CUST_569,1,1.0,0.011967345164778136,12,7,3,0,0,0,1,2025-08-07 12:46:01,0
TXN_204326,CUST_346,1,0.8949481431917029,0.024606148620508174,1,23,5,0,0,0,1,2025-08-23 01:07:08,0
TXN_204327,CUST_384,1,0.8511207761793241,0.029439249443922372,17,12,1,1,0,0,0,2025-08-12 17:50:12,0
TXN_204328,CUST_525,1,0.11174305787888926,0.027627710929791723,7,24,6,0,1,0,0,2025-08-24 07:46:38,0
TXN_204329,CUST_464,1,0.42924054867848777,0.015485506835078197,11,21,3,0,1,0,0,2025-08-21 11:43:56,0
TXN_204330,CUST_635,1,0.4626965540314486,0.06732768238232283,10,14,3,0,1,0,0,2025-08-14 10:39:25,0
TXN_204331,CUST_201,1,0.03379056540649047,0.0067110857309202925,17,4,0,0,1,0,0,2025-08-04 17:53:21,0
TXN_204332,CUST_787,1,0.42857142857142855,0.010547490653702765,19,14,3,0,1,0,0,2025-08-14 19:23:20,0
TXN_204333,CUST_315,1,0.026095684175309466,0.01034465429497771,4,21,3,0,0,0,1,2025-08-21 04:18:53,0
TXN_204334,CUST_239,1,0.7902308464369354,0.08386933715421079,7,23,5,1,0,0,0,2025-08-23 07:02:40,0
TXN_204335,CUST_345,1,0.29575108732017397,0.009540303217274913,1,2,5,0,0,0,1,2025-08-02 01:15:31,0
TXN_204336,CUST_235,1,0.422214787554366,0.02906854851245934,1,20,2,0,1,0,0,2025-08-20 01:32:18,0
TXN_204337,CUST_278,1,0.610237537638006,0.03169842681868762,9,14,3,0,1,0,0,2025-08-14 09:22:46,0
TXN_204338,CUST_327,1,0.7423887587822013,0.021787422669949676,20,9,5,0,1,0,0,2025-08-09 20:32:36,0
TXN_204339,CUST_559,0,0.050518568082970894,0.036762341429616534,20,24,6,0,0,0,1,2025-08-24 20:57:03,0
TXN_204340,CUST_211,1,0.40481766477082637,0.02168600449058715,1,14,3,0,0,0,1,2025-08-14 01:48:11,0
TXN_204341,CUST_313,1,0.5881565741050518,0.0059906669395864845,15,22,4,0,1,0,0,2025-08-22 15:13:21,0
TXN_204342,CUST_336,1,0.932418869187019,0.02877128833156918,9,2,5,0,0,0,1,2025-08-02 09:05:56,0
TXN_204343,CUST_796,1,0.4091669454667113,0.6045257897512313,12,10,6,0,0,0,1,2025-08-10 12:26:16,0
TXN_204344,CUST_586,1,0.5720976915356306,0.013257804067701318,22,6,2,0,1,0,0,2025-08-06 22:26:00,0
TXN_204345,CUST_124,1,0.4767480762796922,0.012418481204011445,19,5,1,0,0,0,1,2025-08-05 19:01:12,0
TXN_204346,CUST_266,1,0.14252258280361324,0.03502074648746004,22,8,4,0,0,0,1,2025-08-08 22:25:39,0
TXN_204347,CUST_596,1,0.9926396788223486,0.18796635532334754,13,13,2,0,1,0,0,2025-08-13 13:54:10,0
TXN_204348,CUST_445,1,0.29575108732017397,0.05374813788354038,12,18,0,1,0,0,0,2025-08-18 12:44:31,0
TXN_204349,CUST_504,1,0.13549682167949145,0.014076143859798947,15,18,0,0,0,1,0,2025-08-18 15:33:40,0
TXN_204350,CUST_725,1,0.08932753429240547,0.031541053781745765,18,8,4,0,1,0,0,2025-08-08 18:55:06,0
TXN_204351,CUST_590,0,0.8387420541987286,0.012212147666687684,23,8,4,0,0,0,1,2025-08-08 23:02:58,0
TXN_204352,CUST_108,1,0.8457678153228504,0.8661042573987796,2,25,0,0,0,0,1,2025-08-25 02:59:16,1
TXN_204353,CUST_281,1,0.6533957845433255,0.3743345000270856,19,16,5,0,1,0,0,2025-08-16 19:33:41,1
TXN_204354,CUST_678,0,0.7176313148210104,0.018248277928057367,11,22,4,0,1,0,0,2025-08-22 11:40:15,0
TXN_204355,CUST_433,1,0.45132151221144196,0.8438272297250108,1,18,0,0,0,0,1,2025-08-18 01:41:25,1
TXN_204356,CUST_759,1,0.124790899966544,0.050418823857570544,23,23,5,0,1,0,0,2025-08-23 23:10:22,0
TXN_204357,CUST_385,1,0.5751087320173971,0.02708914542559072,0,5,1,0,1,0,0,2025-08-05 00:34:57,0
TXN_204358,CUST_645,1,0.39645366343258615,0.013932759537251926,7,21,3,0,0,1,0,2025-08-21 07:20:05,0
TXN_204359,CUST_530,1,0.27601204416192704,0.05192960501221232,15,1,4,0,0,1,0,2025-08-01 15:34:43,0
TXN_204360,CUST_673,1,0.3713616594178655,0.2845829084698483,12,16,5,0,1,0,0,2025-08-16 12:20:11,0
TXN_204361,CUST_166,1,0.5272666443626631,0.041840244754940276,20,7,3,0,0,0,1,2025-08-07 20:08:19,0
TXN_204362,CUST_111,1,0.9896286383405821,0.4736578694089862,15,25,0,0,0,0,1,2025-08-25 15:18:45,0
TXN_204363,CUST_210,1,0.5396453663432585,0.01425100278973434,14,25,0,0,0,0,1,2025-08-25 14:32:14,0
TXN_204364,CUST_551,1,0.15055202408832385,0.9979408962128666,9,5,1,0,0,0,1,2025-08-05 09:19:41,0
TXN_204365,CUST_149,0,0.8364001338240213,0.02766967707297622,15,17,6,1,0,0,0,2025-08-17 15:09:07,0
TXN_204366,CUST_387,1,0.8989628638340582,0.06813203346002562,17,20,2,0,0,0,1,2025-08-20 17:59:15,1
TXN_204367,CUST_641,1,0.1525593844095015,0.03143963560238324,0,4,0,0,0,1,0,2025-08-04 00:04:50,0
TXN_204368,CUST_660,1,0.8638340582134493,0.022896028285740052,5,19,1,0,0,1,0,2025-08-19 05:33:32,0
TXN_204369,CUST_742,1,0.9635329541652726,0.9812628514756292,15,11,0,0,0,1,0,2025-08-11 15:44:48,0
TXN_204370,CUST_413,0,0.7216460354633657,0.01547851247788078,2,17,6,0,0,1,0,2025-08-17 02:33:10,0
TXN_204371,CUST_505,1,0.3676814988290398,0.10999326128655815,4,16,5,0,0,0,1,2025-08-16 04:26:38,0
TXN_204372,CUST_344,0,0.6574105051856808,0.08617747502935794,8,14,3,0,0,1,0,2025-08-14 08:02:11,0
TXN_204373,CUST_405,1,0.1415189026430244,0.04378467605582182,16,3,6,0,1,0,0,2025-08-03 16:21:13,0
TXN_204374,CUST_374,1,0.35262629642020743,0.02102853491403008,17,23,5,0,1,0,0,2025-08-23 17:24:49,0
TXN_204375,CUST_716,0,0.6517229842756774,0.0391649031269288,20,17,6,0,0,1,0,2025-08-17 20:01:42,0
TXN_204376,CUST_303,1,0.3074606891937103,0.009438885037912386,16,2,5,0,0,0,1,2025-08-02 16:48:44,0
TXN_204377,CUST_715,1,0.1097356975577116,0.027963440075267673,14,24,6,0,0,0,1,2025-08-24 14:13:26,0
TXN_204378,CUST_557,1,0.485446637671462,0.011278400980832697,17,6,2,0,1,0,0,2025-08-06 17:12:42,0
TXN_204379,CUST_340,1,0.11876881900301103,0.11427730506997522,19,22,4,0,0,0,1,2025-08-22 19:19:08,0
TXN_204380,CUST_534,1,0.4633656741385078,0.011348344552806852,17,10,6,0,0,0,1,2025-08-10 17:58:35,0
TXN_204381,CUST_348,1,0.3124790899966544,0.1230901951387189,9,12,1,0,1,0,0,2025-08-12 09:35:01,0
TXN_204382,CUST_697,1,0.7203077952492473,0.48665338508178446,5,22,4,0,0,1,0,2025-08-22 05:11:16,0
TXN_204383,CUST_210,1,0.899966543994647,0.3953210687979312,9,10,6,0,0,0,1,2025-08-10 09:17:26,0
TXN_204384,CUST_232,1,0.46804951488792235,0.02416550411707099,12,16,5,0,0,0,1,2025-08-16 12:45:20,0
TXN_204385,CUST_442,1,0.3874205419872867,0.022574287854658932,15,6,2,0,0,0,1,2025-08-06 15:30:44,0
TXN_204386,CUST_767,1,0.22816995650719304,0.07208734245516416,6,21,3,0,0,0,1,2025-08-21 06:07:21,0
TXN_204387,CUST_391,1,0.46503847440615587,0.03758767557891157,7,17,6,1,0,0,0,2025-08-17 07:25:29,0
TXN_204388,CUST_169,1,0.7641351622616259,0.0031159861314486613,6,4,0,0,0,0,1,2025-08-04 06:41:46,0
TXN_204389,CUST_682,0,0.06423553027768483,0.0487436753087895,1,11,0,0,0,0,1,2025-08-11 01:23:21,0
TXN_204390,CUST_593,0,0.6912010705921713,0.015209229725780277,20,23,5,0,0,1,0,2025-08-23 20:32:09,0
TXN_204391,CUST_295,1,0.16560722649715623,0.021007551842437834,23,17,6,0,0,1,0,2025-08-17 23:19:03,0
TXN_204392,CUST_221,1,0.9812646370023419,0.20969082877852047,7,8,4,0,0,1,0,2025-08-08 07:36:59,0
TXN_204393,CUST_124,1,0.9086651053864169,0.016929841596344523,2,2,5,0,0,0,1,2025-08-02 02:43:59,0
TXN_204394,CUST_594,1,0.5225828036132486,0.01968561833212628,6,21,3,0,1,0,0,2025-08-21 06:26:22,0
TXN_204395,CUST_229,1,0.7346938775510203,0.014922461080686237,20,2,5,0,0,0,1,2025-08-02 20:28:00,0
TXN_204396,CUST_654,1,0.6925393108062897,0.6978445034791506,19,25,0,0,1,0,0,2025-08-25 19:14:16,1
TXN_204397,CUST_671,1,0.445299431247909,0.003990280781125614,10,6,2,0,1,0,0,2025-08-06 10:44:57,0
TXN_204398,CUST_284,0,0.4566744730679157,0.0341989095167637,9,17,6,0,0,1,0,2025-08-17 09:23:03,0
TXN_204399,CUST_799,0,0.33824021411843425,0.011603638590512524,10,22,4,0,1,0,0,2025-08-22 10:11:47,1
TXN_204400,CUST_112,1,0.30679156908665106,0.3112803698923837,11,6,2,0,1,0,0,2025-08-06 11:12:23,0
TXN_204401,CUST_297,1,0.19069923051187687,0.012981526958403402,11,5,1,0,1,0,0,2025-08-05 11:38:00,0
TXN_204402,CUST_411,0,0.5326196052191369,0.015370099941320839,21,3,6,0,0,0,1,2025-08-03 21:20:07,0
TXN_204403,CUST_471,1,0.328203412512546,0.6282611409006612,9,5,1,0,1,0,0,2025-08-05 09:18:39,0
TXN_204404,CUST_484,1,0.3392438942790231,0.4975785710241476,15,7,3,0,1,0,0,2025-08-07 15:04:07,1
TXN_204405,CUST_402,1,0.31381733021077285,0.08301602557612607,17,8,4,0,0,1,0,2025-08-08 17:27:55,0
TXN_204406,CUST_447,1,0.15791234526597522,0.02686882317387213,4,10,6,0,0,0,1,2025-08-10 04:18:13,0
TXN_204407,CUST_117,1,0.05888256942121111,0.012222639202483804,7,20,2,0,0,0,1,2025-08-20 07:55:22,0
TXN_204408,CUST_564,1,0.5463365674138507,0.06769488613518715,12,16,5,0,0,0,1,2025-08-16 12:19:23,0
TXN_204409,CUST_129,1,0.06122448979591837,0.028683858866601485,21,2,5,0,1,0,0,2025-08-02 21:59:02,0
TXN_204410,CUST_638,1,0.21846771495483439,0.3951462098679958,17,12,1,0,0,0,1,2025-08-12 17:36:09,0
TXN_204411,CUST_698,1,0.45433255269320844,0.07085633558841901,3,22,4,0,1,0,0,2025-08-22 03:13:02,0
TXN_204412,CUST_554,1,0.46771495483439274,0.007410521450661856,19,16,5,0,0,0,1,2025-08-16 19:58:37,0
TXN_204413,CUST_607,0,0.4670458347273335,0.017961509282963327,19,19,1,1,0,0,0,2025-08-19 19:55:46,0
TXN_204414,CUST_532,1,0.830712612914018,0.01808740771251681,6,18,0,0,1,0,0,2025-08-18 06:20:07,0
TXN_204415,CUST_236,0,0.6115757778521245,0.021706987562179394,0,19,1,0,0,1,0,2025-08-19 00:29:33,0
TXN_204416,CUST_371,1,0.4422883907661425,0.034737475020964706,23,11,0,0,1,0,0,2025-08-11 23:11:15,0
TXN_204417,CUST_366,1,0.1990632318501171,0.039311784628074525,18,22,4,0,1,0,0,2025-08-22 18:52:03,0
TXN_204418,CUST_102,1,0.5172298427567749,0.02109148412880682,5,5,1,0,0,0,1,2025-08-05 05:41:33,0
TXN_204419,CUST_559,1,0.8143191702910673,0.006595678837162936,4,17,6,0,0,0,1,2025-08-17 04:50:17,0
TXN_204420,CUST_387,1,0.8742054198728672,0.6989146401303552,20,21,3,0,1,0,0,2025-08-21 20:07:20,0
TXN_204421,CUST_254,1,0.7551020408163265,0.01752436195812485,16,3,6,1,0,0,0,2025-08-03 16:53:16,0
TXN_204422,CUST_630,1,0.3185011709601873,0.006197000476910244,7,15,4,0,0,1,0,2025-08-15 07:57:46,0
TXN_204423,CUST_319,1,0.35697557711609235,0.026456156099224606,3,11,0,0,0,0,1,2025-08-11 03:41:34,0
TXN_204424,CUST_252,1,0.5112077617932419,0.4550878510498477,22,4,0,0,0,0,1,2025-08-04 22:08:48,0
TXN_204425,CUST_267,1,0.40414854466376715,0.46526464077208746,1,6,2,0,1,0,0,2025-08-06 01:36:29,1
TXN_204426,CUST_518,0,0.9508196721311475,0.06153985180146138,2,12,1,0,0,1,0,2025-08-12 02:10:04,0
TXN_204427,CUST_192,1,0.0,0.030250594878822583,5,7,3,0,0,0,1,2025-08-07 05:25:16,0
TXN_204428,CUST_705,1,0.9946470391435263,0.02907204569105805,20,12,1,0,0,1,0,2025-08-12 20:31:05,0
TXN_204429,CUST_334,1,0.9782535965205754,0.0883492229391555,4,6,2,1,0,0,0,2025-08-06 04:14:21,0
TXN_204430,CUST_210,1,0.31348277015724324,0.06249108438030992,16,17,6,0,1,0,0,2025-08-17 16:48:50,0
TXN_204431,CUST_543,0,0.11809969889595182,0.04693563397325756,8,3,6,0,0,0,1,2025-08-03 08:13:08,0
TXN_204432,CUST_335,0,0.6363332218133154,0.006581690122768105,10,2,5,0,1,0,0,2025-08-02 10:14:07,0
TXN_204433,CUST_722,1,0.7765138842422215,0.008669505746196668,23,25,0,0,1,0,0,2025-08-25 23:04:53,0
TXN_204434,CUST_589,1,0.6129140180662429,0.3918343817350195,6,23,5,0,1,0,0,2025-08-23 06:35:03,0
TXN_204435,CUST_330,1,0.993977919036467,0.030631787346081733,8,17,6,0,1,0,0,2025-08-17 08:12:37,0
TXN_204436,CUST_762,1,0.8394111743057878,0.024490741726750816,2,17,6,0,0,0,1,2025-08-17 02:29:40,0
TXN_204437,CUST_685,0,0.5369688859150217,0.012540882454966217,11,20,2,0,0,0,1,2025-08-20 11:29:07,1
TXN_204438,CUST_240,1,0.3686851789896286,0.01681093752398846,7,11,0,0,0,0,1,2025-08-11 07:43:51,0
TXN_204439,CUST_163,1,0.22783539645366344,0.13183314163548843,3,9,5,0,0,0,1,2025-08-09 03:58:43,0
TXN_204440,CUST_543,1,0.0036801605888256944,0.02720455231934808,8,21,3,0,1,0,0,2025-08-21 08:07:23,0
TXN_204441,CUST_406,1,0.6517229842756774,0.021409727381289233,17,16,5,0,1,0,0,2025-08-16 17:41:47,0
TXN_204442,CUST_448,1,0.2114419538307126,0.03548936841968689,21,16,5,0,1,0,0,2025-08-16 21:05:10,0
TXN_204443,CUST_279,1,0.4409501505520241,0.032614687611549065,13,5,1,0,0,1,0,2025-08-05 13:55:35,0
TXN_204444,CUST_454,0,0.9391100702576112,0.0402840002785153,11,21,3,0,0,0,1,2025-08-21 11:59:49,0
TXN_204445,CUST_383,1,0.9959852793576447,0.02454669658433014,5,25,0,0,1,0,0,2025-08-25 05:58:50,0
TXN_204446,CUST_661,0,0.9290732686517229,0.001591216262412055,10,3,6,1,0,0,0,2025-08-03 10:55:55,0
TXN_204447,CUST_471,1,0.2462361993977919,0.024938380587385414,11,13,2,0,1,0,0,2025-08-13 11:29:58,0
TXN_204448,CUST_703,1,0.8872532619605219,0.09362296826600687,6,13,2,0,0,0,1,2025-08-13 06:59:35,0
TXN_204449,CUST_737,1,0.8156574105051857,0.021311806380525412,17,3,6,0,1,0,0,2025-08-03 17:18:42,0
TXN_204450,CUST_235,0,0.7323519571763131,0.06170771637419937,20,6,2,0,0,0,1,2025-08-06 20:05:19,0
TXN_204451,CUST_634,0,0.48343927735028436,0.0778367040714398,6,25,0,0,0,0,1,2025-08-25 06:24:01,0
TXN_204452,CUST_460,1,0.3171629307460689,0.04380216194881536,18,17,6,0,0,0,1,2025-08-17 18:22:06,1
TXN_204453,CUST_377,1,0.20408163265306123,0.05240871848023529,19,20,2,0,0,1,0,2025-08-20 19:59:43,0
TXN_204454,CUST_171,1,0.1796587487453998,0.026826857030687632,9,7,3,0,1,0,0,2025-08-07 09:18:27,0
TXN_204455,CUST_766,1,0.7584476413516226,0.010477547081728607,19,5,1,0,0,0,1,2025-08-05 19:55:45,0
TXN_204456,CUST_427,1,0.1686182669789227,0.06253654770209312,19,14,3,0,0,0,1,2025-08-14 19:34:45,0
TXN_204457,CUST_140,1,0.07661425225828035,0.01831122714283411,8,20,2,0,0,0,1,2025-08-20 08:34:43,0
TXN_204458,CUST_380,1,0.9718969555035128,0.017520864779526142,10,3,6,0,0,1,0,2025-08-03 10:13:55,0
TXN_204459,CUST_314,1,0.5309468049514888,0.05330049902290578,5,24,6,0,1,0,0,2025-08-24 05:44:51,0
TXN_204460,CUST_588,1,0.5473402475744396,0.008298804814733642,11,23,5,0,0,1,0,2025-08-23 11:58:03,1
TXN_204461,CUST_411,1,0.1137504182000669,0.018727391396080338,15,9,5,0,0,0,1,2025-08-09 15:42:42,0
TXN_204462,CUST_120,1,0.7122783539645366,0.013040978994581433,1,25,0,0,1,0,0,2025-08-25 01:45:44,0
TXN_204463,CUST_312,0,0.3593174974907996,0.040336457957495915,15,23,5,0,1,0,0,2025-08-23 15:04:31,0
TXN_204464,CUST_126,1,0.8347273335563733,0.7925515971107568,22,10,6,0,0,0,1,2025-08-10 22:59:57,0
TXN_204465,CUST_390,1,0.4302442288390766,0.04746720512026115,3,14,3,0,0,0,1,2025-08-14 03:14:42,0
TXN_204466,CUST_454,1,0.04717296754767481,0.3627763247583563,8,6,2,0,0,1,0,2025-08-06 08:22:15,0
TXN_204467,CUST_790,1,0.20207427233188358,0.0268128683162928,9,11,0,0,1,0,0,2025-08-11 09:29:06,0
TXN_204468,CUST_296,1,0.1796587487453998,0.04620822082472634,23,4,0,0,1,0,0,2025-08-04 23:48:27,0
TXN_204469,CUST_298,1,0.7276681164268987,0.017611791423092545,17,4,0,0,0,1,0,2025-08-04 17:00:59,0
TXN_204470,CUST_272,1,0.22382067581130813,0.6716541329534278,13,9,5,0,0,0,1,2025-08-09 13:35:53,1
TXN_204471,CUST_792,1,0.2261625961860154,0.689126037232572,12,21,3,0,0,0,1,2025-08-21 12:16:41,0
TXN_204472,CUST_493,1,0.42790230846436933,0.03469900605637892,10,4,0,0,1,0,0,2025-08-04 10:51:19,0
TXN_204473,CUST_128,0,0.11709601873536299,0.8686746836688298,18,24,6,0,0,0,1,2025-08-24 18:53:11,0
TXN_204474,CUST_172,1,0.41351622616259615,0.006585187301366812,7,1,4,0,0,0,1,2025-08-01 07:16:59,0
TXN_204475,CUST_646,1,0.47574439611910335,0.4674189027888915,9,1,4,0,0,1,0,2025-08-01 09:16:38,0
TXN_204476,CUST_340,1,0.8236868517898963,0.009180093821608011,10,9,5,0,1,0,0,2025-08-09 10:55:44,0
TXN_204477,CUST_342,1,0.24021411843425894,0.3907327704764265,20,22,4,0,0,0,1,2025-08-22 20:09:53,0
TXN_204478,CUST_623,1,0.006356641017062563,0.015401574548709208,4,24,6,0,0,0,1,2025-08-24 04:25:20,0
TXN_204479,CUST_358,1,0.010705921712947474,0.003479692705714274,2,11,0,0,1,0,0,2025-08-11 02:37:43,1
TXN_204480,CUST_613,1,0.9240548678487789,0.5776045088983786,11,14,3,1,0,0,0,2025-08-14 11:31:27,0
TXN_204481,CUST_383,0,0.6212780194044831,0.013254306889102611,8,6,2,0,1,0,0,2025-08-06 08:23:05,1
TXN_204482,CUST_181,1,0.024088323854131816,0.021032032092628786,3,25,0,0,1,0,0,2025-08-25 03:44:52,0
TXN_204483,CUST_581,1,0.4998327199732352,0.01210723230872645,13,2,5,0,1,0,0,2025-08-02 13:49:46,0
TXN_204484,CUST_599,1,0.8949481431917029,0.030705228096654595,6,6,2,0,1,0,0,2025-08-06 06:04:41,0
TXN_204485,CUST_266,0,0.7892271662763466,0.05972831328733074,5,14,3,0,1,0,0,2025-08-14 05:07:30,0
TXN_204486,CUST_180,1,0.5757778521244563,0.01739846352857137,23,20,2,0,0,0,1,2025-08-20 23:56:07,0
TXN_204487,CUST_482,1,0.4633656741385078,0.01939535250843353,15,7,3,0,0,0,1,2025-08-07 15:56:14,0
TXN_204488,CUST_135,1,0.19805955168952827,0.04694612550905368,18,18,0,0,0,0,1,2025-08-18 18:13:46,0
TXN_204489,CUST_583,1,0.15791234526597522,0.1919321558542822,6,25,0,0,1,0,0,2025-08-25 06:16:35,0
TXN_204490,CUST_264,1,0.969220475075276,0.041651397110610056,0,16,5,0,0,0,1,2025-08-16 00:39:58,0
TXN_204491,CUST_656,1,0.42455670792907324,0.0133837024972548,14,21,3,0,0,0,1,2025-08-21 14:45:42,0
TXN_204492,CUST_521,1,0.5958514553362328,0.027389902785079592,0,5,1,0,0,0,1,2025-08-05 00:01:53,0
TXN_204493,CUST_738,1,0.7534292405486784,0.020895642127279183,3,2,5,1,0,0,0,2025-08-02 03:45:08,0
TXN_204494,CUST_260,0,0.6808297089327534,0.01588068801673218,8,9,5,0,1,0,0,2025-08-09 08:52:45,1
TXN_204495,CUST_671,1,0.9765807962529274,0.010620931404275627,18,25,0,0,0,1,0,2025-08-25 18:37:30,0
TXN_204496,CUST_668,1,0.45901639344262296,0.011872921342613026,13,4,0,0,1,0,0,2025-08-04 13:27:02,0
TXN_204497,CUST_377,1,0.30946804951488793,0.01901066286257567,5,23,5,0,0,1,0,2025-08-23 05:17:13,0
TXN_204498,CUST_237,0,0.08163265306122448,0.03668190632184625,2,9,5,0,1,0,0,2025-08-09 02:34:34,0
TXN_204499,CUST_720,1,0.6232853797256608,0.07189849481083394,0,12,1,0,0,0,1,2025-08-12 00:37:40,0
TXN_204500,CUST_666,1,0.2027433924389428,0.511434392632228,3,1,4,0,0,0,1,2025-08-01 03:37:24,0
TXN_204501,CUST_764,1,0.6002007360321178,0.03476545244975437,3,24,6,0,1,0,0,2025-08-24 03:53:06,0
TXN_204502,CUST_216,0,0.10438273670123786,0.0198744659764565,12,10,6,0,1,0,0,2025-08-10 12:37:46,1
TXN_204503,CUST_247,1,0.3653395784543325,0.011652599090894434,14,23,5,0,0,0,1,2025-08-23 14:46:37,0
TXN_204504,CUST_373,1,0.8437604550016727,0.020650839625369635,19,24,6,0,0,0,1,2025-08-24 19:31:18,0
TXN_204505,CUST_605,1,0.631649381063901,0.00952981168147879,7,1,4,0,0,1,0,2025-08-01 07:11:59,0
TXN_204506,CUST_375,1,0.6356641017062562,0.024777510371844856,15,9,5,1,0,0,0,2025-08-09 15:50:39,0
TXN_204507,CUST_185,1,0.5968551354968217,0.02566579373591664,18,15,4,0,1,0,0,2025-08-15 18:59:24,0
TXN_204508,CUST_228,1,0.3292070926731348,0.007511939630024383,4,4,0,0,0,1,0,2025-08-04 04:25:27,0
TXN_204509,CUST_728,1,0.2746738039478086,0.00981658032657283,21,20,2,0,1,0,0,2025-08-20 21:13:39,0
TXN_204510,CUST_218,1,0.4961525593844095,0.04027001156412047,1,21,3,0,0,0,1,2025-08-21 01:48:23,0
TXN_204511,CUST_126,1,0.0705921712947474,0.01744392685035457,23,7,3,0,0,0,1,2025-08-07 23:22:13,0
TXN_204512,CUST_680,1,0.6774841083974573,0.04478486913505225,23,16,5,0,0,1,0,2025-08-16 23:55:44,0
TXN_204513,CUST_783,1,0.4339243894279023,0.3117839636105977,12,23,5,0,0,0,1,2025-08-23 12:51:23,0
TXN_204514,CUST_287,1,0.8313817330210772,0.3005999864519301,15,21,3,1,0,0,0,2025-08-21 15:49:02,0
TXN_204515,CUST_320,1,0.8748745399799264,0.020213692300531157,5,15,4,0,0,1,0,2025-08-15 05:18:40,0
TXN_204516,CUST_439,1,0.4088323854131817,0.03797236522476943,1,11,0,0,0,0,1,2025-08-11 01:58:45,0
TXN_204517,CUST_439,1,0.09401137504182,0.006151537155127043,12,7,3,0,0,0,1,2025-08-07 12:23:24,0
TXN_204518,CUST_706,1,0.06758113081298092,0.34620319537907995,6,14,3,0,0,0,1,2025-08-14 06:12:37,0
TXN_204519,CUST_700,1,0.7564402810304449,0.060931342725286226,9,20,2,0,1,0,0,2025-08-20 09:55:16,0
TXN_204520,CUST_215,1,0.40414854466376715,0.03760166429330641,12,3,6,1,0,0,0,2025-08-03 12:22:26,0
TXN_204521,CUST_525,1,0.10438273670123786,0.010879722620580005,20,8,4,0,0,1,0,2025-08-08 20:53:06,0
TXN_204522,CUST_520,1,0.17430578788892606,0.01832521585722894,17,9,5,0,0,0,1,2025-08-09 17:16:37,0
TXN_204523,CUST_241,1,0.5747741719638675,0.06023190700554467,14,19,1,0,1,0,0,2025-08-19 14:03:18,0
TXN_204524,CUST_412,1,0.0030110404817664774,0.02285406214255556,19,19,1,0,0,1,0,2025-08-19 19:02:48,0
TXN_204525,CUST_754,1,0.25560388089662095,0.0038154218511902236,13,15,4,1,0,0,0,2025-08-15 13:05:25,0
TXN_204526,CUST_563,1,0.7935764469722315,0.017783153174429227,8,24,6,0,1,0,0,2025-08-24 08:29:40,0
TXN_204527,CUST_458,1,0.6567413850786216,0.09617940582166229,9,21,3,0,0,1,0,2025-08-21 09:00:42,0
TXN_204528,CUST_622,1,0.9320843091334894,0.02124885716574867,13,8,4,0,1,0,0,2025-08-08 13:56:29,0
TXN_204529,CUST_132,1,0.195717631314821,0.028582440687238954,20,17,6,1,0,0,0,2025-08-17 20:52:00,0
TXN_204530,CUST_259,1,0.6232853797256608,0.42328101169460014,7,5,1,1,0,0,0,2025-08-05 07:49:04,0
TXN_204531,CUST_619,1,0.38541318166610905,0.008456177851675493,19,18,0,0,0,0,1,2025-08-18 19:28:11,0
TXN_204532,CUST_255,1,0.6627634660421545,0.018594498609329442,17,4,0,0,1,0,0,2025-08-04 17:05:23,0
TXN_204533,CUST_601,0,0.5366343258614921,0.061644767159422624,9,12,1,0,0,0,1,2025-08-12 09:38:59,1
TXN_204534,CUST_598,1,0.3640013382402141,0.012862622886047337,11,9,5,0,0,0,1,2025-08-09 11:23:39,0
TXN_204535,CUST_180,1,0.9551689528270324,0.02799841186125475,21,1,4,0,1,0,0,2025-08-01 21:26:53,0
TXN_204536,CUST_226,1,0.9006356641017063,1.0,13,2,5,0,1,0,0,2025-08-02 13:45:55,0
TXN_204537,CUST_206,0,0.7447306791569086,0.795314368203736,23,11,0,0,0,0,1,2025-08-11 23:44:49,0
TXN_204538,CUST_199,1,0.8802275008364001,0.026473641992218144,10,24,6,0,0,0,1,2025-08-24 10:58:57,0
TXN_204539,CUST_773,1,0.30344596855135497,0.757660246231449,11,15,4,0,0,0,1,2025-08-15 11:27:33,0
TXN_204540,CUST_707,1,0.09233857477417196,0.2941302060443206,11,14,3,0,1,0,0,2025-08-14 11:52:54,0
TXN_204541,CUST_186,1,0.8745399799263968,0.032953913935623726,16,22,4,0,0,1,0,2025-08-22 16:22:06,1
TXN_204542,CUST_210,1,0.9427902308464369,0.03285949011345861,6,6,2,0,0,0,1,2025-08-06 06:26:07,0
TXN_204543,CUST_534,1,0.6513884242221478,0.11036745939661988,0,12,1,0,1,0,0,2025-08-12 00:39:31,0
TXN_204544,CUST_277,1,0.9360990297758447,0.03179984499805014,1,3,6,0,1,0,0,2025-08-03 01:25:27,0
TXN_204545,CUST_603,1,0.6155904984944798,0.04084354885430855,6,23,5,0,0,1,0,2025-08-23 06:02:00,0
TXN_204546,CUST_446,1,0.7440615590498494,0.7326309390004971,4,15,4,0,1,0,0,2025-08-15 04:40:08,1
TXN_204547,CUST_584,1,0.5045165607226497,0.060095517040195064,14,17,6,0,1,0,0,2025-08-17 14:18:04,0
TXN_204548,CUST_181,1,0.04048176647708264,0.7312950167757908,8,24,6,0,1,0,0,2025-08-24 08:52:37,0
TXN_204549,CUST_578,1,0.5115423218467715,0.02198676185007602,5,13,2,0,1,0,0,2025-08-13 05:55:25,0
TXN_204550,CUST_460,0,0.3911007025761124,0.009470359645300758,19,14,3,0,0,0,1,2025-08-14 19:51:36,0
TXN_204551,CUST_266,1,0.11341585814653729,0.0069733741258233796,11,4,0,0,1,0,0,2025-08-04 11:38:18,0
TXN_204552,CUST_234,1,0.3713616594178655,0.017279559456215305,0,17,6,0,1,0,0,2025-08-17 00:12:04,0
TXN_204553,CUST_194,1,0.5935095349615256,0.020860670341292104,12,5,1,0,1,0,0,2025-08-05 12:35:02,0
TXN_204554,CUST_645,1,0.9300769488123117,0.04124922157175866,11,13,2,0,0,1,0,2025-08-13 11:25:38,0
TXN_204555,CUST_735,1,0.7838742054198728,0.7727365831704784,5,9,5,0,0,0,1,2025-08-09 05:22:28,1
TXN_204556,CUST_631,1,0.9511542321846771,0.00925703175077958,21,3,6,1,0,0,0,2025-08-03 21:53:47,0
TXN_204557,CUST_642,1,0.9913014386082302,0.040046192133803164,10,13,2,0,0,0,1,2025-08-13 10:46:39,0
TXN_204558,CUST_237,1,0.4523251923720308,0.022840073428160728,23,15,4,0,1,0,0,2025-08-15 23:50:01,0
TXN_204559,CUST_208,1,0.2308464369354299,0.19633510371005533,16,7,3,0,1,0,0,2025-08-07 16:17:01,1
TXN_204560,CUST_197,1,0.5938440950150552,0.006798515195887989,7,7,3,0,0,1,0,2025-08-07 07:16:39,0
TXN_204561,CUST_702,1,0.6671127467380394,0.09528762527899179,15,8,4,0,1,0,0,2025-08-08 15:56:14,0
TXN_204562,CUST_219,1,0.04851120776179325,0.018332210214426357,19,1,4,0,1,0,0,2025-08-01 19:44:25,0
TXN_204563,CUST_118,1,0.9829374372699899,0.06914271807505218,20,13,2,0,0,0,1,2025-08-13 20:13:51,0
TXN_204564,CUST_790,0,0.11140849782535965,0.2710768047216387,13,3,6,0,1,0,0,2025-08-03 13:23:51,0
TXN_204565,CUST_409,0,0.17798594847775176,0.03378973962071489,20,2,5,0,1,0,0,2025-08-02 20:40:09,0
TXN_204566,CUST_451,1,0.4710605553696888,0.020444506088045874,16,16,5,0,0,0,1,2025-08-16 16:14:01,0
TXN_204567,CUST_127,0,0.736701237872198,0.009823574683770247,3,10,6,1,0,0,0,2025-08-10 03:51:01,0
TXN_204568,CUST_586,1,0.744396119103379,0.04134364539392377,18,8,4,0,0,1,0,2025-08-08 18:45:49,0
TXN_204569,CUST_509,1,0.041485446637671466,0.003665043171445788,2,8,4,0,0,1,0,2025-08-08 02:16:45,0
TXN_204570,CUST_149,1,0.2231515557042489,0.012047780272548415,18,18,0,0,0,1,0,2025-08-18 18:57:45,0
TXN_204571,CUST_343,1,0.6587487453997992,0.08004692094582314,7,22,4,1,0,0,0,2025-08-22 07:27:22,0
TXN_204572,CUST_415,1,0.4707259953161592,0.07564747026864871,4,8,4,0,1,0,0,2025-08-08 04:03:44,0
TXN_204573,CUST_378,1,0.3593174974907996,0.02802638929004441,17,3,6,0,1,0,0,2025-08-03 17:19:38,0
TXN_204574,CUST_448,1,0.25560388089662095,0.021703490383580687,16,15,4,0,1,0,0,2025-08-15 16:45:32,0
TXN_204575,CUST_687,1,0.6905319504851121,0.02816977361259143,19,10,6,0,1,0,0,2025-08-10 19:51:09,0
TXN_204576,CUST_118,1,0.07661425225828035,0.047988284731468614,16,24,6,0,1,0,0,2025-08-24 16:04:11,0
TXN_204577,CUST_660,1,0.6390097022415523,0.06139996465751308,3,9,5,0,0,1,0,2025-08-09 03:14:37,0
TXN_204578,CUST_567,0,0.11241217798594848,0.4585745381127594,23,10,6,1,0,0,0,2025-08-10 23:25:39,0
TXN_204579,CUST_743,1,0.0976915356306457,0.4286177062362283,16,8,4,0,1,0,0,2025-08-08 16:23:18,0
TXN_204580,CUST_225,1,0.9508196721311475,0.03959505609456986,20,15,4,0,0,0,1,2025-08-15 20:36:54,0
TXN_204581,CUST_268,1,0.6343258614921378,0.008847861854730767,17,7,3,0,1,0,0,2025-08-07 17:45:04,0
TXN_204582,CUST_796,1,0.7219805955168953,0.05033139439260285,15,22,4,0,1,0,0,2025-08-22 15:40:40,0
TXN_204583,CUST_691,0,0.7701572432251589,0.3214221878286364,4,14,3,0,1,0,0,2025-08-14 04:11:59,1
TXN_204584,CUST_573,1,0.22348611575777852,0.7641265294604598,4,19,1,0,1,0,0,2025-08-19 04:12:38,0
TXN_204585,CUST_330,1,0.8032786885245902,0.04818062955439754,16,12,1,0,0,0,1,2025-08-12 16:50:30,0
TXN_204586,CUST_145,0,0.6691201070592171,0.0180384472121349,14,21,3,0,1,0,0,2025-08-21 14:23:13,0
TXN_204587,CUST_740,0,0.04248912679826029,0.014579737578012873,21,19,1,0,0,0,1,2025-08-19 21:58:54,1
TXN_204588,CUST_522,1,0.9053195048511208,0.007907120811678367,4,14,3,0,1,0,0,2025-08-14 04:28:37,0
TXN_204589,CUST_605,1,0.11308129809300768,0.01121195458745725,5,10,6,0,0,0,1,2025-08-10 05:41:49,0
TXN_204590,CUST_535,1,0.10672465707594513,0.013761397785915244,18,20,2,1,0,0,0,2025-08-20 18:12:38,0
TXN_204591,CUST_183,1,0.9200401472064236,0.01718513563405019,4,22,4,0,1,0,0,2025-08-22 04:03:05,0
TXN_204592,CUST_534,1,0.4710605553696888,0.012341543274839873,8,19,1,0,1,0,0,2025-08-19 08:00:29,0
TXN_204593,CUST_177,1,0.026430244228839075,0.874154762533005,23,3,6,0,0,0,1,2025-08-03 23:18:23,0
TXN_204594,CUST_137,1,0.34660421545667447,0.013219335103115532,7,21,3,0,1,0,0,2025-08-21 07:03:01,1
TXN_204595,CUST_709,1,0.8792238206758113,0.02718356924775583,13,1,4,1,0,0,0,2025-08-01 13:35:31,0
TXN_204596,CUST_101,1,0.8882569421211107,0.008648522674604423,4,13,2,0,1,0,0,2025-08-13 04:15:54,0
TXN_204597,CUST_570,1,0.8819003011040482,0.046652362506762225,16,13,2,0,1,0,0,2025-08-13 16:40:55,0
TXN_204598,CUST_715,0,0.5630645700903312,0.008204380992568528,16,16,5,0,1,0,0,2025-08-16 16:03:53,1
TXN_204599,CUST_285,0,0.020073603211776512,0.4472052104883603,3,15,4,0,0,1,0,2025-08-15 03:27:01,1
TXN_204600,CUST_124,1,0.7450652392104382,0.005151344075896608,6,5,1,0,0,1,0,2025-08-05 06:10:28,0
TXN_204601,CUST_619,1,0.10705921712947473,0.7308368863793601,4,17,6,0,0,1,0,2025-08-17 04:59:37,0
TXN_204602,CUST_601,1,0.3168283706925393,0.01010684615026558,6,17,6,0,0,0,1,2025-08-17 06:44:52,0
TXN_204603,CUST_569,1,0.5135496821679492,0.053062690878193645,10,3,6,0,0,1,0,2025-08-03 10:15:51,0
TXN_204604,CUST_464,1,0.28069588491134156,0.017835610853409845,0,25,0,0,1,0,0,2025-08-25 00:44:45,0
TXN_204605,CUST_173,1,0.556373369019739,0.021679010133389732,2,21,3,1,0,0,0,2025-08-21 02:23:05,0
TXN_204606,CUST_764,1,0.5373034459685513,0.02583715548725332,23,10,6,0,0,0,1,2025-08-10 23:57:49,0
TXN_204607,CUST_795,0,0.8601538976246236,0.4938330927449316,0,3,6,0,1,0,0,2025-08-03 00:59:28,0
TXN_204608,CUST_186,1,0.23820675811308128,0.009813083147974123,15,21,3,0,0,0,1,2025-08-21 15:48:19,0
TXN_204609,CUST_276,0,0.30210772833723654,0.41128219192243365,20,2,5,1,0,0,0,2025-08-02 20:00:14,0
TXN_204610,CUST_377,1,0.04784208765473403,0.9422238467782539,5,15,4,0,1,0,0,2025-08-15 05:22:04,0
TXN_204611,CUST_265,0,0.44061559049849447,0.021948292885490234,22,13,2,0,1,0,0,2025-08-13 22:49:28,1
TXN_204612,CUST_337,1,0.8193375710940114,0.7940973500513857,19,23,5,0,0,0,1,2025-08-23 19:49:43,1
TXN_204613,CUST_486,1,0.3442622950819672,0.04161642532462297,7,6,2,0,1,0,0,2025-08-06 07:20:05,0
TXN_204614,CUST_689,1,0.44061559049849447,0.026372223812855616,5,15,4,0,1,0,0,2025-08-15 05:52:41,0
TXN_204615,CUST_539,0,0.17062562730010036,0.03150608199575869,13,17,6,0,0,0,1,2025-08-17 13:13:08,0
TXN_204616,CUST_475,1,0.1518902643024423,0.02465510912089008,8,4,0,0,0,0,1,2025-08-04 08:45:38,0
TXN_204617,CUST_702,1,0.577785212445634,0.007386041200470901,8,1,4,1,0,0,0,2025-08-01 08:16:25,0
TXN_204618,CUST_504,0,0.710270993643359,0.03468501734198409,16,4,0,1,0,0,0,2025-08-04 16:14:36,0
TXN_204619,CUST_216,1,0.11174305787888926,0.12315314435349566,16,18,0,1,0,0,0,2025-08-18 16:53:36,0
TXN_204620,CUST_525,1,0.39310806289729006,0.008879336462119136,15,15,4,0,1,0,0,2025-08-15 15:14:30,0
TXN_204621,CUST_719,1,0.2385413181666109,0.030568838131304996,23,19,1,0,1,0,0,2025-08-19 23:12:19,0
TXN_204622,CUST_411,1,0.368350618936099,0.030663261953470106,22,18,0,0,1,0,0,2025-08-18 22:05:33,1
TXN_204623,CUST_257,1,0.8902643024422884,0.1785589448928235,23,17,6,0,0,0,1,2025-08-17 23:39:02,0
TXN_204624,CUST_427,1,0.4663767146202743,0.007039820519198828,11,9,5,0,0,0,1,2025-08-09 11:28:56,0
TXN_204625,CUST_670,0,0.48277015724322514,0.018234289213662536,11,14,3,0,1,0,0,2025-08-14 11:54:20,0
TXN_204626,CUST_112,1,0.03780528604884577,0.3340120307839845,1,16,5,0,0,0,1,2025-08-16 01:45:24,0
TXN_204627,CUST_707,1,0.6032117765138842,0.016198931269214588,11,22,4,1,0,0,0,2025-08-22 11:26:19,0
TXN_204628,CUST_420,1,0.27333556373369017,0.11665188933849782,23,10,6,0,0,0,1,2025-08-10 23:20:15,0
TXN_204629,CUST_377,1,0.15523586483773838,0.026620523493363874,11,9,5,0,1,0,0,2025-08-09 11:50:45,0
TXN_204630,CUST_563,1,0.26497156239545,0.08663210824718995,9,10,6,0,0,1,0,2025-08-10 09:04:58,0
TXN_204631,CUST_370,1,0.9504851120776179,0.015272178940557019,15,2,5,0,0,0,1,2025-08-02 15:26:13,0
TXN_204632,CUST_768,0,0.7919036467045835,0.04649498946982038,4,15,4,0,1,0,0,2025-08-15 04:58:23,1
TXN_204633,CUST_713,0,0.7005687520910003,0.015412066084505332,18,10,6,0,1,0,0,2025-08-10 18:15:55,0
TXN_204634,CUST_670,1,0.8220140515222483,0.027382908427882175,13,3,6,0,0,0,1,2025-08-03 13:37:41,0
TXN_204635,CUST_309,0,0.2077617932418869,0.01570233190819808,13,13,2,0,0,0,1,2025-08-13 13:16:50,0
TXN_204636,CUST_796,1,0.10639009702241552,0.06958336257848936,16,5,1,0,1,0,0,2025-08-05 16:19:03,0
TXN_204637,CUST_500,0,0.8805620608899297,0.013506103748209573,22,17,6,1,0,0,0,2025-08-17 22:21:57,0
TXN_204638,CUST_633,1,0.7878889260622282,0.03369181861995107,21,22,4,0,1,0,0,2025-08-22 21:00:12,0
TXN_204639,CUST_346,1,0.9528270324523251,0.05035937182139251,5,5,1,0,1,0,0,2025-08-05 05:32:34,0
TXN_204640,CUST_123,1,0.5148879223820676,0.009008732070271325,7,12,1,0,0,0,1,2025-08-12 07:17:48,0
TXN_204641,CUST_654,1,0.7902308464369354,0.03182082806964239,9,7,3,0,1,0,0,2025-08-07 09:53:18,0
TXN_204642,CUST_319,0,0.6413516226162596,0.07487809097693299,3,3,6,0,0,0,1,2025-08-03 03:59:40,0
TXN_204643,CUST_349,1,0.4309133489461358,0.01516026922539837,13,25,0,0,1,0,0,2025-08-25 13:21:04,1
TXN_204644,CUST_370,0,0.8501170960187353,0.042459245366911556,10,7,3,0,1,0,0,2025-08-07 10:45:14,1
TXN_204645,CUST_286,1,0.025761124121779857,0.03329663743829709,1,6,2,0,0,0,1,2025-08-06 01:24:05,0
TXN_204646,CUST_658,1,0.9695550351288056,0.022679203212620166,6,23,5,0,0,1,0,2025-08-23 06:23:50,0
TXN_204647,CUST_706,1,0.8956172632987621,0.01902814875556921,0,11,0,1,0,0,0,2025-08-11 00:19:06,0
TXN_204648,CUST_639,1,0.5483439277350284,0.03248878918199558,20,8,4,0,1,0,0,2025-08-08 20:10:24,0
TXN_204649,CUST_541,1,0.9966543994647039,0.02559934734254119,5,19,1,0,1,0,0,2025-08-19 05:15:40,0
TXN_204650,CUST_598,1,0.7564402810304449,0.03789892447419657,7,15,4,0,0,0,1,2025-08-15 07:31:50,0
TXN_204651,CUST_754,1,0.04115088658414186,0.01640526480653835,13,4,0,0,0,1,0,2025-08-04 13:32:43,0
TXN_204652,CUST_420,1,0.6771495483439277,0.010390117616760914,1,2,5,0,1,0,0,2025-08-02 01:12:17,0
TXN_204653,CUST_333,1,0.21445299431247908,0.10877624313420782,23,22,4,0,0,0,1,2025-08-22 23:52:42,0
TXN_204654,CUST_330,1,0.2673134827701572,0.025840652665852032,16,17,6,0,0,0,1,2025-08-17 16:54:53,0
TXN_204655,CUST_267,1,0.6651053864168618,0.03546488816949593,12,6,2,0,1,0,0,2025-08-06 12:29:33,0
TXN_204656,CUST_585,1,0.41318166610906654,0.10471951595970676,18,2,5,0,1,0,0,2025-08-02 18:32:26,1
TXN_204657,CUST_180,1,0.48343927735028436,0.9528552697183256,8,5,1,1,0,0,0,2025-08-05 08:17:32,0
TXN_204658,CUST_696,1,0.3693542990966878,0.001975905908269914,1,15,4,0,1,0,0,2025-08-15 01:08:19,0
TXN_204659,CUST_722,1,0.7985948477751756,0.03667491196464884,2,8,4,0,1,0,0,2025-08-08 02:14:09,0
TXN_204660,CUST_288,1,0.8126463700234192,0.02697723571043207,11,16,5,0,0,0,1,2025-08-16 11:49:04,0
TXN_204661,CUST_629,0,0.9344262295081966,0.21578291389746948,19,10,6,1,0,0,0,2025-08-10 19:48:52,0
TXN_204662,CUST_402,1,0.6333221813315489,0.01510781154641775,22,24,6,0,0,1,0,2025-08-24 22:40:52,0
TXN_204663,CUST_577,1,0.06289729006356641,0.9013663092095504,1,14,3,0,1,0,0,2025-08-14 01:45:54,1
TXN_204664,CUST_558,1,0.40347942455670793,0.03527953770376442,10,6,2,0,1,0,0,2025-08-06 10:53:04,0
TXN_204665,CUST_786,1,0.37437269989963196,0.1650738242162062,19,4,0,0,1,0,0,2025-08-04 19:39:52,0
TXN_204666,CUST_600,0,0.5061893609902978,0.9925552411708567,4,2,5,0,1,0,0,2025-08-02 04:41:58,1
TXN_204667,CUST_456,1,0.5821344931415189,0.014223025360944674,16,10,6,0,1,0,0,2025-08-10 16:54:12,0
TXN_204668,CUST_399,1,0.25526932084309134,0.028809757296154967,2,17,6,1,0,0,0,2025-08-17 02:46:28,0
TXN_204669,CUST_133,1,0.3295416527266644,0.0038014331367953926,14,11,0,0,0,1,0,2025-08-11 14:12:30,0
TXN_204670,CUST_419,1,0.6952157912345266,0.08757984364743977,11,9,5,0,1,0,0,2025-08-09 11:23:53,0
TXN_204671,CUST_446,1,0.1375041820006691,0.014230019718142091,15,6,2,0,0,0,1,2025-08-06 15:02:50,0
TXN_204672,CUST_200,1,0.33021077283372363,1.0,20,22,4,0,0,1,0,2025-08-22 20:58:41,0
TXN_204673,CUST_683,1,0.12311809969889595,0.011558175268729324,7,24,6,0,0,0,1,2025-08-24 07:22:28,0
TXN_204674,CUST_411,1,0.82903981264637,0.06852371746308089,12,13,2,0,1,0,0,2025-08-13 12:31:57,0
TXN_204675,CUST_133,1,0.1445299431247909,0.8268938909500676,17,4,0,0,0,1,0,2025-08-04 17:22:12,0
TXN_204676,CUST_327,1,0.010705921712947474,0.012509407847577848,0,12,1,0,1,0,0,2025-08-12 00:57:32,0
TXN_204677,CUST_344,1,0.5088658414185346,0.01407264668120024,9,16,5,0,0,0,1,2025-08-16 09:19:33,0
TXN_204678,CUST_239,1,0.9086651053864169,0.021406230202690522,15,19,1,0,0,1,0,2025-08-19 15:26:36,0
TXN_204679,CUST_179,1,0.6587487453997992,0.14540219459847473,16,15,4,0,1,0,0,2025-08-15 16:27:55,0
TXN_204680,CUST_345,1,0.13215122114419536,0.016317835341570656,7,1,4,0,0,0,1,2025-08-01 07:56:36,0
TXN_204681,CUST_766,1,0.7380394780863164,0.013817352643494568,22,12,1,1,0,0,0,2025-08-12 22:06:27,0
TXN_204682,CUST_474,1,0.5466711274673803,0.01641925352093318,14,8,4,0,0,0,1,2025-08-08 14:23:26,0
TXN_204683,CUST_223,1,0.9006356641017063,0.004633761643287853,6,10,6,0,0,0,1,2025-08-10 06:44:29,0
TXN_204684,CUST_662,1,0.2612914018066243,0.02146218506026985,8,18,0,0,0,0,1,2025-08-18 08:51:00,0
TXN_204685,CUST_771,1,0.3640013382402141,0.03074719423983909,21,8,4,0,0,0,1,2025-08-08 21:14:52,0
TXN_204686,CUST_123,1,0.8939444630311141,0.37774774633942443,12,20,2,0,1,0,0,2025-08-20 12:57:03,0
TXN_204687,CUST_144,0,0.6748076279692204,0.021843377527529,1,13,2,0,1,0,0,2025-08-13 01:07:49,0
TXN_204688,CUST_482,1,0.20374707259953162,0.004591795500103358,17,24,6,0,1,0,0,2025-08-24 17:11:28,0
TXN_204689,CUST_664,1,0.2930746068919371,0.004298032497811902,18,25,0,0,1,0,0,2025-08-25 18:49:15,0
TXN_204690,CUST_727,1,0.45165607226497156,0.0381821959406919,22,6,2,0,0,0,1,2025-08-06 22:43:26,0
TXN_204691,CUST_492,1,0.49113415858146536,0.10960507446210158,17,22,4,0,1,0,0,2025-08-22 17:33:53,0
TXN_204692,CUST_277,1,0.13215122114419536,0.011949859271784595,23,11,0,1,0,0,0,2025-08-11 23:24:31,0
TXN_204693,CUST_238,0,0.3174974907995985,0.02035707662307818,20,7,3,0,0,0,1,2025-08-07 20:37:07,0
TXN_204694,CUST_738,1,0.27634660421545665,0.013771889321711368,13,12,1,0,0,1,0,2025-08-12 13:16:50,0
TXN_204695,CUST_344,1,0.4573435931749749,0.033160247472947484,10,8,4,0,1,0,0,2025-08-08 10:30:50,0
TXN_204696,CUST_303,1,0.3720307795249247,0.011533695018538369,11,3,6,0,0,0,1,2025-08-03 11:53:59,0
TXN_204697,CUST_187,1,0.5704248912679826,0.029306356657171476,17,17,6,0,1,0,0,2025-08-17 17:29:27,0
TXN_204698,CUST_467,1,0.6052191368350619,0.014153081788970519,3,4,0,0,0,0,1,2025-08-04 03:52:34,0
TXN_204699,CUST_748,1,0.9933087989294078,0.042095538792645944,9,14,3,1,0,0,0,2025-08-14 09:04:58,0
TXN_204700,CUST_407,1,0.7440615590498494,0.027529789929027906,2,23,5,0,0,1,0,2025-08-23 02:54:25,0
TXN_204701,CUST_402,1,0.5500167280026764,0.5063005344493249,17,14,3,0,0,0,1,2025-08-14 17:50:42,0
TXN_204702,CUST_238,1,0.07661425225828035,0.05566808893423097,20,5,1,0,0,0,1,2025-08-05 20:43:10,0
TXN_204703,CUST_130,1,0.0705921712947474,0.006025638725573562,11,5,1,0,1,0,0,2025-08-05 11:40:22,0
TXN_204704,CUST_632,1,0.26262964202074274,0.02458166837031722,4,2,5,0,1,0,0,2025-08-02 04:30:00,0
TXN_204705,CUST_616,1,0.7761793241886918,0.06195601605470762,12,14,3,0,0,0,1,2025-08-14 12:09:34,0
TXN_204706,CUST_623,1,0.12612914018066243,0.29787218714493796,9,22,4,0,0,0,1,2025-08-22 09:34:18,0
TXN_204707,CUST_770,1,0.06958849113415858,0.014751099329349555,16,19,1,0,0,0,1,2025-08-19 16:30:51,0
TXN_204708,CUST_445,0,0.8655068584810973,0.020010855941806106,22,7,3,0,1,0,0,2025-08-07 22:40:23,0
TXN_204709,CUST_601,1,0.4426229508196721,0.034782938342747906,7,2,5,0,0,1,0,2025-08-02 07:51:23,0
TXN_204710,CUST_437,1,0.7213114754098361,0.04472891427747293,23,14,3,0,1,0,0,2025-08-14 23:09:01,0
TXN_204711,CUST_268,1,0.8377383740381398,0.005710892651689858,20,13,2,1,0,0,0,2025-08-13 20:55:29,0
TXN_204712,CUST_409,1,0.4633656741385078,0.012635306277131327,5,11,0,0,0,1,0,2025-08-11 05:08:02,0
TXN_204713,CUST_710,1,0.19605219136835061,0.009704670611414182,16,9,5,0,1,0,0,2025-08-09 16:04:09,1
TXN_204714,CUST_190,1,0.3218467714954834,0.024298396903821885,17,17,6,0,1,0,0,2025-08-17 17:38:18,0
TXN_204715,CUST_651,1,0.046169287387085985,0.6093239187886584,10,11,0,1,0,0,0,2025-08-11 10:46:50,0
TXN_204716,CUST_672,1,0.9819337571094011,0.0189337249334041,8,7,3,0,0,1,0,2025-08-07 08:51:27,0
TXN_204717,CUST_584,0,0.7423887587822013,0.020542427088809694,12,11,0,0,0,0,1,2025-08-11 12:03:48,0
TXN_204718,CUST_380,1,0.14921378387420542,0.013247312531905194,15,4,0,0,0,0,1,2025-08-04 15:58:13,0
TXN_204719,CUST_327,1,0.03646704583472733,0.09459868109504635,14,24,6,0,0,1,0,2025-08-24 14:57:14,0
TXN_204720,CUST_362,1,0.046169287387085985,0.03161799171091734,6,25,0,1,0,0,0,2025-08-25 06:32:05,0
TXN_204721,CUST_143,0,0.32653061224489793,0.015677851658007124,0,11,0,1,0,0,0,2025-08-11 00:39:57,0
TXN_204722,CUST_581,1,0.8551354968216794,0.17973049972339064,12,24,6,0,1,0,0,2025-08-24 12:57:42,0
TXN_204723,CUST_337,1,0.3874205419872867,0.03539494459752177,13,22,4,0,0,0,1,2025-08-22 13:33:36,0
TXN_204724,CUST_434,1,0.867514218802275,0.019689115510724987,15,18,0,0,0,1,0,2025-08-18 15:31:47,0
TXN_204725,CUST_405,1,0.391435262629642,0.020364070980275595,13,23,5,0,0,0,1,2025-08-23 13:27:40,0
TXN_204726,CUST_218,1,0.20173971227835397,0.03028906384340837,7,1,4,0,1,0,0,2025-08-01 07:19:56,0
TXN_204727,CUST_163,0,0.10036801605888257,1.0,0,1,4,0,0,0,1,2025-08-01 00:36:32,0
TXN_204728,CUST_585,1,0.22348611575777852,0.018255272285254785,23,9,5,0,0,0,1,2025-08-09 23:52:56,0
TXN_204729,CUST_310,1,0.7631314821010371,0.012271599702865715,12,23,5,1,0,0,0,2025-08-23 12:17:29,0
TXN_204730,CUST_327,1,0.6433589829374372,0.03508019852363807,4,13,2,0,0,0,1,2025-08-13 04:31:52,0
TXN_204731,CUST_417,1,0.5637336901973904,0.08781065743495449,23,21,3,0,0,0,1,2025-08-21 23:52:35,0
TXN_204732,CUST_663,1,0.869187019069923,0.0154435406918937,1,16,5,1,0,0,0,2025-08-16 01:29:12,0
TXN_204733,CUST_383,1,0.12947474071595852,0.013680962678144965,17,9,5,1,0,0,0,2025-08-09 17:33:37,0
TXN_204734,CUST_676,1,0.17029106724657075,0.06822995446078944,9,10,6,0,0,0,1,2025-08-10 09:45:52,0
TXN_204735,CUST_270,1,0.9056540649046504,0.01290458902923183,14,8,4,0,0,1,0,2025-08-08 14:25:17,0
TXN_204736,CUST_646,1,0.16192706590833053,0.034377265625297804,11,17,6,0,0,1,0,2025-08-17 11:42:25,0
TXN_204737,CUST_497,1,0.7343593174974907,0.03873125298068903,1,13,2,0,1,0,0,2025-08-13 01:23:35,0
TXN_204738,CUST_461,1,0.7527601204416192,0.008319787886325886,7,11,0,0,0,1,0,2025-08-11 07:58:57,0
TXN_204739,CUST_587,1,0.6932084309133489,0.5729112952189126,3,4,0,0,0,0,1,2025-08-04 03:08:00,1
TXN_204740,CUST_798,1,0.44362663098026095,0.0016017077982081783,6,6,2,0,1,0,0,2025-08-06 06:20:32,0
TXN_204741,CUST_382,1,0.13616594178655067,0.04482683527823675,23,25,0,0,1,0,0,2025-08-25 23:09:03,0
TXN_204742,CUST_668,1,0.25493476078956173,0.2590465103420838,9,9,5,0,0,0,1,2025-08-09 09:49:20,0
TXN_204743,CUST_776,1,0.14285714285714285,0.006658628051939675,22,5,1,0,1,0,0,2025-08-05 22:04:48,0
TXN_204744,CUST_104,1,0.5607226497156239,0.0189337249334041,6,20,2,0,0,0,1,2025-08-20 06:02:58,0
TXN_204745,CUST_211,1,0.7808631649381064,0.016398270449340936,2,2,5,0,0,1,0,2025-08-02 02:44:37,0
TXN_204746,CUST_448,1,0.6968885915021746,0.006357870692450804,23,7,3,0,0,0,1,2025-08-07 23:24:17,0
TXN_204747,CUST_723,1,0.27199732351957173,0.03148509892416644,3,24,6,0,0,0,1,2025-08-24 03:29:29,0
TXN_204748,CUST_166,1,0.8277015724322516,0.043151686729455706,2,6,2,0,0,1,0,2025-08-06 02:57:36,0
TXN_204749,CUST_629,1,0.5811308129809301,0.02983443062557635,11,12,1,0,0,0,1,2025-08-12 11:06:02,0
TXN_204750,CUST_286,1,0.7059217129474741,0.04479186349224967,17,17,6,0,1,0,0,2025-08-17 17:54:28,1
TXN_204751,CUST_569,1,0.6457009033121445,0.3044958434108906,17,2,5,0,1,0,0,2025-08-02 17:39:26,0
TXN_204752,CUST_149,1,0.19237203077952492,0.6765117140270329,11,2,5,0,1,0,0,2025-08-02 11:32:10,0
TXN_204753,CUST_387,0,0.5727668116426898,0.023497543004717795,18,10,6,0,1,0,0,2025-08-10 18:35:19,0
TXN_204754,CUST_433,1,0.9330879892940782,0.05443708206748582,10,16,5,0,0,0,1,2025-08-16 10:20:45,0
TXN_204755,CUST_571,1,0.6574105051856808,0.09795597254980586,7,2,5,0,1,0,0,2025-08-02 07:28:38,0
TXN_204756,CUST_681,1,0.11876881900301103,0.042913878584743576,21,1,4,0,0,0,1,2025-08-01 21:11:40,0
TXN_204757,CUST_319,1,0.912010705921713,0.5908658101446785,11,16,5,0,0,0,1,2025-08-16 11:44:06,1
TXN_204758,CUST_403,1,0.913683506189361,0.02008429669237897,1,16,5,0,1,0,0,2025-08-16 01:06:43,0
TXN_204759,CUST_513,1,0.3619939779190365,0.0496389530300587,12,6,2,0,0,0,1,2025-08-06 12:06:05,0
TXN_204760,CUST_730,1,0.5383071261291401,0.011610632947709941,13,2,5,0,1,0,0,2025-08-02 13:08:19,0
TXN_204761,CUST_187,1,0.1451990632318501,0.005203801754877225,1,15,4,0,0,0,1,2025-08-15 01:42:02,0
TXN_204762,CUST_679,1,0.9949815991970559,0.7404716134188001,21,11,0,0,0,0,1,2025-08-11 21:02:53,1
TXN_204763,CUST_497,1,0.7099364335898294,0.6972185085099819,22,10,6,0,1,0,0,2025-08-10 22:30:32,0
TXN_204764,CUST_596,1,0.6788223486115758,0.023340169967775944,16,16,5,0,1,0,0,2025-08-16 16:57:41,0
TXN_204765,CUST_447,1,0.03211776513884242,0.8579838086925801,3,25,0,0,0,0,1,2025-08-25 03:59:59,0
TXN_204766,CUST_423,1,0.29441284710605553,0.012946555172416323,19,13,2,0,0,0,1,2025-08-13 19:37:44,0
TXN_204767,CUST_676,1,0.2656406825025092,0.038143726976106115,2,22,4,0,0,0,1,2025-08-22 02:06:47,0
TXN_204768,CUST_202,0,0.27199732351957173,0.016317835341570656,9,2,5,0,1,0,0,2025-08-02 09:31:06,1
TXN_204769,CUST_194,1,0.13047842087654735,0.9999937400503083,7,12,1,0,1,0,0,2025-08-12 07:45:47,0
TXN_204770,CUST_595,1,0.4422883907661425,0.22556801961665393,17,8,4,0,1,0,0,2025-08-08 17:59:40,0
TXN_204771,CUST_269,1,0.43593174974907994,1.0,2,15,4,0,1,0,0,2025-08-15 02:54:32,0
TXN_204772,CUST_521,1,0.9752425560388089,0.010634920118670458,5,12,1,0,0,0,1,2025-08-12 05:39:42,0
TXN_204773,CUST_572,1,0.3653395784543325,0.03285949011345861,4,4,0,0,0,1,0,2025-08-04 04:50:59,0
TXN_204774,CUST_129,1,0.49046503847440615,0.02570076552190372,4,21,3,0,0,1,0,2025-08-21 04:34:34,0
TXN_204775,CUST_240,1,0.45901639344262296,0.022749146784594325,4,25,0,0,0,0,1,2025-08-25 04:16:34,0
TXN_204776,CUST_780,1,0.19069923051187687,0.05126514107845783,8,16,5,0,1,0,0,2025-08-16 08:12:28,0
TXN_204777,CUST_400,0,0.9775844764135162,0.05815108573931352,19,12,1,0,1,0,0,2025-08-12 19:26:07,0
TXN_204778,CUST_781,0,0.19672131147540983,0.9969407031336364,5,5,1,1,0,0,0,2025-08-05 05:34:32,0
TXN_204779,CUST_677,1,0.0,0.03091505881257707,15,13,2,0,0,1,0,2025-08-13 15:34:28,0
TXN_204780,CUST_422,1,0.38106390097022413,0.03353094840441051,15,2,5,0,0,1,0,2025-08-02 15:27:18,0
TXN_204781,CUST_708,1,0.14754098360655737,0.023434593789941054,15,6,2,0,1,0,0,2025-08-06 15:43:47,0
TXN_204782,CUST_455,1,0.9287387085981933,0.4552801958727766,22,16,5,0,1,0,0,2025-08-16 22:48:25,0
TXN_204783,CUST_445,0,0.4412847106055537,0.01907710925595112,5,6,2,0,0,0,1,2025-08-06 05:10:22,0
TXN_204784,CUST_152,1,0.7510873201739712,0.020322104837091102,6,17,6,0,0,0,1,2025-08-17 06:10:08,0
TXN_204785,CUST_140,1,0.6453663432586149,0.03198519546378166,2,7,3,0,0,0,1,2025-08-07 02:23:55,0
TXN_204786,CUST_163,1,0.8009367681498829,0.014981913116864271,23,4,0,0,0,1,0,2025-08-04 23:12:53,0
TXN_204787,CUST_782,1,0.6604215456674473,0.032593704539956816,17,13,2,0,0,0,1,2025-08-13 17:17:35,0
TXN_204788,CUST_683,1,0.6664436266309802,0.014048166431009285,19,11,0,0,0,1,0,2025-08-11 19:38:41,0
TXN_204789,CUST_515,1,0.8417530946804951,0.018349696107419895,1,13,2,0,1,0,0,2025-08-13 01:47:15,0
TXN_204790,CUST_136,1,0.043158246905319504,0.03383520294249809,0,13,2,0,0,1,0,2025-08-13 00:38:18,0
TXN_204791,CUST_293,1,0.4744061559049849,0.010974146442745119,11,19,1,0,1,0,0,2025-08-19 11:22:59,0
TXN_204792,CUST_664,1,0.47540983606557374,0.004319015569404149,8,21,3,0,0,0,1,2025-08-21 08:08:31,0
TXN_204793,CUST_194,1,0.7152893944463031,0.0202311781935247,12,18,0,0,0,0,1,2025-08-18 12:23:52,0
TXN_204794,CUST_353,1,0.6651053864168618,0.03731839282681107,8,25,0,0,1,0,0,2025-08-25 08:18:52,0
TXN_204795,CUST_233,1,0.7875543660086985,0.025053787481142772,3,20,2,0,1,0,0,2025-08-20 03:04:25,0
TXN_204796,CUST_674,1,0.06992305118768818,0.7765520050216687,10,22,4,0,1,0,0,2025-08-22 10:19:22,0
TXN_204797,CUST_702,1,0.3633322181331549,0.9981507269287893,21,3,6,0,1,0,0,2025-08-03 21:34:13,0
TXN_204798,CUST_226,1,0.48343927735028436,0.06827192060397394,21,7,3,1,0,0,0,2025-08-07 21:17:45,0
TXN_204799,CUST_719,1,0.3830712612914018,0.03443322048287713,10,9,5,1,0,0,0,2025-08-09 10:57:34,0
TXN_204800,CUST_762,1,0.48645031783205084,0.021217382558360302,6,12,1,0,1,0,0,2025-08-12 06:53:45,0
TXN_204801,CUST_572,1,0.7132820341251255,0.9867184500896133,21,22,4,0,0,1,0,2025-08-22 21:46:00,1
TXN_204802,CUST_353,1,0.06557377049180327,1.0,9,4,0,0,1,0,0,2025-08-04 09:34:15,1
TXN_204803,CUST_664,1,0.9882903981264637,0.006931407982638885,0,5,1,0,1,0,0,2025-08-05 00:28:34,0
TXN_204804,CUST_380,1,0.38106390097022413,0.019437318651618025,8,9,5,0,1,0,0,2025-08-09 08:12:06,0
TXN_204805,CUST_322,1,0.7517564402810304,0.6454008132129282,5,22,4,0,0,0,1,2025-08-22 05:13:21,0
TXN_204806,CUST_261,1,0.664101706256273,0.6505276770386339,1,7,3,0,0,0,1,2025-08-07 01:54:45,0
TXN_204807,CUST_167,1,0.7096018735362998,0.8391130329739527,22,13,2,0,0,1,0,2025-08-13 22:43:20,0
TXN_204808,CUST_326,0,0.025092004014720642,0.06416273575049225,3,16,5,0,1,0,0,2025-08-16 03:02:47,1
TXN_204809,CUST_353,1,0.14586818333890933,0.015632388336223924,20,1,4,0,1,0,0,2025-08-01 20:26:12,0
TXN_204810,CUST_362,1,0.8558046169287387,0.013338239175471597,13,7,3,0,1,0,0,2025-08-07 13:02:02,0
TXN_204811,CUST_388,1,0.7534292405486784,0.14460833505656806,11,7,3,0,1,0,0,2025-08-07 11:13:10,0
TXN_204812,CUST_398,1,0.9986617597858816,0.02588961316623394,9,7,3,0,0,0,1,2025-08-07 09:22:10,0
TXN_204813,CUST_442,1,0.558046169287387,0.04399100959314558,13,14,3,1,0,0,0,2025-08-14 13:08:43,0
TXN_204814,CUST_570,1,0.8404148544663766,0.3691481841652019,12,23,5,1,0,0,0,2025-08-23 12:29:55,0
TXN_204815,CUST_228,1,0.1789896286383406,0.03127526820824397,5,5,1,0,0,0,1,2025-08-05 05:04:14,0
TXN_204816,CUST_330,1,0.8183338909334226,0.07982310151550584,19,1,4,0,1,0,0,2025-08-01 19:23:58,0
TXN_204817,CUST_787,1,0.4426229508196721,0.014397884290880066,6,8,4,0,1,0,0,2025-08-08 06:51:29,0
TXN_204818,CUST_602,1,0.5848109735697558,0.02392419879376015,17,2,5,0,0,1,0,2025-08-02 17:21:35,0
TXN_204819,CUST_696,1,0.49079959852793575,0.014334935076103325,16,7,3,0,0,0,1,2025-08-07 16:59:30,0
TXN_204820,CUST_155,1,0.15322850451656073,0.027019201853616562,7,24,6,0,1,0,0,2025-08-24 07:47:48,0
TXN_204821,CUST_588,1,0.625627300100368,0.4566615814192662,1,11,0,0,0,1,0,2025-08-11 01:27:10,0
TXN_204822,CUST_295,1,0.4533288725326196,0.9818433831230147,17,7,3,0,0,0,1,2025-08-07 17:52:24,0
TXN_204823,CUST_164,0,0.5185680829708933,0.025462957377191585,14,11,0,0,0,0,1,2025-08-11 14:36:36,0
TXN_204824,CUST_422,1,0.48645031783205084,0.061497885658276887,11,3,6,0,0,0,1,2025-08-03 11:32:23,0
TXN_204825,CUST_212,1,0.7380394780863164,0.0071867020203445564,17,4,0,0,1,0,0,2025-08-04 17:29:18,0
TXN_204826,CUST_731,1,0.28839076614252257,0.9699249984586185,14,13,2,0,1,0,0,2025-08-13 14:20:45,0
TXN_204827,CUST_541,1,0.1993977919036467,0.009991439256508222,8,11,0,0,1,0,0,2025-08-11 08:08:29,0
TXN_204828,CUST_164,1,0.5928404148544664,0.05927717724809744,4,1,4,1,0,0,0,2025-08-01 04:17:55,0
TXN_204829,CUST_534,0,0.8377383740381398,0.021371258416703447,5,4,0,0,0,0,1,2025-08-04 05:51:38,1
TXN_204830,CUST_198,1,0.7400468384074941,0.012285588417260546,17,17,6,0,1,0,0,2025-08-17 17:50:57,0
TXN_204831,CUST_459,1,0.019739043158246903,0.07606013734329624,12,20,2,0,0,0,1,2025-08-20 12:33:19,0
TXN_204832,CUST_141,0,0.416192706590833,0.5303821062800269,7,6,2,0,1,0,0,2025-08-06 07:58:42,0
TXN_204833,CUST_445,1,0.2740046838407494,0.016961316203732892,17,8,4,0,0,1,0,2025-08-08 17:52:58,0
TXN_204834,CUST_294,1,0.6202743392438943,0.06868109050002275,2,12,1,0,0,1,0,2025-08-12 02:44:23,0
TXN_204835,CUST_731,1,0.3877551020408163,0.03361138351218079,21,22,4,0,0,0,1,2025-08-22 21:52:23,0
TXN_204836,CUST_445,1,0.25928404148544665,0.03900403291138824,10,15,4,0,1,0,0,2025-08-15 10:12:30,0
TXN_204837,CUST_793,1,0.8728671796587487,0.019021154398371796,14,11,0,0,0,0,1,2025-08-11 14:20:23,0
TXN_204838,CUST_228,1,0.3261960521913683,0.022350468424341633,17,24,6,0,0,0,1,2025-08-24 17:15:52,0
TXN_204839,CUST_470,1,0.6567413850786216,0.4467121083059425,0,22,4,0,0,0,1,2025-08-22 00:51:23,0
TXN_204840,CUST_492,0,0.4703914352626296,0.02984142498277377,12,4,0,1,0,0,0,2025-08-04 12:12:40,0
TXN_204841,CUST_133,0,0.4054867848778856,0.017248084848826933,21,15,4,0,0,1,0,2025-08-15 21:15:18,0
TXN_204842,CUST_234,1,0.5038474406155905,0.04917382827643056,20,15,4,0,0,0,1,2025-08-15 20:39:47,0
TXN_204843,CUST_470,1,0.5533623285379725,0.06849224285569253,18,14,3,0,0,1,0,2025-08-14 18:41:54,0
TXN_204844,CUST_156,1,0.1057209769153563,0.3194183044915768,10,2,5,0,0,0,1,2025-08-02 10:31:44,0
TXN_204845,CUST_674,1,0.35731013716962196,0.013866313143876478,12,2,5,0,1,0,0,2025-08-02 12:26:32,0
TXN_204846,CUST_349,1,0.5088658414185346,0.01731802842080109,23,12,1,0,0,0,1,2025-08-12 23:16:27,0
TXN_204847,CUST_259,1,0.34928069588491134,0.04638657693326043,13,22,4,0,0,0,1,2025-08-22 13:14:09,0
TXN_204848,CUST_658,1,0.40448310471729676,0.02429489972522318,8,13,2,0,1,0,0,2025-08-13 08:52:38,0
TXN_204849,CUST_441,1,0.2699899631983941,0.05748312462696032,9,3,6,0,0,0,1,2025-08-03 09:15:41,0
TXN_204850,CUST_279,0,0.5122114419538307,0.9261333280455992,12,11,0,0,0,0,1,2025-08-11 12:01:21,0
TXN_204851,CUST_770,0,0.18902643024422883,0.004158145353863589,23,21,3,1,0,0,0,2025-08-21 23:30:00,0
TXN_204852,CUST_638,1,0.9357644697223151,0.19466694951847172,2,16,5,0,0,0,1,2025-08-16 02:33:17,0
TXN_204853,CUST_584,1,0.6778186684509869,0.010869231084783885,20,9,5,0,1,0,0,2025-08-09 20:36:32,1
TXN_204854,CUST_300,1,0.8668450986952158,0.017408955064367494,12,1,4,0,1,0,0,2025-08-01 12:57:05,0
TXN_204855,CUST_664,1,0.9856139176982268,0.010477547081728607,18,14,3,0,1,0,0,2025-08-14 18:55:20,0
TXN_204856,CUST_588,1,0.02275008364001338,0.02713460874737392,3,1,4,0,1,0,0,2025-08-01 03:07:20,0
TXN_204857,CUST_690,1,0.3395784543325527,0.012226136381082515,8,6,2,0,0,0,1,2025-08-06 08:22:54,0
TXN_204858,CUST_671,1,0.2930746068919371,0.04765954994319008,1,14,3,1,0,0,0,2025-08-14 01:03:32,0
TXN_204859,CUST_304,0,0.9739043158246905,0.01402368618081833,17,24,6,0,0,1,0,2025-08-24 17:33:25,0
TXN_204860,CUST_280,1,0.012378721980595517,0.07555654362508231,21,7,3,0,0,0,1,2025-08-07 21:36:44,0
TXN_204861,CUST_633,1,0.5971896955503513,0.02190632674230574,21,22,4,0,0,0,1,2025-08-22 21:07:42,0
TXN_204862,CUST_371,1,0.26865172298427564,0.05403490652863442,22,9,5,0,0,1,0,2025-08-09 22:38:45,0
TXN_204863,CUST_380,1,0.3007694881231181,0.2614036087176129,6,13,2,0,0,0,1,2025-08-13 06:32:10,0
TXN_204864,CUST_660,1,0.4851120776179324,0.7611539276515581,12,2,5,0,0,0,1,2025-08-02 12:01:45,0
TXN_204865,CUST_301,1,0.7092673134827702,0.029208435656407655,5,12,1,0,1,0,0,2025-08-12 05:18:17,0
TXN_204866,CUST_744,1,0.9732351957176313,0.022556801961665394,15,10,6,0,1,0,0,2025-08-10 15:23:02,0
TXN_204867,CUST_116,1,0.5473402475744396,0.015632388336223924,0,23,5,0,1,0,0,2025-08-23 00:23:52,0
TXN_204868,CUST_699,1,0.8143191702910673,0.16421701545952277,2,20,2,1,0,0,0,2025-08-20 02:26:50,0
TXN_204869,CUST_749,1,0.011709601873536299,0.056185671366839725,14,12,1,0,0,0,1,2025-08-12 14:15:53,0
TXN_204870,CUST_413,1,0.37035797925727665,0.0268128683162928,12,20,2,0,1,0,0,2025-08-20 12:53:57,0
TXN_204871,CUST_508,1,0.6099029775844764,0.1925126875016677,0,8,4,0,1,0,0,2025-08-08 00:08:50,0
TXN_204872,CUST_418,1,0.7039143526262964,0.018342701750222477,23,17,6,0,1,0,0,2025-08-17 23:17:28,0
TXN_204873,CUST_474,1,0.5189026430244229,0.05164283636711828,2,22,4,1,0,0,0,2025-08-22 02:59:06,0
TXN_204874,CUST_531,0,0.034459685513549686,0.03205513903575581,20,17,6,0,0,1,0,2025-08-17 20:01:58,0
TXN_204875,CUST_231,1,0.8645031783205085,0.6758227698430874,8,18,0,0,0,0,1,2025-08-18 08:26:07,0
TXN_204876,CUST_495,0,0.5152224824355972,0.7366631859248073,17,8,4,0,1,0,0,2025-08-08 17:33:36,0
TXN_204877,CUST_540,1,0.7868852459016393,0.04325310490881823,17,2,5,0,0,0,1,2025-08-02 17:08:11,0
TXN_204878,CUST_403,1,0.18166610906657743,0.013170374602733622,21,6,2,0,1,0,0,2025-08-06 21:24:40,0
TXN_204879,CUST_760,1,0.14419538307126128,0.021913321099503155,15,15,4,0,0,1,0,2025-08-15 15:00:35,0
TXN_204880,CUST_606,1,0.9598527935764469,0.03986433884667036,5,2,5,0,1,0,0,2025-08-02 05:06:46,0
TXN_204881,CUST_478,1,0.3255269320843091,0.01216668434490448,16,16,5,0,0,0,1,2025-08-16 16:47:18,0
TXN_204882,CUST_683,1,0.8849113415858146,0.019468793259006394,11,2,5,0,1,0,0,2025-08-02 11:01:04,0
TXN_204883,CUST_111,1,0.7868852459016393,0.7146904127891262,15,25,0,0,1,0,0,2025-08-25 15:55:47,0
TXN_204884,CUST_628,1,0.1569086651053864,0.015198738189984153,2,22,4,1,0,0,0,2025-08-22 02:50:39,0
TXN_204885,CUST_184,1,0.9581799933087989,0.020535432731612277,7,17,6,0,0,0,1,2025-08-17 07:02:36,0
TXN_204886,CUST_597,1,0.7995985279357645,0.013394194033050925,2,11,0,0,0,0,1,2025-08-11 02:40:19,0
TXN_204887,CUST_519,1,0.8046169287387086,0.0043994506771744294,7,5,1,0,0,0,1,2025-08-05 07:59:54,1
TXN_204888,CUST_528,1,0.6972231515557042,0.05352431845322308,14,1,4,0,1,0,0,2025-08-01 14:27:23,0
TXN_204889,CUST_683,1,0.9876212780194045,0.020413031480657505,11,5,1,0,1,0,0,2025-08-05 11:54:29,0
TXN_204890,CUST_450,1,0.4703914352626296,0.6725633993890918,6,23,5,0,0,0,1,2025-08-23 06:50:41,1
TXN_204891,CUST_612,1,0.27634660421545665,0.049275246455793086,3,9,5,0,1,0,0,2025-08-09 03:23:35,0
TXN_204892,CUST_681,1,0.6741385078621612,0.019136561292129154,15,20,2,1,0,0,0,2025-08-20 15:47:48,0
TXN_204893,CUST_713,1,0.767480762796922,0.007302108914101913,11,11,0,0,1,0,0,2025-08-11 11:44:53,0
TXN_204894,CUST_149,1,0.0013382402141184344,0.09123439528308944,22,22,4,0,0,0,1,2025-08-22 22:15:09,0
TXN_204895,CUST_490,1,0.5155570424891268,0.04614527160994959,16,15,4,0,1,0,0,2025-08-15 16:05:58,0
TXN_204896,CUST_127,1,0.8320508531281364,0.027494818143040826,17,4,0,1,0,0,0,2025-08-04 17:22:34,0
TXN_204897,CUST_355,1,0.24857811977249916,0.055188975466208,6,24,6,0,1,0,0,2025-08-24 06:25:02,0
TXN_204898,CUST_696,1,0.8216794914687187,0.026889806245464373,15,11,0,0,0,0,1,2025-08-11 15:32:49,0
TXN_204899,CUST_541,1,0.03211776513884242,0.0,22,22,4,0,1,0,0,2025-08-22 22:16:01,0
TXN_204900,CUST_100,1,0.10873201739712278,0.02985891087576731,3,7,3,0,0,0,1,2025-08-07 03:30:33,0
TXN_204901,CUST_673,0,0.6821679491468718,0.03141865253079099,18,14,3,1,0,0,0,2025-08-14 18:38:50,0
TXN_204902,CUST_704,1,0.14988290398126464,0.017538350672519683,2,11,0,0,0,1,0,2025-08-11 02:59:21,0
TXN_204903,CUST_789,1,0.9735697557711609,0.015051856688838426,8,15,4,0,0,1,0,2025-08-15 08:56:33,0
TXN_204904,CUST_251,1,0.9698895951823352,0.02411654361668908,12,20,2,0,0,0,1,2025-08-20 12:14:18,1
TXN_204905,CUST_523,1,0.34158581465373034,0.035622261206437786,10,2,5,0,1,0,0,2025-08-02 10:25:30,0
TXN_204906,CUST_588,1,0.039143526262964204,0.013310261746681935,0,22,4,0,1,0,0,2025-08-22 00:32:24,0
TXN_204907,CUST_325,1,0.9243894279023085,0.035594283777648124,6,21,3,0,1,0,0,2025-08-21 06:16:21,0
TXN_204908,CUST_251,1,0.8765473402475744,0.017307536885004967,0,4,0,0,0,0,1,2025-08-04 00:37:16,0
TXN_204909,CUST_594,1,0.16527266644362662,0.011886910057007857,12,9,5,0,0,0,1,2025-08-09 12:29:22,0
TXN_204910,CUST_388,1,0.5383071261291401,0.022074191315043717,15,1,4,1,0,0,0,2025-08-01 15:03:52,0
TXN_204911,CUST_630,1,0.25493476078956173,0.0178600911036008,8,11,0,0,0,0,1,2025-08-11 08:33:27,0
TXN_204912,CUST_197,1,0.025761124121779857,0.013135402816746546,7,10,6,0,0,0,1,2025-08-10 07:07:35,0
TXN_204913,CUST_711,1,0.1451990632318501,0.030834623704806788,17,1,4,0,1,0,0,2025-08-01 17:55:23,0
TXN_204914,CUST_303,1,0.5319504851120777,0.033779248084918764,1,6,2,0,1,0,0,2025-08-06 01:08:32,0
TXN_204915,CUST_241,1,0.3640013382402141,0.02016473180014925,8,10,6,0,1,0,0,2025-08-10 08:12:40,0
TXN_204916,CUST_368,1,0.017397122783539644,0.022752643963193032,16,1,4,0,0,1,0,2025-08-01 16:03:02,0
TXN_204917,CUST_410,1,0.11609233857477416,0.013173871781332332,18,1,4,0,0,1,0,2025-08-01 18:17:12,0
TXN_204918,CUST_158,1,0.2703245232519237,0.021039026449826203,19,20,2,0,0,1,0,2025-08-20 19:03:48,1
TXN_204919,CUST_202,1,0.5279357644697223,0.3858507091526304,4,12,1,0,1,0,0,2025-08-12 04:05:53,0
TXN_204920,CUST_648,1,0.27199732351957173,0.07672460127705072,13,21,3,0,0,1,0,2025-08-21 13:17:21,0
TXN_204921,CUST_723,1,0.8079625292740047,0.12321259638967368,5,12,1,0,1,0,0,2025-08-12 05:55:36,0
TXN_204922,CUST_475,1,0.610237537638006,0.0377345570800573,9,19,1,0,1,0,0,2025-08-19 09:41:18,0
TXN_204923,CUST_690,1,0.3318835731013717,0.06939451493415914,18,11,0,0,0,1,0,2025-08-11 18:56:54,0
TXN_204924,CUST_170,1,0.0665774506523921,0.06579941533468751,15,19,1,0,0,0,1,2025-08-19 15:57:51,0
TXN_204925,CUST_607,1,0.05520240883238541,0.0780115630013752,13,22,4,0,1,0,0,2025-08-22 13:22:49,0
TXN_204926,CUST_648,1,0.4707259953161592,0.036052414174078846,12,17,6,0,1,0,0,2025-08-17 12:41:48,0
TXN_204927,CUST_377,1,0.5483439277350284,0.2426937032145261,13,1,4,0,0,0,1,2025-08-01 13:43:59,0
TXN_204928,CUST_362,1,0.28471060555369687,0.012908086207830537,20,16,5,1,0,0,0,2025-08-16 20:50:04,0
TXN_204929,CUST_710,1,0.6935429909668785,0.7428601864017176,3,2,5,0,1,0,0,2025-08-02 03:34:49,0
TXN_204930,CUST_489,1,0.14352626296420207,0.042298375151371,9,13,2,0,1,0,0,2025-08-13 09:01:50,0
TXN_204931,CUST_744,1,0.6058882569421211,0.027816558574121943,17,20,2,1,0,0,0,2025-08-20 17:34:00,0
TXN_204932,CUST_134,1,0.19304115088658413,0.032852495756261195,13,2,5,0,1,0,0,2025-08-02 13:55:36,0
TXN_204933,CUST_258,1,0.5128805620608899,0.3176592236564268,4,9,5,0,0,0,1,2025-08-09 04:01:06,0
TXN_204934,CUST_237,1,0.7601204416192706,0.023885729829174362,15,5,1,0,1,0,0,2025-08-05 15:44:41,0
TXN_204935,CUST_675,0,0.023753763800602207,0.015023879260048764,0,21,3,0,1,0,0,2025-08-21 00:13:16,0
TXN_204936,CUST_318,1,0.211107393777183,0.06651983412602132,0,11,0,0,0,0,1,2025-08-11 00:02:21,0
TXN_204937,CUST_292,0,0.9809300769488123,0.018199317427675457,17,9,5,0,1,0,0,2025-08-09 17:32:03,0
TXN_204938,CUST_593,1,0.9541652726664436,0.052279322872083096,8,2,5,0,0,0,1,2025-08-02 08:09:45,0
TXN_204939,CUST_793,1,0.5607226497156239,0.011295886873826235,0,4,0,0,1,0,0,2025-08-04 00:26:53,0
TXN_204940,CUST_746,0,0.041485446637671466,0.939027425539035,14,18,0,0,1,0,0,2025-08-18 14:34:11,0
TXN_204941,CUST_417,1,0.28738708598193374,0.047313329261918,4,8,4,0,0,0,1,2025-08-08 04:56:22,0
TXN_204942,CUST_622,1,0.22080963532954165,0.01752436195812485,9,2,5,0,0,0,1,2025-08-02 09:43:22,0
TXN_204943,CUST_381,1,0.9588491134158581,0.027288484605717065,3,23,5,0,0,0,1,2025-08-23 03:20:57,0
TXN_204944,CUST_672,1,0.7939110070257611,0.9518375907461016,7,13,2,0,0,1,0,2025-08-13 07:25:33,0
TXN_204945,CUST_412,1,0.41786550685848106,0.168343686205998,8,5,1,0,1,0,0,2025-08-05 08:02:19,0
TXN_204946,CUST_166,1,0.005018400802944129,0.07053459515733788,18,19,1,1,0,0,0,2025-08-19 18:56:25,0
TXN_204947,CUST_111,1,0.06557377049180327,0.03682529064439327,4,24,6,0,0,0,1,2025-08-24 04:46:54,0
TXN_204948,CUST_634,1,0.3941117430578789,0.02080471548371278,12,1,4,1,0,0,0,2025-08-01 12:11:12,0
TXN_204949,CUST_781,1,0.07293409166945466,0.8625511239424924,0,21,3,0,0,1,0,2025-08-21 00:45:53,0
TXN_204950,CUST_432,1,0.4352626296420207,0.014880494937501744,16,21,3,0,0,1,0,2025-08-21 16:47:49,0
TXN_204951,CUST_496,0,0.8972900635664102,0.022836576249562018,17,23,5,0,0,0,1,2025-08-23 17:41:45,0
TXN_204952,CUST_372,0,0.24723987955838073,0.08188643688874345,23,12,1,1,0,0,0,2025-08-12 23:20:15,0
TXN_204953,CUST_423,1,0.8280361324857812,0.01174002855586213,4,13,2,0,1,0,0,2025-08-13 04:40:56,0
TXN_204954,CUST_213,1,0.5075276012044162,0.03497178598707813,17,18,0,0,1,0,0,2025-08-18 17:54:42,0
TXN_204955,CUST_579,1,0.5744396119103379,0.021609066561415577,19,6,2,0,0,0,1,2025-08-06 19:59:31,0
TXN_204956,CUST_744,0,0.024088323854131816,0.0268128683162928,7,6,2,0,0,0,1,2025-08-06 07:24:59,0
TXN_204957,CUST_438,0,0.18969555035128804,0.01412160718158215,8,24,6,0,1,0,0,2025-08-24 08:15:08,0
TXN_204958,CUST_358,1,0.13817330210772832,0.010327168401984173,2,9,5,1,0,0,0,2025-08-09 02:16:58,0
TXN_204959,CUST_265,0,0.8360655737704917,0.020535432731612277,3,5,1,0,1,0,0,2025-08-05 03:15:07,0
TXN_204960,CUST_235,1,0.28404148544663765,0.012645797812927451,14,13,2,0,1,0,0,2025-08-13 14:22:20,0
TXN_204961,CUST_702,1,0.7420541987286717,0.033901649335873536,1,24,6,0,0,0,1,2025-08-24 01:59:01,0
TXN_204962,CUST_208,1,0.9832719973235196,1.0,13,4,0,0,0,1,0,2025-08-04 13:58:16,0
TXN_204963,CUST_373,1,0.7530946804951488,0.010547490653702765,2,22,4,0,1,0,0,2025-08-22 02:02:52,0
TXN_204964,CUST_105,1,0.3633322181331549,0.8375183195329419,4,18,0,0,0,0,1,2025-08-18 04:28:54,0
TXN_204965,CUST_421,1,0.2924054867848779,0.09781258822725883,22,7,3,0,1,0,0,2025-08-07 22:01:51,0
TXN_204966,CUST_362,1,0.18634994981599196,0.011554678090130614,8,19,1,0,0,0,1,2025-08-19 08:14:19,0
TXN_204967,CUST_427,1,0.6918701906992305,0.019416335580025777,16,1,4,0,1,0,0,2025-08-01 16:13:58,0
TXN_204968,CUST_281,1,0.6647708263633322,0.049656438923052236,3,20,2,0,1,0,0,2025-08-20 03:58:37,0
TXN_204969,CUST_474,1,0.6269655403144865,0.5624442396729802,0,20,2,0,1,0,0,2025-08-20 00:28:19,0
TXN_204970,CUST_669,0,0.27567748410839743,0.7511519968592537,17,3,6,0,0,0,1,2025-08-03 17:16:23,0
TXN_204971,CUST_453,0,0.9839411174305788,0.010463558367333776,12,17,6,0,0,0,1,2025-08-17 12:56:27,0
TXN_204972,CUST_217,1,0.5684175309468049,0.013401188390248338,19,7,3,0,0,0,1,2025-08-07 19:24:33,0
TXN_204973,CUST_157,0,0.7818668450986952,0.38690335991084146,11,21,3,0,0,0,1,2025-08-21 11:49:22,1
TXN_204974,CUST_472,1,0.9514887922382067,0.8324159359574272,0,25,0,0,1,0,0,2025-08-25 00:15:43,0
TXN_204975,CUST_725,1,0.907661425225828,0.011988328236370381,1,20,2,0,0,0,1,2025-08-20 01:21:24,0
TXN_204976,CUST_711,1,0.9625292740046838,0.005000965396152172,7,22,4,1,0,0,0,2025-08-22 07:15:57,0
TXN_204977,CUST_351,1,0.7591167614586818,0.141485354567922,6,22,4,0,0,0,1,2025-08-22 06:29:45,0
TXN_204978,CUST_782,1,0.3693542990966878,0.09906108098699752,3,15,4,0,1,0,0,2025-08-15 03:19:30,0
TXN_204979,CUST_119,1,0.7346938775510203,0.9786749393125854,4,3,6,0,1,0,0,2025-08-03 04:45:27,1
TXN_204980,CUST_111,1,0.9474740715958514,0.007190199198943263,9,18,0,0,0,1,0,2025-08-18 09:00:52,0
TXN_204981,CUST_290,0,0.8143191702910673,0.02329820382459145,1,13,2,0,0,0,1,2025-08-13 01:54:09,0
TXN_204982,CUST_664,0,0.024757443961191034,0.0227841185705814,4,7,3,0,1,0,0,2025-08-07 04:04:06,0
TXN_204983,CUST_740,1,0.8645031783205085,0.2983303175413687,18,3,6,0,0,0,1,2025-08-03 18:01:19,0
TXN_204984,CUST_267,1,0.7975911676145868,0.012040785915350998,21,11,0,0,0,0,1,2025-08-11 21:20:53,0
TXN_204985,CUST_493,1,0.12679826028772165,0.02086766469848952,9,4,0,1,0,0,0,2025-08-04 09:18:57,0
TXN_204986,CUST_235,1,0.2117765138842422,0.43312207227136396,8,22,4,0,0,1,0,2025-08-22 08:22:30,0
TXN_204987,CUST_498,1,0.5720976915356306,0.05310815419997685,11,12,1,0,0,0,1,2025-08-12 11:50:35,1
TXN_204988,CUST_782,1,0.03278688524590164,0.018500074787164332,20,9,5,0,0,0,1,2025-08-09 20:32:23,0
TXN_204989,CUST_189,0,0.4563399130143861,0.7785384024657347,1,15,4,0,1,0,0,2025-08-15 01:00:23,0
TXN_204990,CUST_224,1,0.37604550016728,0.08201932967549434,19,23,5,0,0,0,1,2025-08-23 19:48:01,0
TXN_204991,CUST_540,1,0.48711943793911006,0.41052680134511277,0,8,4,0,0,0,1,2025-08-08 00:54:25,0
TXN_204992,CUST_115,1,0.3583138173302108,0.03502074648746004,1,4,0,0,0,1,0,2025-08-04 01:23:07,0
TXN_204993,CUST_550,0,0.8139846102375377,0.02203572235045793,5,17,6,0,0,0,1,2025-08-17 05:00:01,0
TXN_204994,CUST_300,1,0.8601538976246236,0.18780198792920827,22,7,3,0,1,0,0,2025-08-07 22:28:26,0
TXN_204995,CUST_524,1,0.017731682837069253,0.014876997758903037,23,1,4,1,0,0,0,2025-08-01 23:36:52,0
TXN_204996,CUST_776,1,0.17798594847775176,0.0744304521162984,0,17,6,0,0,1,0,2025-08-17 00:14:10,0
TXN_204997,CUST_347,1,0.15824690531950483,0.02270718064140983,12,25,0,0,1,0,0,2025-08-25 12:58:46,0
TXN_204998,CUST_452,1,0.9488123118099698,0.02360245836267903,10,10,6,0,1,0,0,2025-08-10 10:20:19,0
TXN_204999,CUST_641,0,0.9230511876881901,0.010400609152557035,9,6,2,0,1,0,0,2025-08-06 09:18:59,0
